ISO-10303-21;
HEADER;
FILE_DESCRIPTION(('KiCad electronic assembly'),'2;1');
FILE_NAME('.step','2026-05-26T15:15:53',('Pcbnew'),('Kicad'),
  'Open CASCADE STEP processor 7.9','KiCad to STEP converter','Unknown'
  );
FILE_SCHEMA(('AUTOMOTIVE_DESIGN { 1 0 10303 214 1 1 1 1 }'));
ENDSEC;
DATA;
#1 = APPLICATION_PROTOCOL_DEFINITION('international standard',
  'automotive_design',2000,#2);
#2 = APPLICATION_CONTEXT(
  'core data for automotive mechanical design processes');
#3 = SHAPE_DEFINITION_REPRESENTATION(#4,#10);
#4 = PRODUCT_DEFINITION_SHAPE('','',#5);
#5 = PRODUCT_DEFINITION('design','',#6,#9);
#6 = PRODUCT_DEFINITION_FORMATION('','',#7);
#7 = PRODUCT('.step 1','.step 1','',(#8));
#8 = PRODUCT_CONTEXT('',#2,'mechanical');
#9 = PRODUCT_DEFINITION_CONTEXT('part definition',#2,'design');
#10 = SHAPE_REPRESENTATION('',(#11,#15,#19,#23,#27,#31,#35,#39,#43,#47,
    #51,#55,#59,#63,#67,#71,#75,#79,#83,#87,#91,#95,#99,#103),#107);
#11 = AXIS2_PLACEMENT_3D('',#12,#13,#14);
#12 = CARTESIAN_POINT('',(0.,0.,0.));
#13 = DIRECTION('',(0.,0.,1.));
#14 = DIRECTION('',(1.,0.,-0.));
#15 = AXIS2_PLACEMENT_3D('',#16,#17,#18);
#16 = CARTESIAN_POINT('',(96.,-66.,1.595));
#17 = DIRECTION('',(0.,0.,1.));
#18 = DIRECTION('',(1.,0.,0.));
#19 = AXIS2_PLACEMENT_3D('',#20,#21,#22);
#20 = CARTESIAN_POINT('',(95.957335,-90.784,1.595));
#21 = DIRECTION('',(0.,-0.,1.));
#22 = DIRECTION('',(1.110223024625E-16,1.,0.));
#23 = AXIS2_PLACEMENT_3D('',#24,#25,#26);
#24 = CARTESIAN_POINT('',(92.742335,-80.819,1.595));
#25 = DIRECTION('',(0.,0.,1.));
#26 = DIRECTION('',(1.,0.,0.));
#27 = AXIS2_PLACEMENT_3D('',#28,#29,#30);
#28 = CARTESIAN_POINT('',(101.4625,-66.,1.595));
#29 = DIRECTION('',(0.,0.,1.));
#30 = DIRECTION('',(1.,0.,0.));
#31 = AXIS2_PLACEMENT_3D('',#32,#33,#34);
#32 = CARTESIAN_POINT('',(101.,-69.,1.595));
#33 = DIRECTION('',(0.,0.,1.));
#34 = DIRECTION('',(-1.,1.224646799147E-16,0.));
#35 = AXIS2_PLACEMENT_3D('',#36,#37,#38);
#36 = CARTESIAN_POINT('',(107.,-70.,1.595));
#37 = DIRECTION('',(0.,0.,1.));
#38 = DIRECTION('',(1.,0.,0.));
#39 = AXIS2_PLACEMENT_3D('',#40,#41,#42);
#40 = CARTESIAN_POINT('',(85.,-70.,1.595));
#41 = DIRECTION('',(-0.,0.,1.));
#42 = DIRECTION('',(1.110223024625E-16,-1.,0.));
#43 = AXIS2_PLACEMENT_3D('',#44,#45,#46);
#44 = CARTESIAN_POINT('',(104.807335,-80.184,1.595));
#45 = DIRECTION('',(0.,-0.,1.));
#46 = DIRECTION('',(1.110223024625E-16,1.,0.));
#47 = AXIS2_PLACEMENT_3D('',#48,#49,#50);
#48 = CARTESIAN_POINT('',(85.,-75.,1.595));
#49 = DIRECTION('',(-0.,0.,1.));
#50 = DIRECTION('',(1.110223024625E-16,-1.,0.));
#51 = AXIS2_PLACEMENT_3D('',#52,#53,#54);
#52 = CARTESIAN_POINT('',(91.887335,-70.894,1.595));
#53 = DIRECTION('',(-0.,0.,1.));
#54 = DIRECTION('',(1.110223024625E-16,-1.,0.));
#55 = AXIS2_PLACEMENT_3D('',#56,#57,#58);
#56 = CARTESIAN_POINT('',(95.364835,-70.894,1.595));
#57 = DIRECTION('',(0.,0.,1.));
#58 = DIRECTION('',(1.,0.,0.));
#59 = AXIS2_PLACEMENT_3D('',#60,#61,#62);
#60 = CARTESIAN_POINT('',(97.187335,-80.184,1.595));
#61 = DIRECTION('',(-0.,0.,1.));
#62 = DIRECTION('',(1.110223024625E-16,-1.,0.));
#63 = AXIS2_PLACEMENT_3D('',#64,#65,#66);
#64 = CARTESIAN_POINT('',(87.662335,-80.819,1.595));
#65 = DIRECTION('',(0.,0.,1.));
#66 = DIRECTION('',(1.,0.,0.));
#67 = AXIS2_PLACEMENT_3D('',#68,#69,#70);
#68 = CARTESIAN_POINT('',(146.,-78.5375,1.595));
#69 = DIRECTION('',(-0.,0.,1.));
#70 = DIRECTION('',(1.110223024625E-16,-1.,0.));
#71 = AXIS2_PLACEMENT_3D('',#72,#73,#74);
#72 = CARTESIAN_POINT('',(94.427335,-74.704,1.595));
#73 = DIRECTION('',(0.,0.,1.));
#74 = DIRECTION('',(-1.,1.224646799147E-16,0.));
#75 = AXIS2_PLACEMENT_3D('',#76,#77,#78);
#76 = CARTESIAN_POINT('',(103.,-85.134,1.595));
#77 = DIRECTION('',(-0.,0.,1.));
#78 = DIRECTION('',(1.110223024625E-16,-1.,0.));
#79 = AXIS2_PLACEMENT_3D('',#80,#81,#82);
#80 = CARTESIAN_POINT('',(157.785,-82.22,1.595));
#81 = DIRECTION('',(-0.,0.,1.));
#82 = DIRECTION('',(1.110223024625E-16,-1.,0.));
#83 = AXIS2_PLACEMENT_3D('',#84,#85,#86);
#84 = CARTESIAN_POINT('',(107.,-87.,1.595));
#85 = DIRECTION('',(0.,0.,1.));
#86 = DIRECTION('',(1.,0.,0.));
#87 = AXIS2_PLACEMENT_3D('',#88,#89,#90);
#88 = CARTESIAN_POINT('',(100.997335,-80.819,1.595));
#89 = DIRECTION('',(0.,0.,1.));
#90 = DIRECTION('',(-1.,1.224646799147E-16,0.));
#91 = AXIS2_PLACEMENT_3D('',#92,#93,#94);
#92 = CARTESIAN_POINT('',(92.522335,-77.244,1.595));
#93 = DIRECTION('',(0.,0.,1.));
#94 = DIRECTION('',(1.,0.,0.));
#95 = AXIS2_PLACEMENT_3D('',#96,#97,#98);
#96 = CARTESIAN_POINT('',(89.014835,-75.024,1.595));
#97 = DIRECTION('',(0.,0.,1.));
#98 = DIRECTION('',(1.,0.,0.));
#99 = AXIS2_PLACEMENT_3D('',#100,#101,#102);
#100 = CARTESIAN_POINT('',(95.957335,-87.284,1.595));
#101 = DIRECTION('',(-0.,0.,1.));
#102 = DIRECTION('',(1.110223024625E-16,-1.,0.));
#103 = AXIS2_PLACEMENT_3D('',#104,#105,#106);
#104 = CARTESIAN_POINT('',(0.,0.,0.));
#105 = DIRECTION('',(0.,0.,1.));
#106 = DIRECTION('',(1.,0.,-0.));
#107 = ( GEOMETRIC_REPRESENTATION_CONTEXT(3) 
GLOBAL_UNCERTAINTY_ASSIGNED_CONTEXT((#111)) GLOBAL_UNIT_ASSIGNED_CONTEXT
((#108,#109,#110)) REPRESENTATION_CONTEXT('Context #1',
  '3D Context with UNIT and UNCERTAINTY') );
#108 = ( LENGTH_UNIT() NAMED_UNIT(*) SI_UNIT(.MILLI.,.METRE.) );
#109 = ( NAMED_UNIT(*) PLANE_ANGLE_UNIT() SI_UNIT($,.RADIAN.) );
#110 = ( NAMED_UNIT(*) SI_UNIT($,.STERADIAN.) SOLID_ANGLE_UNIT() );
#111 = UNCERTAINTY_MEASURE_WITH_UNIT(LENGTH_MEASURE(1.E-07),#108,
  'distance_accuracy_value','confusion accuracy');
#112 = PRODUCT_RELATED_PRODUCT_CATEGORY('part',$,(#7));
#113 = SHAPE_DEFINITION_REPRESENTATION(#114,#120);
#114 = PRODUCT_DEFINITION_SHAPE('','',#115);
#115 = PRODUCT_DEFINITION('design','',#116,#119);
#116 = PRODUCT_DEFINITION_FORMATION('','',#117);
#117 = PRODUCT('R_1206_3216Metric','R_1206_3216Metric','',(#118));
#118 = PRODUCT_CONTEXT('',#2,'mechanical');
#119 = PRODUCT_DEFINITION_CONTEXT('part definition',#2,'design');
#120 = SHAPE_REPRESENTATION('',(#11,#121),#125);
#121 = AXIS2_PLACEMENT_3D('',#122,#123,#124);
#122 = CARTESIAN_POINT('',(0.,0.,0.));
#123 = DIRECTION('',(0.,0.,1.));
#124 = DIRECTION('',(1.,0.,-0.));
#125 = ( GEOMETRIC_REPRESENTATION_CONTEXT(3) 
GLOBAL_UNCERTAINTY_ASSIGNED_CONTEXT((#129)) GLOBAL_UNIT_ASSIGNED_CONTEXT
((#126,#127,#128)) REPRESENTATION_CONTEXT('Context #1',
  '3D Context with UNIT and UNCERTAINTY') );
#126 = ( LENGTH_UNIT() NAMED_UNIT(*) SI_UNIT(.MILLI.,.METRE.) );
#127 = ( NAMED_UNIT(*) PLANE_ANGLE_UNIT() SI_UNIT($,.RADIAN.) );
#128 = ( NAMED_UNIT(*) SI_UNIT($,.STERADIAN.) SOLID_ANGLE_UNIT() );
#129 = UNCERTAINTY_MEASURE_WITH_UNIT(LENGTH_MEASURE(1.E-07),#126,
  'distance_accuracy_value','confusion accuracy');
#130 = CONTEXT_DEPENDENT_SHAPE_REPRESENTATION(#131,#133);
#131 = ( REPRESENTATION_RELATIONSHIP('','',#120,#10) 
REPRESENTATION_RELATIONSHIP_WITH_TRANSFORMATION(#132) 
SHAPE_REPRESENTATION_RELATIONSHIP() );
#132 = ITEM_DEFINED_TRANSFORMATION('','',#11,#15);
#133 = PRODUCT_DEFINITION_SHAPE('Placement','Placement of an item',#134
  );
#134 = NEXT_ASSEMBLY_USAGE_OCCURRENCE('2','R5','',#5,#115,$);
#135 = PRODUCT_RELATED_PRODUCT_CATEGORY('part',$,(#117));
#136 = SHAPE_DEFINITION_REPRESENTATION(#137,#143);
#137 = PRODUCT_DEFINITION_SHAPE('','',#138);
#138 = PRODUCT_DEFINITION('design','',#139,#142);
#139 = PRODUCT_DEFINITION_FORMATION('','',#140);
#140 = PRODUCT('R_1206_3216Metric','R_1206_3216Metric','',(#141));
#141 = PRODUCT_CONTEXT('',#2,'mechanical');
#142 = PRODUCT_DEFINITION_CONTEXT('part definition',#2,'design');
#143 = ADVANCED_BREP_SHAPE_REPRESENTATION('',(#11,#144),#934);
#144 = MANIFOLD_SOLID_BREP('',#145);
#145 = CLOSED_SHELL('',(#146,#186,#269,#294,#319,#386,#403,#420,#469,
    #486,#503,#552,#569,#638,#669,#693,#762,#786,#803,#820,#837,#854,
    #871,#888,#905,#922));
#146 = ADVANCED_FACE('',(#147),#181,.F.);
#147 = FACE_BOUND('',#148,.F.);
#148 = EDGE_LOOP('',(#149,#159,#167,#175));
#149 = ORIENTED_EDGE('',*,*,#150,.F.);
#150 = EDGE_CURVE('',#151,#153,#155,.T.);
#151 = VERTEX_POINT('',#152);
#152 = CARTESIAN_POINT('',(-1.6,-0.8,5.5E-02));
#153 = VERTEX_POINT('',#154);
#154 = CARTESIAN_POINT('',(-1.6,-0.8,0.495));
#155 = LINE('',#156,#157);
#156 = CARTESIAN_POINT('',(-1.6,-0.8,0.));
#157 = VECTOR('',#158,1.);
#158 = DIRECTION('',(0.,0.,1.));
#159 = ORIENTED_EDGE('',*,*,#160,.T.);
#160 = EDGE_CURVE('',#151,#161,#163,.T.);
#161 = VERTEX_POINT('',#162);
#162 = CARTESIAN_POINT('',(-1.6,0.8,5.5E-02));
#163 = LINE('',#164,#165);
#164 = CARTESIAN_POINT('',(-1.6,-0.8,5.5E-02));
#165 = VECTOR('',#166,1.);
#166 = DIRECTION('',(0.,1.,0.));
#167 = ORIENTED_EDGE('',*,*,#168,.T.);
#168 = EDGE_CURVE('',#161,#169,#171,.T.);
#169 = VERTEX_POINT('',#170);
#170 = CARTESIAN_POINT('',(-1.6,0.8,0.495));
#171 = LINE('',#172,#173);
#172 = CARTESIAN_POINT('',(-1.6,0.8,0.));
#173 = VECTOR('',#174,1.);
#174 = DIRECTION('',(0.,0.,1.));
#175 = ORIENTED_EDGE('',*,*,#176,.F.);
#176 = EDGE_CURVE('',#153,#169,#177,.T.);
#177 = LINE('',#178,#179);
#178 = CARTESIAN_POINT('',(-1.6,-0.8,0.495));
#179 = VECTOR('',#180,1.);
#180 = DIRECTION('',(0.,1.,0.));
#181 = PLANE('',#182);
#182 = AXIS2_PLACEMENT_3D('',#183,#184,#185);
#183 = CARTESIAN_POINT('',(-1.6,-0.8,0.));
#184 = DIRECTION('',(1.,0.,0.));
#185 = DIRECTION('',(0.,0.,1.));
#186 = ADVANCED_FACE('',(#187),#264,.F.);
#187 = FACE_BOUND('',#188,.F.);
#188 = EDGE_LOOP('',(#189,#199,#206,#207,#216,#224,#233,#241,#249,#257)
  );
#189 = ORIENTED_EDGE('',*,*,#190,.F.);
#190 = EDGE_CURVE('',#191,#193,#195,.T.);
#191 = VERTEX_POINT('',#192);
#192 = CARTESIAN_POINT('',(-1.545,-0.8,0.));
#193 = VERTEX_POINT('',#194);
#194 = CARTESIAN_POINT('',(-1.255,-0.8,0.));
#195 = LINE('',#196,#197);
#196 = CARTESIAN_POINT('',(-1.6,-0.8,0.));
#197 = VECTOR('',#198,1.);
#198 = DIRECTION('',(1.,0.,0.));
#199 = ORIENTED_EDGE('',*,*,#200,.F.);
#200 = EDGE_CURVE('',#151,#191,#201,.T.);
#201 = CIRCLE('',#202,5.5E-02);
#202 = AXIS2_PLACEMENT_3D('',#203,#204,#205);
#203 = CARTESIAN_POINT('',(-1.545,-0.8,5.5E-02));
#204 = DIRECTION('',(0.,-1.,0.));
#205 = DIRECTION('',(0.,0.,1.));
#206 = ORIENTED_EDGE('',*,*,#150,.T.);
#207 = ORIENTED_EDGE('',*,*,#208,.T.);
#208 = EDGE_CURVE('',#153,#209,#211,.T.);
#209 = VERTEX_POINT('',#210);
#210 = CARTESIAN_POINT('',(-1.545,-0.8,0.55));
#211 = CIRCLE('',#212,5.5E-02);
#212 = AXIS2_PLACEMENT_3D('',#213,#214,#215);
#213 = CARTESIAN_POINT('',(-1.545,-0.8,0.495));
#214 = DIRECTION('',(0.,1.,0.));
#215 = DIRECTION('',(0.,-0.,1.));
#216 = ORIENTED_EDGE('',*,*,#217,.T.);
#217 = EDGE_CURVE('',#209,#218,#220,.T.);
#218 = VERTEX_POINT('',#219);
#219 = CARTESIAN_POINT('',(-1.255,-0.8,0.55));
#220 = LINE('',#221,#222);
#221 = CARTESIAN_POINT('',(-1.6,-0.8,0.55));
#222 = VECTOR('',#223,1.);
#223 = DIRECTION('',(1.,0.,0.));
#224 = ORIENTED_EDGE('',*,*,#225,.F.);
#225 = EDGE_CURVE('',#226,#218,#228,.T.);
#226 = VERTEX_POINT('',#227);
#227 = CARTESIAN_POINT('',(-1.2,-0.8,0.495));
#228 = CIRCLE('',#229,5.5E-02);
#229 = AXIS2_PLACEMENT_3D('',#230,#231,#232);
#230 = CARTESIAN_POINT('',(-1.255,-0.8,0.495));
#231 = DIRECTION('',(0.,-1.,0.));
#232 = DIRECTION('',(0.,0.,1.));
#233 = ORIENTED_EDGE('',*,*,#234,.F.);
#234 = EDGE_CURVE('',#235,#226,#237,.T.);
#235 = VERTEX_POINT('',#236);
#236 = CARTESIAN_POINT('',(-1.545,-0.8,0.495));
#237 = LINE('',#238,#239);
#238 = CARTESIAN_POINT('',(-1.545,-0.8,0.495));
#239 = VECTOR('',#240,1.);
#240 = DIRECTION('',(1.,0.,0.));
#241 = ORIENTED_EDGE('',*,*,#242,.F.);
#242 = EDGE_CURVE('',#243,#235,#245,.T.);
#243 = VERTEX_POINT('',#244);
#244 = CARTESIAN_POINT('',(-1.545,-0.8,5.5E-02));
#245 = LINE('',#246,#247);
#246 = CARTESIAN_POINT('',(-1.545,-0.8,5.5E-02));
#247 = VECTOR('',#248,1.);
#248 = DIRECTION('',(0.,0.,1.));
#249 = ORIENTED_EDGE('',*,*,#250,.T.);
#250 = EDGE_CURVE('',#243,#251,#253,.T.);
#251 = VERTEX_POINT('',#252);
#252 = CARTESIAN_POINT('',(-1.2,-0.8,5.5E-02));
#253 = LINE('',#254,#255);
#254 = CARTESIAN_POINT('',(-1.545,-0.8,5.5E-02));
#255 = VECTOR('',#256,1.);
#256 = DIRECTION('',(1.,0.,0.));
#257 = ORIENTED_EDGE('',*,*,#258,.T.);
#258 = EDGE_CURVE('',#251,#193,#259,.T.);
#259 = CIRCLE('',#260,5.5E-02);
#260 = AXIS2_PLACEMENT_3D('',#261,#262,#263);
#261 = CARTESIAN_POINT('',(-1.255,-0.8,5.5E-02));
#262 = DIRECTION('',(0.,1.,0.));
#263 = DIRECTION('',(0.,-0.,1.));
#264 = PLANE('',#265);
#265 = AXIS2_PLACEMENT_3D('',#266,#267,#268);
#266 = CARTESIAN_POINT('',(-1.6,-0.8,0.));
#267 = DIRECTION('',(0.,1.,0.));
#268 = DIRECTION('',(0.,-0.,1.));
#269 = ADVANCED_FACE('',(#270),#289,.T.);
#270 = FACE_BOUND('',#271,.T.);
#271 = EDGE_LOOP('',(#272,#273,#282,#288));
#272 = ORIENTED_EDGE('',*,*,#160,.T.);
#273 = ORIENTED_EDGE('',*,*,#274,.T.);
#274 = EDGE_CURVE('',#161,#275,#277,.T.);
#275 = VERTEX_POINT('',#276);
#276 = CARTESIAN_POINT('',(-1.545,0.8,0.));
#277 = CIRCLE('',#278,5.5E-02);
#278 = AXIS2_PLACEMENT_3D('',#279,#280,#281);
#279 = CARTESIAN_POINT('',(-1.545,0.8,5.5E-02));
#280 = DIRECTION('',(0.,-1.,0.));
#281 = DIRECTION('',(0.,0.,1.));
#282 = ORIENTED_EDGE('',*,*,#283,.F.);
#283 = EDGE_CURVE('',#191,#275,#284,.T.);
#284 = LINE('',#285,#286);
#285 = CARTESIAN_POINT('',(-1.545,-0.8,0.));
#286 = VECTOR('',#287,1.);
#287 = DIRECTION('',(0.,1.,0.));
#288 = ORIENTED_EDGE('',*,*,#200,.F.);
#289 = CYLINDRICAL_SURFACE('',#290,5.5E-02);
#290 = AXIS2_PLACEMENT_3D('',#291,#292,#293);
#291 = CARTESIAN_POINT('',(-1.545,-0.8,5.5E-02));
#292 = DIRECTION('',(0.,1.,0.));
#293 = DIRECTION('',(-1.,0.,0.));
#294 = ADVANCED_FACE('',(#295),#314,.T.);
#295 = FACE_BOUND('',#296,.T.);
#296 = EDGE_LOOP('',(#297,#298,#306,#313));
#297 = ORIENTED_EDGE('',*,*,#208,.T.);
#298 = ORIENTED_EDGE('',*,*,#299,.T.);
#299 = EDGE_CURVE('',#209,#300,#302,.T.);
#300 = VERTEX_POINT('',#301);
#301 = CARTESIAN_POINT('',(-1.545,0.8,0.55));
#302 = LINE('',#303,#304);
#303 = CARTESIAN_POINT('',(-1.545,-0.8,0.55));
#304 = VECTOR('',#305,1.);
#305 = DIRECTION('',(0.,1.,0.));
#306 = ORIENTED_EDGE('',*,*,#307,.F.);
#307 = EDGE_CURVE('',#169,#300,#308,.T.);
#308 = CIRCLE('',#309,5.5E-02);
#309 = AXIS2_PLACEMENT_3D('',#310,#311,#312);
#310 = CARTESIAN_POINT('',(-1.545,0.8,0.495));
#311 = DIRECTION('',(0.,1.,0.));
#312 = DIRECTION('',(0.,-0.,1.));
#313 = ORIENTED_EDGE('',*,*,#176,.F.);
#314 = CYLINDRICAL_SURFACE('',#315,5.5E-02);
#315 = AXIS2_PLACEMENT_3D('',#316,#317,#318);
#316 = CARTESIAN_POINT('',(-1.545,-0.8,0.495));
#317 = DIRECTION('',(0.,1.,0.));
#318 = DIRECTION('',(-1.,0.,0.));
#319 = ADVANCED_FACE('',(#320),#381,.T.);
#320 = FACE_BOUND('',#321,.T.);
#321 = EDGE_LOOP('',(#322,#330,#331,#332,#333,#341,#350,#358,#366,#374)
  );
#322 = ORIENTED_EDGE('',*,*,#323,.F.);
#323 = EDGE_CURVE('',#275,#324,#326,.T.);
#324 = VERTEX_POINT('',#325);
#325 = CARTESIAN_POINT('',(-1.255,0.8,0.));
#326 = LINE('',#327,#328);
#327 = CARTESIAN_POINT('',(-1.6,0.8,0.));
#328 = VECTOR('',#329,1.);
#329 = DIRECTION('',(1.,0.,0.));
#330 = ORIENTED_EDGE('',*,*,#274,.F.);
#331 = ORIENTED_EDGE('',*,*,#168,.T.);
#332 = ORIENTED_EDGE('',*,*,#307,.T.);
#333 = ORIENTED_EDGE('',*,*,#334,.T.);
#334 = EDGE_CURVE('',#300,#335,#337,.T.);
#335 = VERTEX_POINT('',#336);
#336 = CARTESIAN_POINT('',(-1.255,0.8,0.55));
#337 = LINE('',#338,#339);
#338 = CARTESIAN_POINT('',(-1.6,0.8,0.55));
#339 = VECTOR('',#340,1.);
#340 = DIRECTION('',(1.,0.,0.));
#341 = ORIENTED_EDGE('',*,*,#342,.F.);
#342 = EDGE_CURVE('',#343,#335,#345,.T.);
#343 = VERTEX_POINT('',#344);
#344 = CARTESIAN_POINT('',(-1.2,0.8,0.495));
#345 = CIRCLE('',#346,5.5E-02);
#346 = AXIS2_PLACEMENT_3D('',#347,#348,#349);
#347 = CARTESIAN_POINT('',(-1.255,0.8,0.495));
#348 = DIRECTION('',(0.,-1.,0.));
#349 = DIRECTION('',(0.,0.,1.));
#350 = ORIENTED_EDGE('',*,*,#351,.F.);
#351 = EDGE_CURVE('',#352,#343,#354,.T.);
#352 = VERTEX_POINT('',#353);
#353 = CARTESIAN_POINT('',(-1.545,0.8,0.495));
#354 = LINE('',#355,#356);
#355 = CARTESIAN_POINT('',(-1.545,0.8,0.495));
#356 = VECTOR('',#357,1.);
#357 = DIRECTION('',(1.,0.,0.));
#358 = ORIENTED_EDGE('',*,*,#359,.F.);
#359 = EDGE_CURVE('',#360,#352,#362,.T.);
#360 = VERTEX_POINT('',#361);
#361 = CARTESIAN_POINT('',(-1.545,0.8,5.5E-02));
#362 = LINE('',#363,#364);
#363 = CARTESIAN_POINT('',(-1.545,0.8,5.5E-02));
#364 = VECTOR('',#365,1.);
#365 = DIRECTION('',(0.,0.,1.));
#366 = ORIENTED_EDGE('',*,*,#367,.T.);
#367 = EDGE_CURVE('',#360,#368,#370,.T.);
#368 = VERTEX_POINT('',#369);
#369 = CARTESIAN_POINT('',(-1.2,0.8,5.5E-02));
#370 = LINE('',#371,#372);
#371 = CARTESIAN_POINT('',(-1.545,0.8,5.5E-02));
#372 = VECTOR('',#373,1.);
#373 = DIRECTION('',(1.,0.,0.));
#374 = ORIENTED_EDGE('',*,*,#375,.T.);
#375 = EDGE_CURVE('',#368,#324,#376,.T.);
#376 = CIRCLE('',#377,5.5E-02);
#377 = AXIS2_PLACEMENT_3D('',#378,#379,#380);
#378 = CARTESIAN_POINT('',(-1.255,0.8,5.5E-02));
#379 = DIRECTION('',(0.,1.,0.));
#380 = DIRECTION('',(0.,-0.,1.));
#381 = PLANE('',#382);
#382 = AXIS2_PLACEMENT_3D('',#383,#384,#385);
#383 = CARTESIAN_POINT('',(-1.6,0.8,0.));
#384 = DIRECTION('',(0.,1.,0.));
#385 = DIRECTION('',(0.,-0.,1.));
#386 = ADVANCED_FACE('',(#387),#398,.F.);
#387 = FACE_BOUND('',#388,.F.);
#388 = EDGE_LOOP('',(#389,#390,#391,#392));
#389 = ORIENTED_EDGE('',*,*,#323,.F.);
#390 = ORIENTED_EDGE('',*,*,#283,.F.);
#391 = ORIENTED_EDGE('',*,*,#190,.T.);
#392 = ORIENTED_EDGE('',*,*,#393,.T.);
#393 = EDGE_CURVE('',#193,#324,#394,.T.);
#394 = LINE('',#395,#396);
#395 = CARTESIAN_POINT('',(-1.255,-0.8,0.));
#396 = VECTOR('',#397,1.);
#397 = DIRECTION('',(0.,1.,0.));
#398 = PLANE('',#399);
#399 = AXIS2_PLACEMENT_3D('',#400,#401,#402);
#400 = CARTESIAN_POINT('',(-1.6,-0.8,0.));
#401 = DIRECTION('',(0.,0.,1.));
#402 = DIRECTION('',(1.,0.,-0.));
#403 = ADVANCED_FACE('',(#404),#415,.T.);
#404 = FACE_BOUND('',#405,.T.);
#405 = EDGE_LOOP('',(#406,#407,#408,#409));
#406 = ORIENTED_EDGE('',*,*,#258,.T.);
#407 = ORIENTED_EDGE('',*,*,#393,.T.);
#408 = ORIENTED_EDGE('',*,*,#375,.F.);
#409 = ORIENTED_EDGE('',*,*,#410,.F.);
#410 = EDGE_CURVE('',#251,#368,#411,.T.);
#411 = LINE('',#412,#413);
#412 = CARTESIAN_POINT('',(-1.2,-0.8,5.5E-02));
#413 = VECTOR('',#414,1.);
#414 = DIRECTION('',(0.,1.,0.));
#415 = CYLINDRICAL_SURFACE('',#416,5.5E-02);
#416 = AXIS2_PLACEMENT_3D('',#417,#418,#419);
#417 = CARTESIAN_POINT('',(-1.255,-0.8,5.5E-02));
#418 = DIRECTION('',(0.,1.,0.));
#419 = DIRECTION('',(1.,0.,0.));
#420 = ADVANCED_FACE('',(#421),#464,.F.);
#421 = FACE_BOUND('',#422,.F.);
#422 = EDGE_LOOP('',(#423,#424,#425,#426,#434,#442,#450,#458));
#423 = ORIENTED_EDGE('',*,*,#250,.F.);
#424 = ORIENTED_EDGE('',*,*,#242,.T.);
#425 = ORIENTED_EDGE('',*,*,#234,.T.);
#426 = ORIENTED_EDGE('',*,*,#427,.T.);
#427 = EDGE_CURVE('',#226,#428,#430,.T.);
#428 = VERTEX_POINT('',#429);
#429 = CARTESIAN_POINT('',(1.2,-0.8,0.495));
#430 = LINE('',#431,#432);
#431 = CARTESIAN_POINT('',(-1.2,-0.8,0.495));
#432 = VECTOR('',#433,1.);
#433 = DIRECTION('',(1.,0.,0.));
#434 = ORIENTED_EDGE('',*,*,#435,.T.);
#435 = EDGE_CURVE('',#428,#436,#438,.T.);
#436 = VERTEX_POINT('',#437);
#437 = CARTESIAN_POINT('',(1.545,-0.8,0.495));
#438 = LINE('',#439,#440);
#439 = CARTESIAN_POINT('',(-1.545,-0.8,0.495));
#440 = VECTOR('',#441,1.);
#441 = DIRECTION('',(1.,0.,0.));
#442 = ORIENTED_EDGE('',*,*,#443,.F.);
#443 = EDGE_CURVE('',#444,#436,#446,.T.);
#444 = VERTEX_POINT('',#445);
#445 = CARTESIAN_POINT('',(1.545,-0.8,5.5E-02));
#446 = LINE('',#447,#448);
#447 = CARTESIAN_POINT('',(1.545,-0.8,5.5E-02));
#448 = VECTOR('',#449,1.);
#449 = DIRECTION('',(0.,0.,1.));
#450 = ORIENTED_EDGE('',*,*,#451,.F.);
#451 = EDGE_CURVE('',#452,#444,#454,.T.);
#452 = VERTEX_POINT('',#453);
#453 = CARTESIAN_POINT('',(1.2,-0.8,5.5E-02));
#454 = LINE('',#455,#456);
#455 = CARTESIAN_POINT('',(-1.545,-0.8,5.5E-02));
#456 = VECTOR('',#457,1.);
#457 = DIRECTION('',(1.,0.,0.));
#458 = ORIENTED_EDGE('',*,*,#459,.F.);
#459 = EDGE_CURVE('',#251,#452,#460,.T.);
#460 = LINE('',#461,#462);
#461 = CARTESIAN_POINT('',(-1.545,-0.8,5.5E-02));
#462 = VECTOR('',#463,1.);
#463 = DIRECTION('',(1.,0.,0.));
#464 = PLANE('',#465);
#465 = AXIS2_PLACEMENT_3D('',#466,#467,#468);
#466 = CARTESIAN_POINT('',(-1.545,-0.8,5.5E-02));
#467 = DIRECTION('',(0.,1.,0.));
#468 = DIRECTION('',(0.,-0.,1.));
#469 = ADVANCED_FACE('',(#470),#481,.T.);
#470 = FACE_BOUND('',#471,.T.);
#471 = EDGE_LOOP('',(#472,#473,#474,#475));
#472 = ORIENTED_EDGE('',*,*,#334,.F.);
#473 = ORIENTED_EDGE('',*,*,#299,.F.);
#474 = ORIENTED_EDGE('',*,*,#217,.T.);
#475 = ORIENTED_EDGE('',*,*,#476,.T.);
#476 = EDGE_CURVE('',#218,#335,#477,.T.);
#477 = LINE('',#478,#479);
#478 = CARTESIAN_POINT('',(-1.255,-0.8,0.55));
#479 = VECTOR('',#480,1.);
#480 = DIRECTION('',(0.,1.,0.));
#481 = PLANE('',#482);
#482 = AXIS2_PLACEMENT_3D('',#483,#484,#485);
#483 = CARTESIAN_POINT('',(-1.6,-0.8,0.55));
#484 = DIRECTION('',(0.,0.,1.));
#485 = DIRECTION('',(1.,0.,-0.));
#486 = ADVANCED_FACE('',(#487),#498,.T.);
#487 = FACE_BOUND('',#488,.T.);
#488 = EDGE_LOOP('',(#489,#495,#496,#497));
#489 = ORIENTED_EDGE('',*,*,#490,.T.);
#490 = EDGE_CURVE('',#226,#343,#491,.T.);
#491 = LINE('',#492,#493);
#492 = CARTESIAN_POINT('',(-1.2,-0.8,0.495));
#493 = VECTOR('',#494,1.);
#494 = DIRECTION('',(0.,1.,0.));
#495 = ORIENTED_EDGE('',*,*,#342,.T.);
#496 = ORIENTED_EDGE('',*,*,#476,.F.);
#497 = ORIENTED_EDGE('',*,*,#225,.F.);
#498 = CYLINDRICAL_SURFACE('',#499,5.5E-02);
#499 = AXIS2_PLACEMENT_3D('',#500,#501,#502);
#500 = CARTESIAN_POINT('',(-1.255,-0.8,0.495));
#501 = DIRECTION('',(0.,1.,0.));
#502 = DIRECTION('',(1.,0.,0.));
#503 = ADVANCED_FACE('',(#504),#547,.T.);
#504 = FACE_BOUND('',#505,.T.);
#505 = EDGE_LOOP('',(#506,#507,#508,#509,#517,#525,#533,#541));
#506 = ORIENTED_EDGE('',*,*,#367,.F.);
#507 = ORIENTED_EDGE('',*,*,#359,.T.);
#508 = ORIENTED_EDGE('',*,*,#351,.T.);
#509 = ORIENTED_EDGE('',*,*,#510,.T.);
#510 = EDGE_CURVE('',#343,#511,#513,.T.);
#511 = VERTEX_POINT('',#512);
#512 = CARTESIAN_POINT('',(1.2,0.8,0.495));
#513 = LINE('',#514,#515);
#514 = CARTESIAN_POINT('',(-1.2,0.8,0.495));
#515 = VECTOR('',#516,1.);
#516 = DIRECTION('',(1.,0.,0.));
#517 = ORIENTED_EDGE('',*,*,#518,.T.);
#518 = EDGE_CURVE('',#511,#519,#521,.T.);
#519 = VERTEX_POINT('',#520);
#520 = CARTESIAN_POINT('',(1.545,0.8,0.495));
#521 = LINE('',#522,#523);
#522 = CARTESIAN_POINT('',(-1.545,0.8,0.495));
#523 = VECTOR('',#524,1.);
#524 = DIRECTION('',(1.,0.,0.));
#525 = ORIENTED_EDGE('',*,*,#526,.F.);
#526 = EDGE_CURVE('',#527,#519,#529,.T.);
#527 = VERTEX_POINT('',#528);
#528 = CARTESIAN_POINT('',(1.545,0.8,5.5E-02));
#529 = LINE('',#530,#531);
#530 = CARTESIAN_POINT('',(1.545,0.8,5.5E-02));
#531 = VECTOR('',#532,1.);
#532 = DIRECTION('',(0.,0.,1.));
#533 = ORIENTED_EDGE('',*,*,#534,.F.);
#534 = EDGE_CURVE('',#535,#527,#537,.T.);
#535 = VERTEX_POINT('',#536);
#536 = CARTESIAN_POINT('',(1.2,0.8,5.5E-02));
#537 = LINE('',#538,#539);
#538 = CARTESIAN_POINT('',(-1.545,0.8,5.5E-02));
#539 = VECTOR('',#540,1.);
#540 = DIRECTION('',(1.,0.,0.));
#541 = ORIENTED_EDGE('',*,*,#542,.F.);
#542 = EDGE_CURVE('',#368,#535,#543,.T.);
#543 = LINE('',#544,#545);
#544 = CARTESIAN_POINT('',(-1.545,0.8,5.5E-02));
#545 = VECTOR('',#546,1.);
#546 = DIRECTION('',(1.,0.,0.));
#547 = PLANE('',#548);
#548 = AXIS2_PLACEMENT_3D('',#549,#550,#551);
#549 = CARTESIAN_POINT('',(-1.545,0.8,5.5E-02));
#550 = DIRECTION('',(0.,1.,0.));
#551 = DIRECTION('',(0.,-0.,1.));
#552 = ADVANCED_FACE('',(#553),#564,.F.);
#553 = FACE_BOUND('',#554,.F.);
#554 = EDGE_LOOP('',(#555,#556,#557,#563));
#555 = ORIENTED_EDGE('',*,*,#410,.F.);
#556 = ORIENTED_EDGE('',*,*,#459,.T.);
#557 = ORIENTED_EDGE('',*,*,#558,.T.);
#558 = EDGE_CURVE('',#452,#535,#559,.T.);
#559 = LINE('',#560,#561);
#560 = CARTESIAN_POINT('',(1.2,-0.8,5.5E-02));
#561 = VECTOR('',#562,1.);
#562 = DIRECTION('',(0.,1.,0.));
#563 = ORIENTED_EDGE('',*,*,#542,.F.);
#564 = PLANE('',#565);
#565 = AXIS2_PLACEMENT_3D('',#566,#567,#568);
#566 = CARTESIAN_POINT('',(-1.545,-0.8,5.5E-02));
#567 = DIRECTION('',(0.,0.,1.));
#568 = DIRECTION('',(1.,0.,-0.));
#569 = ADVANCED_FACE('',(#570),#633,.F.);
#570 = FACE_BOUND('',#571,.F.);
#571 = EDGE_LOOP('',(#572,#582,#589,#590,#591,#592,#601,#609,#618,#626)
  );
#572 = ORIENTED_EDGE('',*,*,#573,.F.);
#573 = EDGE_CURVE('',#574,#576,#578,.T.);
#574 = VERTEX_POINT('',#575);
#575 = CARTESIAN_POINT('',(1.255,-0.8,0.));
#576 = VERTEX_POINT('',#577);
#577 = CARTESIAN_POINT('',(1.545,-0.8,0.));
#578 = LINE('',#579,#580);
#579 = CARTESIAN_POINT('',(1.2,-0.8,0.));
#580 = VECTOR('',#581,1.);
#581 = DIRECTION('',(1.,0.,0.));
#582 = ORIENTED_EDGE('',*,*,#583,.F.);
#583 = EDGE_CURVE('',#452,#574,#584,.T.);
#584 = CIRCLE('',#585,5.5E-02);
#585 = AXIS2_PLACEMENT_3D('',#586,#587,#588);
#586 = CARTESIAN_POINT('',(1.255,-0.8,5.5E-02));
#587 = DIRECTION('',(0.,-1.,0.));
#588 = DIRECTION('',(0.,0.,1.));
#589 = ORIENTED_EDGE('',*,*,#451,.T.);
#590 = ORIENTED_EDGE('',*,*,#443,.T.);
#591 = ORIENTED_EDGE('',*,*,#435,.F.);
#592 = ORIENTED_EDGE('',*,*,#593,.T.);
#593 = EDGE_CURVE('',#428,#594,#596,.T.);
#594 = VERTEX_POINT('',#595);
#595 = CARTESIAN_POINT('',(1.255,-0.8,0.55));
#596 = CIRCLE('',#597,5.5E-02);
#597 = AXIS2_PLACEMENT_3D('',#598,#599,#600);
#598 = CARTESIAN_POINT('',(1.255,-0.8,0.495));
#599 = DIRECTION('',(0.,1.,0.));
#600 = DIRECTION('',(0.,-0.,1.));
#601 = ORIENTED_EDGE('',*,*,#602,.T.);
#602 = EDGE_CURVE('',#594,#603,#605,.T.);
#603 = VERTEX_POINT('',#604);
#604 = CARTESIAN_POINT('',(1.545,-0.8,0.55));
#605 = LINE('',#606,#607);
#606 = CARTESIAN_POINT('',(1.2,-0.8,0.55));
#607 = VECTOR('',#608,1.);
#608 = DIRECTION('',(1.,0.,0.));
#609 = ORIENTED_EDGE('',*,*,#610,.F.);
#610 = EDGE_CURVE('',#611,#603,#613,.T.);
#611 = VERTEX_POINT('',#612);
#612 = CARTESIAN_POINT('',(1.6,-0.8,0.495));
#613 = CIRCLE('',#614,5.5E-02);
#614 = AXIS2_PLACEMENT_3D('',#615,#616,#617);
#615 = CARTESIAN_POINT('',(1.545,-0.8,0.495));
#616 = DIRECTION('',(0.,-1.,0.));
#617 = DIRECTION('',(0.,0.,1.));
#618 = ORIENTED_EDGE('',*,*,#619,.F.);
#619 = EDGE_CURVE('',#620,#611,#622,.T.);
#620 = VERTEX_POINT('',#621);
#621 = CARTESIAN_POINT('',(1.6,-0.8,5.5E-02));
#622 = LINE('',#623,#624);
#623 = CARTESIAN_POINT('',(1.6,-0.8,0.));
#624 = VECTOR('',#625,1.);
#625 = DIRECTION('',(0.,0.,1.));
#626 = ORIENTED_EDGE('',*,*,#627,.T.);
#627 = EDGE_CURVE('',#620,#576,#628,.T.);
#628 = CIRCLE('',#629,5.5E-02);
#629 = AXIS2_PLACEMENT_3D('',#630,#631,#632);
#630 = CARTESIAN_POINT('',(1.545,-0.8,5.5E-02));
#631 = DIRECTION('',(0.,1.,0.));
#632 = DIRECTION('',(0.,-0.,1.));
#633 = PLANE('',#634);
#634 = AXIS2_PLACEMENT_3D('',#635,#636,#637);
#635 = CARTESIAN_POINT('',(1.2,-0.8,0.));
#636 = DIRECTION('',(0.,1.,0.));
#637 = DIRECTION('',(0.,-0.,1.));
#638 = ADVANCED_FACE('',(#639),#664,.F.);
#639 = FACE_BOUND('',#640,.F.);
#640 = EDGE_LOOP('',(#641,#642,#650,#658));
#641 = ORIENTED_EDGE('',*,*,#427,.F.);
#642 = ORIENTED_EDGE('',*,*,#643,.T.);
#643 = EDGE_CURVE('',#226,#644,#646,.T.);
#644 = VERTEX_POINT('',#645);
#645 = CARTESIAN_POINT('',(-1.2,-0.8,0.55));
#646 = LINE('',#647,#648);
#647 = CARTESIAN_POINT('',(-1.2,-0.8,0.495));
#648 = VECTOR('',#649,1.);
#649 = DIRECTION('',(0.,0.,1.));
#650 = ORIENTED_EDGE('',*,*,#651,.T.);
#651 = EDGE_CURVE('',#644,#652,#654,.T.);
#652 = VERTEX_POINT('',#653);
#653 = CARTESIAN_POINT('',(1.2,-0.8,0.55));
#654 = LINE('',#655,#656);
#655 = CARTESIAN_POINT('',(-1.2,-0.8,0.55));
#656 = VECTOR('',#657,1.);
#657 = DIRECTION('',(1.,0.,0.));
#658 = ORIENTED_EDGE('',*,*,#659,.F.);
#659 = EDGE_CURVE('',#428,#652,#660,.T.);
#660 = LINE('',#661,#662);
#661 = CARTESIAN_POINT('',(1.2,-0.8,0.495));
#662 = VECTOR('',#663,1.);
#663 = DIRECTION('',(0.,0.,1.));
#664 = PLANE('',#665);
#665 = AXIS2_PLACEMENT_3D('',#666,#667,#668);
#666 = CARTESIAN_POINT('',(-1.2,-0.8,0.495));
#667 = DIRECTION('',(0.,1.,0.));
#668 = DIRECTION('',(0.,-0.,1.));
#669 = ADVANCED_FACE('',(#670),#688,.F.);
#670 = FACE_BOUND('',#671,.F.);
#671 = EDGE_LOOP('',(#672,#673,#674,#682));
#672 = ORIENTED_EDGE('',*,*,#643,.F.);
#673 = ORIENTED_EDGE('',*,*,#490,.T.);
#674 = ORIENTED_EDGE('',*,*,#675,.T.);
#675 = EDGE_CURVE('',#343,#676,#678,.T.);
#676 = VERTEX_POINT('',#677);
#677 = CARTESIAN_POINT('',(-1.2,0.8,0.55));
#678 = LINE('',#679,#680);
#679 = CARTESIAN_POINT('',(-1.2,0.8,0.495));
#680 = VECTOR('',#681,1.);
#681 = DIRECTION('',(0.,0.,1.));
#682 = ORIENTED_EDGE('',*,*,#683,.F.);
#683 = EDGE_CURVE('',#644,#676,#684,.T.);
#684 = LINE('',#685,#686);
#685 = CARTESIAN_POINT('',(-1.2,-0.8,0.55));
#686 = VECTOR('',#687,1.);
#687 = DIRECTION('',(0.,1.,0.));
#688 = PLANE('',#689);
#689 = AXIS2_PLACEMENT_3D('',#690,#691,#692);
#690 = CARTESIAN_POINT('',(-1.2,-0.8,0.495));
#691 = DIRECTION('',(1.,0.,0.));
#692 = DIRECTION('',(0.,0.,1.));
#693 = ADVANCED_FACE('',(#694),#757,.T.);
#694 = FACE_BOUND('',#695,.T.);
#695 = EDGE_LOOP('',(#696,#706,#713,#714,#715,#716,#725,#733,#742,#750)
  );
#696 = ORIENTED_EDGE('',*,*,#697,.F.);
#697 = EDGE_CURVE('',#698,#700,#702,.T.);
#698 = VERTEX_POINT('',#699);
#699 = CARTESIAN_POINT('',(1.255,0.8,0.));
#700 = VERTEX_POINT('',#701);
#701 = CARTESIAN_POINT('',(1.545,0.8,0.));
#702 = LINE('',#703,#704);
#703 = CARTESIAN_POINT('',(1.2,0.8,0.));
#704 = VECTOR('',#705,1.);
#705 = DIRECTION('',(1.,0.,0.));
#706 = ORIENTED_EDGE('',*,*,#707,.F.);
#707 = EDGE_CURVE('',#535,#698,#708,.T.);
#708 = CIRCLE('',#709,5.5E-02);
#709 = AXIS2_PLACEMENT_3D('',#710,#711,#712);
#710 = CARTESIAN_POINT('',(1.255,0.8,5.5E-02));
#711 = DIRECTION('',(0.,-1.,0.));
#712 = DIRECTION('',(0.,0.,1.));
#713 = ORIENTED_EDGE('',*,*,#534,.T.);
#714 = ORIENTED_EDGE('',*,*,#526,.T.);
#715 = ORIENTED_EDGE('',*,*,#518,.F.);
#716 = ORIENTED_EDGE('',*,*,#717,.T.);
#717 = EDGE_CURVE('',#511,#718,#720,.T.);
#718 = VERTEX_POINT('',#719);
#719 = CARTESIAN_POINT('',(1.255,0.8,0.55));
#720 = CIRCLE('',#721,5.5E-02);
#721 = AXIS2_PLACEMENT_3D('',#722,#723,#724);
#722 = CARTESIAN_POINT('',(1.255,0.8,0.495));
#723 = DIRECTION('',(0.,1.,0.));
#724 = DIRECTION('',(0.,-0.,1.));
#725 = ORIENTED_EDGE('',*,*,#726,.T.);
#726 = EDGE_CURVE('',#718,#727,#729,.T.);
#727 = VERTEX_POINT('',#728);
#728 = CARTESIAN_POINT('',(1.545,0.8,0.55));
#729 = LINE('',#730,#731);
#730 = CARTESIAN_POINT('',(1.2,0.8,0.55));
#731 = VECTOR('',#732,1.);
#732 = DIRECTION('',(1.,0.,0.));
#733 = ORIENTED_EDGE('',*,*,#734,.F.);
#734 = EDGE_CURVE('',#735,#727,#737,.T.);
#735 = VERTEX_POINT('',#736);
#736 = CARTESIAN_POINT('',(1.6,0.8,0.495));
#737 = CIRCLE('',#738,5.5E-02);
#738 = AXIS2_PLACEMENT_3D('',#739,#740,#741);
#739 = CARTESIAN_POINT('',(1.545,0.8,0.495));
#740 = DIRECTION('',(0.,-1.,0.));
#741 = DIRECTION('',(0.,0.,1.));
#742 = ORIENTED_EDGE('',*,*,#743,.F.);
#743 = EDGE_CURVE('',#744,#735,#746,.T.);
#744 = VERTEX_POINT('',#745);
#745 = CARTESIAN_POINT('',(1.6,0.8,5.5E-02));
#746 = LINE('',#747,#748);
#747 = CARTESIAN_POINT('',(1.6,0.8,0.));
#748 = VECTOR('',#749,1.);
#749 = DIRECTION('',(0.,0.,1.));
#750 = ORIENTED_EDGE('',*,*,#751,.T.);
#751 = EDGE_CURVE('',#744,#700,#752,.T.);
#752 = CIRCLE('',#753,5.5E-02);
#753 = AXIS2_PLACEMENT_3D('',#754,#755,#756);
#754 = CARTESIAN_POINT('',(1.545,0.8,5.5E-02));
#755 = DIRECTION('',(0.,1.,0.));
#756 = DIRECTION('',(0.,-0.,1.));
#757 = PLANE('',#758);
#758 = AXIS2_PLACEMENT_3D('',#759,#760,#761);
#759 = CARTESIAN_POINT('',(1.2,0.8,0.));
#760 = DIRECTION('',(0.,1.,0.));
#761 = DIRECTION('',(0.,-0.,1.));
#762 = ADVANCED_FACE('',(#763),#781,.T.);
#763 = FACE_BOUND('',#764,.T.);
#764 = EDGE_LOOP('',(#765,#766,#767,#775));
#765 = ORIENTED_EDGE('',*,*,#510,.F.);
#766 = ORIENTED_EDGE('',*,*,#675,.T.);
#767 = ORIENTED_EDGE('',*,*,#768,.T.);
#768 = EDGE_CURVE('',#676,#769,#771,.T.);
#769 = VERTEX_POINT('',#770);
#770 = CARTESIAN_POINT('',(1.2,0.8,0.55));
#771 = LINE('',#772,#773);
#772 = CARTESIAN_POINT('',(-1.2,0.8,0.55));
#773 = VECTOR('',#774,1.);
#774 = DIRECTION('',(1.,0.,0.));
#775 = ORIENTED_EDGE('',*,*,#776,.F.);
#776 = EDGE_CURVE('',#511,#769,#777,.T.);
#777 = LINE('',#778,#779);
#778 = CARTESIAN_POINT('',(1.2,0.8,0.495));
#779 = VECTOR('',#780,1.);
#780 = DIRECTION('',(0.,0.,1.));
#781 = PLANE('',#782);
#782 = AXIS2_PLACEMENT_3D('',#783,#784,#785);
#783 = CARTESIAN_POINT('',(-1.2,0.8,0.495));
#784 = DIRECTION('',(0.,1.,0.));
#785 = DIRECTION('',(0.,-0.,1.));
#786 = ADVANCED_FACE('',(#787),#798,.T.);
#787 = FACE_BOUND('',#788,.T.);
#788 = EDGE_LOOP('',(#789,#790,#791,#797));
#789 = ORIENTED_EDGE('',*,*,#558,.T.);
#790 = ORIENTED_EDGE('',*,*,#707,.T.);
#791 = ORIENTED_EDGE('',*,*,#792,.F.);
#792 = EDGE_CURVE('',#574,#698,#793,.T.);
#793 = LINE('',#794,#795);
#794 = CARTESIAN_POINT('',(1.255,-0.8,0.));
#795 = VECTOR('',#796,1.);
#796 = DIRECTION('',(0.,1.,0.));
#797 = ORIENTED_EDGE('',*,*,#583,.F.);
#798 = CYLINDRICAL_SURFACE('',#799,5.5E-02);
#799 = AXIS2_PLACEMENT_3D('',#800,#801,#802);
#800 = CARTESIAN_POINT('',(1.255,-0.8,5.5E-02));
#801 = DIRECTION('',(0.,1.,0.));
#802 = DIRECTION('',(-1.,0.,0.));
#803 = ADVANCED_FACE('',(#804),#815,.F.);
#804 = FACE_BOUND('',#805,.F.);
#805 = EDGE_LOOP('',(#806,#807,#808,#809));
#806 = ORIENTED_EDGE('',*,*,#697,.F.);
#807 = ORIENTED_EDGE('',*,*,#792,.F.);
#808 = ORIENTED_EDGE('',*,*,#573,.T.);
#809 = ORIENTED_EDGE('',*,*,#810,.T.);
#810 = EDGE_CURVE('',#576,#700,#811,.T.);
#811 = LINE('',#812,#813);
#812 = CARTESIAN_POINT('',(1.545,-0.8,0.));
#813 = VECTOR('',#814,1.);
#814 = DIRECTION('',(0.,1.,0.));
#815 = PLANE('',#816);
#816 = AXIS2_PLACEMENT_3D('',#817,#818,#819);
#817 = CARTESIAN_POINT('',(1.2,-0.8,0.));
#818 = DIRECTION('',(0.,0.,1.));
#819 = DIRECTION('',(1.,0.,-0.));
#820 = ADVANCED_FACE('',(#821),#832,.T.);
#821 = FACE_BOUND('',#822,.T.);
#822 = EDGE_LOOP('',(#823,#824,#825,#826));
#823 = ORIENTED_EDGE('',*,*,#627,.T.);
#824 = ORIENTED_EDGE('',*,*,#810,.T.);
#825 = ORIENTED_EDGE('',*,*,#751,.F.);
#826 = ORIENTED_EDGE('',*,*,#827,.F.);
#827 = EDGE_CURVE('',#620,#744,#828,.T.);
#828 = LINE('',#829,#830);
#829 = CARTESIAN_POINT('',(1.6,-0.8,5.5E-02));
#830 = VECTOR('',#831,1.);
#831 = DIRECTION('',(0.,1.,0.));
#832 = CYLINDRICAL_SURFACE('',#833,5.5E-02);
#833 = AXIS2_PLACEMENT_3D('',#834,#835,#836);
#834 = CARTESIAN_POINT('',(1.545,-0.8,5.5E-02));
#835 = DIRECTION('',(0.,1.,0.));
#836 = DIRECTION('',(1.,0.,0.));
#837 = ADVANCED_FACE('',(#838),#849,.T.);
#838 = FACE_BOUND('',#839,.T.);
#839 = EDGE_LOOP('',(#840,#841,#842,#843));
#840 = ORIENTED_EDGE('',*,*,#619,.F.);
#841 = ORIENTED_EDGE('',*,*,#827,.T.);
#842 = ORIENTED_EDGE('',*,*,#743,.T.);
#843 = ORIENTED_EDGE('',*,*,#844,.F.);
#844 = EDGE_CURVE('',#611,#735,#845,.T.);
#845 = LINE('',#846,#847);
#846 = CARTESIAN_POINT('',(1.6,-0.8,0.495));
#847 = VECTOR('',#848,1.);
#848 = DIRECTION('',(0.,1.,0.));
#849 = PLANE('',#850);
#850 = AXIS2_PLACEMENT_3D('',#851,#852,#853);
#851 = CARTESIAN_POINT('',(1.6,-0.8,0.));
#852 = DIRECTION('',(1.,0.,0.));
#853 = DIRECTION('',(0.,0.,1.));
#854 = ADVANCED_FACE('',(#855),#866,.T.);
#855 = FACE_BOUND('',#856,.T.);
#856 = EDGE_LOOP('',(#857,#858,#859,#865));
#857 = ORIENTED_EDGE('',*,*,#844,.T.);
#858 = ORIENTED_EDGE('',*,*,#734,.T.);
#859 = ORIENTED_EDGE('',*,*,#860,.F.);
#860 = EDGE_CURVE('',#603,#727,#861,.T.);
#861 = LINE('',#862,#863);
#862 = CARTESIAN_POINT('',(1.545,-0.8,0.55));
#863 = VECTOR('',#864,1.);
#864 = DIRECTION('',(0.,1.,0.));
#865 = ORIENTED_EDGE('',*,*,#610,.F.);
#866 = CYLINDRICAL_SURFACE('',#867,5.5E-02);
#867 = AXIS2_PLACEMENT_3D('',#868,#869,#870);
#868 = CARTESIAN_POINT('',(1.545,-0.8,0.495));
#869 = DIRECTION('',(0.,1.,0.));
#870 = DIRECTION('',(1.,0.,0.));
#871 = ADVANCED_FACE('',(#872),#883,.T.);
#872 = FACE_BOUND('',#873,.T.);
#873 = EDGE_LOOP('',(#874,#875,#881,#882));
#874 = ORIENTED_EDGE('',*,*,#726,.F.);
#875 = ORIENTED_EDGE('',*,*,#876,.F.);
#876 = EDGE_CURVE('',#594,#718,#877,.T.);
#877 = LINE('',#878,#879);
#878 = CARTESIAN_POINT('',(1.255,-0.8,0.55));
#879 = VECTOR('',#880,1.);
#880 = DIRECTION('',(0.,1.,0.));
#881 = ORIENTED_EDGE('',*,*,#602,.T.);
#882 = ORIENTED_EDGE('',*,*,#860,.T.);
#883 = PLANE('',#884);
#884 = AXIS2_PLACEMENT_3D('',#885,#886,#887);
#885 = CARTESIAN_POINT('',(1.2,-0.8,0.55));
#886 = DIRECTION('',(0.,0.,1.));
#887 = DIRECTION('',(1.,0.,-0.));
#888 = ADVANCED_FACE('',(#889),#900,.T.);
#889 = FACE_BOUND('',#890,.T.);
#890 = EDGE_LOOP('',(#891,#892,#893,#894));
#891 = ORIENTED_EDGE('',*,*,#593,.T.);
#892 = ORIENTED_EDGE('',*,*,#876,.T.);
#893 = ORIENTED_EDGE('',*,*,#717,.F.);
#894 = ORIENTED_EDGE('',*,*,#895,.F.);
#895 = EDGE_CURVE('',#428,#511,#896,.T.);
#896 = LINE('',#897,#898);
#897 = CARTESIAN_POINT('',(1.2,-0.8,0.495));
#898 = VECTOR('',#899,1.);
#899 = DIRECTION('',(0.,1.,0.));
#900 = CYLINDRICAL_SURFACE('',#901,5.5E-02);
#901 = AXIS2_PLACEMENT_3D('',#902,#903,#904);
#902 = CARTESIAN_POINT('',(1.255,-0.8,0.495));
#903 = DIRECTION('',(0.,1.,0.));
#904 = DIRECTION('',(-1.,0.,0.));
#905 = ADVANCED_FACE('',(#906),#917,.T.);
#906 = FACE_BOUND('',#907,.T.);
#907 = EDGE_LOOP('',(#908,#909,#910,#911));
#908 = ORIENTED_EDGE('',*,*,#659,.F.);
#909 = ORIENTED_EDGE('',*,*,#895,.T.);
#910 = ORIENTED_EDGE('',*,*,#776,.T.);
#911 = ORIENTED_EDGE('',*,*,#912,.F.);
#912 = EDGE_CURVE('',#652,#769,#913,.T.);
#913 = LINE('',#914,#915);
#914 = CARTESIAN_POINT('',(1.2,-0.8,0.55));
#915 = VECTOR('',#916,1.);
#916 = DIRECTION('',(0.,1.,0.));
#917 = PLANE('',#918);
#918 = AXIS2_PLACEMENT_3D('',#919,#920,#921);
#919 = CARTESIAN_POINT('',(1.2,-0.8,0.495));
#920 = DIRECTION('',(1.,0.,0.));
#921 = DIRECTION('',(0.,0.,1.));
#922 = ADVANCED_FACE('',(#923),#929,.T.);
#923 = FACE_BOUND('',#924,.T.);
#924 = EDGE_LOOP('',(#925,#926,#927,#928));
#925 = ORIENTED_EDGE('',*,*,#683,.F.);
#926 = ORIENTED_EDGE('',*,*,#651,.T.);
#927 = ORIENTED_EDGE('',*,*,#912,.T.);
#928 = ORIENTED_EDGE('',*,*,#768,.F.);
#929 = PLANE('',#930);
#930 = AXIS2_PLACEMENT_3D('',#931,#932,#933);
#931 = CARTESIAN_POINT('',(-1.2,-0.8,0.55));
#932 = DIRECTION('',(0.,0.,1.));
#933 = DIRECTION('',(1.,0.,-0.));
#934 = ( GEOMETRIC_REPRESENTATION_CONTEXT(3) 
GLOBAL_UNCERTAINTY_ASSIGNED_CONTEXT((#938)) GLOBAL_UNIT_ASSIGNED_CONTEXT
((#935,#936,#937)) REPRESENTATION_CONTEXT('Context #1',
  '3D Context with UNIT and UNCERTAINTY') );
#935 = ( LENGTH_UNIT() NAMED_UNIT(*) SI_UNIT(.MILLI.,.METRE.) );
#936 = ( NAMED_UNIT(*) PLANE_ANGLE_UNIT() SI_UNIT($,.RADIAN.) );
#937 = ( NAMED_UNIT(*) SI_UNIT($,.STERADIAN.) SOLID_ANGLE_UNIT() );
#938 = UNCERTAINTY_MEASURE_WITH_UNIT(LENGTH_MEASURE(1.E-07),#935,
  'distance_accuracy_value','confusion accuracy');
#939 = CONTEXT_DEPENDENT_SHAPE_REPRESENTATION(#940,#942);
#940 = ( REPRESENTATION_RELATIONSHIP('','',#143,#120) 
REPRESENTATION_RELATIONSHIP_WITH_TRANSFORMATION(#941) 
SHAPE_REPRESENTATION_RELATIONSHIP() );
#941 = ITEM_DEFINED_TRANSFORMATION('','',#11,#121);
#942 = PRODUCT_DEFINITION_SHAPE('Placement','Placement of an item',#943
  );
#943 = NEXT_ASSEMBLY_USAGE_OCCURRENCE('1','=>[0:1:1:3]','',#115,#138,$);
#944 = PRODUCT_RELATED_PRODUCT_CATEGORY('part',$,(#140));
#945 = SHAPE_DEFINITION_REPRESENTATION(#946,#952);
#946 = PRODUCT_DEFINITION_SHAPE('','',#947);
#947 = PRODUCT_DEFINITION('design','',#948,#951);
#948 = PRODUCT_DEFINITION_FORMATION('','',#949);
#949 = PRODUCT('C_0805_2012Metric','C_0805_2012Metric','',(#950));
#950 = PRODUCT_CONTEXT('',#2,'mechanical');
#951 = PRODUCT_DEFINITION_CONTEXT('part definition',#2,'design');
#952 = SHAPE_REPRESENTATION('',(#11,#953),#957);
#953 = AXIS2_PLACEMENT_3D('',#954,#955,#956);
#954 = CARTESIAN_POINT('',(0.,0.,0.));
#955 = DIRECTION('',(0.,0.,1.));
#956 = DIRECTION('',(1.,0.,-0.));
#957 = ( GEOMETRIC_REPRESENTATION_CONTEXT(3) 
GLOBAL_UNCERTAINTY_ASSIGNED_CONTEXT((#961)) GLOBAL_UNIT_ASSIGNED_CONTEXT
((#958,#959,#960)) REPRESENTATION_CONTEXT('Context #1',
  '3D Context with UNIT and UNCERTAINTY') );
#958 = ( LENGTH_UNIT() NAMED_UNIT(*) SI_UNIT(.MILLI.,.METRE.) );
#959 = ( NAMED_UNIT(*) PLANE_ANGLE_UNIT() SI_UNIT($,.RADIAN.) );
#960 = ( NAMED_UNIT(*) SI_UNIT($,.STERADIAN.) SOLID_ANGLE_UNIT() );
#961 = UNCERTAINTY_MEASURE_WITH_UNIT(LENGTH_MEASURE(1.E-07),#958,
  'distance_accuracy_value','confusion accuracy');
#962 = CONTEXT_DEPENDENT_SHAPE_REPRESENTATION(#963,#965);
#963 = ( REPRESENTATION_RELATIONSHIP('','',#952,#10) 
REPRESENTATION_RELATIONSHIP_WITH_TRANSFORMATION(#964) 
SHAPE_REPRESENTATION_RELATIONSHIP() );
#964 = ITEM_DEFINED_TRANSFORMATION('','',#11,#19);
#965 = PRODUCT_DEFINITION_SHAPE('Placement','Placement of an item',#966
  );
#966 = NEXT_ASSEMBLY_USAGE_OCCURRENCE('4','C2','',#5,#947,$);
#967 = PRODUCT_RELATED_PRODUCT_CATEGORY('part',$,(#949));
#968 = SHAPE_DEFINITION_REPRESENTATION(#969,#975);
#969 = PRODUCT_DEFINITION_SHAPE('','',#970);
#970 = PRODUCT_DEFINITION('design','',#971,#974);
#971 = PRODUCT_DEFINITION_FORMATION('','',#972);
#972 = PRODUCT('C_0805_2012Metric','C_0805_2012Metric','',(#973));
#973 = PRODUCT_CONTEXT('',#2,'mechanical');
#974 = PRODUCT_DEFINITION_CONTEXT('part definition',#2,'design');
#975 = ADVANCED_BREP_SHAPE_REPRESENTATION('',(#11,#976),#1830);
#976 = MANIFOLD_SOLID_BREP('',#977);
#977 = CLOSED_SHELL('',(#978,#1054,#1085,#1110,#1135,#1159,#1183,#1208,
    #1233,#1250,#1336,#1368,#1392,#1417,#1441,#1466,#1490,#1515,#1532,
    #1618,#1649,#1674,#1699,#1723,#1747,#1772,#1797,#1814));
#978 = ADVANCED_FACE('',(#979),#1049,.F.);
#979 = FACE_BOUND('',#980,.F.);
#980 = EDGE_LOOP('',(#981,#991,#1000,#1008,#1017,#1025,#1034,#1042));
#981 = ORIENTED_EDGE('',*,*,#982,.F.);
#982 = EDGE_CURVE('',#983,#985,#987,.T.);
#983 = VERTEX_POINT('',#984);
#984 = CARTESIAN_POINT('',(-1.,-0.625,4.E-02));
#985 = VERTEX_POINT('',#986);
#986 = CARTESIAN_POINT('',(-1.,-0.625,1.21));
#987 = LINE('',#988,#989);
#988 = CARTESIAN_POINT('',(-1.,-0.625,0.));
#989 = VECTOR('',#990,1.);
#990 = DIRECTION('',(0.,0.,1.));
#991 = ORIENTED_EDGE('',*,*,#992,.T.);
#992 = EDGE_CURVE('',#983,#993,#995,.T.);
#993 = VERTEX_POINT('',#994);
#994 = CARTESIAN_POINT('',(-1.,-0.585,0.));
#995 = CIRCLE('',#996,4.E-02);
#996 = AXIS2_PLACEMENT_3D('',#997,#998,#999);
#997 = CARTESIAN_POINT('',(-1.,-0.585,4.E-02));
#998 = DIRECTION('',(1.,0.,-0.));
#999 = DIRECTION('',(0.,0.,1.));
#1000 = ORIENTED_EDGE('',*,*,#1001,.T.);
#1001 = EDGE_CURVE('',#993,#1002,#1004,.T.);
#1002 = VERTEX_POINT('',#1003);
#1003 = CARTESIAN_POINT('',(-1.,0.585,0.));
#1004 = LINE('',#1005,#1006);
#1005 = CARTESIAN_POINT('',(-1.,-0.625,0.));
#1006 = VECTOR('',#1007,1.);
#1007 = DIRECTION('',(0.,1.,0.));
#1008 = ORIENTED_EDGE('',*,*,#1009,.F.);
#1009 = EDGE_CURVE('',#1010,#1002,#1012,.T.);
#1010 = VERTEX_POINT('',#1011);
#1011 = CARTESIAN_POINT('',(-1.,0.625,4.E-02));
#1012 = CIRCLE('',#1013,4.E-02);
#1013 = AXIS2_PLACEMENT_3D('',#1014,#1015,#1016);
#1014 = CARTESIAN_POINT('',(-1.,0.585,4.E-02));
#1015 = DIRECTION('',(-1.,0.,0.));
#1016 = DIRECTION('',(0.,0.,1.));
#1017 = ORIENTED_EDGE('',*,*,#1018,.T.);
#1018 = EDGE_CURVE('',#1010,#1019,#1021,.T.);
#1019 = VERTEX_POINT('',#1020);
#1020 = CARTESIAN_POINT('',(-1.,0.625,1.21));
#1021 = LINE('',#1022,#1023);
#1022 = CARTESIAN_POINT('',(-1.,0.625,0.));
#1023 = VECTOR('',#1024,1.);
#1024 = DIRECTION('',(0.,0.,1.));
#1025 = ORIENTED_EDGE('',*,*,#1026,.T.);
#1026 = EDGE_CURVE('',#1019,#1027,#1029,.T.);
#1027 = VERTEX_POINT('',#1028);
#1028 = CARTESIAN_POINT('',(-1.,0.585,1.25));
#1029 = CIRCLE('',#1030,4.E-02);
#1030 = AXIS2_PLACEMENT_3D('',#1031,#1032,#1033);
#1031 = CARTESIAN_POINT('',(-1.,0.585,1.21));
#1032 = DIRECTION('',(1.,0.,-0.));
#1033 = DIRECTION('',(0.,0.,1.));
#1034 = ORIENTED_EDGE('',*,*,#1035,.F.);
#1035 = EDGE_CURVE('',#1036,#1027,#1038,.T.);
#1036 = VERTEX_POINT('',#1037);
#1037 = CARTESIAN_POINT('',(-1.,-0.585,1.25));
#1038 = LINE('',#1039,#1040);
#1039 = CARTESIAN_POINT('',(-1.,-0.625,1.25));
#1040 = VECTOR('',#1041,1.);
#1041 = DIRECTION('',(0.,1.,0.));
#1042 = ORIENTED_EDGE('',*,*,#1043,.F.);
#1043 = EDGE_CURVE('',#985,#1036,#1044,.T.);
#1044 = CIRCLE('',#1045,4.E-02);
#1045 = AXIS2_PLACEMENT_3D('',#1046,#1047,#1048);
#1046 = CARTESIAN_POINT('',(-1.,-0.585,1.21));
#1047 = DIRECTION('',(-1.,0.,0.));
#1048 = DIRECTION('',(0.,0.,1.));
#1049 = PLANE('',#1050);
#1050 = AXIS2_PLACEMENT_3D('',#1051,#1052,#1053);
#1051 = CARTESIAN_POINT('',(-1.,-0.625,0.));
#1052 = DIRECTION('',(1.,0.,0.));
#1053 = DIRECTION('',(0.,0.,1.));
#1054 = ADVANCED_FACE('',(#1055),#1080,.F.);
#1055 = FACE_BOUND('',#1056,.F.);
#1056 = EDGE_LOOP('',(#1057,#1067,#1073,#1074));
#1057 = ORIENTED_EDGE('',*,*,#1058,.F.);
#1058 = EDGE_CURVE('',#1059,#1061,#1063,.T.);
#1059 = VERTEX_POINT('',#1060);
#1060 = CARTESIAN_POINT('',(-0.6,-0.625,4.E-02));
#1061 = VERTEX_POINT('',#1062);
#1062 = CARTESIAN_POINT('',(-0.6,-0.625,1.21));
#1063 = LINE('',#1064,#1065);
#1064 = CARTESIAN_POINT('',(-0.6,-0.625,0.));
#1065 = VECTOR('',#1066,1.);
#1066 = DIRECTION('',(0.,0.,1.));
#1067 = ORIENTED_EDGE('',*,*,#1068,.F.);
#1068 = EDGE_CURVE('',#983,#1059,#1069,.T.);
#1069 = LINE('',#1070,#1071);
#1070 = CARTESIAN_POINT('',(-1.,-0.625,4.E-02));
#1071 = VECTOR('',#1072,1.);
#1072 = DIRECTION('',(1.,0.,0.));
#1073 = ORIENTED_EDGE('',*,*,#982,.T.);
#1074 = ORIENTED_EDGE('',*,*,#1075,.T.);
#1075 = EDGE_CURVE('',#985,#1061,#1076,.T.);
#1076 = LINE('',#1077,#1078);
#1077 = CARTESIAN_POINT('',(-1.,-0.625,1.21));
#1078 = VECTOR('',#1079,1.);
#1079 = DIRECTION('',(1.,0.,0.));
#1080 = PLANE('',#1081);
#1081 = AXIS2_PLACEMENT_3D('',#1082,#1083,#1084);
#1082 = CARTESIAN_POINT('',(-1.,-0.625,0.));
#1083 = DIRECTION('',(0.,1.,0.));
#1084 = DIRECTION('',(0.,-0.,1.));
#1085 = ADVANCED_FACE('',(#1086),#1105,.T.);
#1086 = FACE_BOUND('',#1087,.T.);
#1087 = EDGE_LOOP('',(#1088,#1089,#1097,#1104));
#1088 = ORIENTED_EDGE('',*,*,#992,.T.);
#1089 = ORIENTED_EDGE('',*,*,#1090,.T.);
#1090 = EDGE_CURVE('',#993,#1091,#1093,.T.);
#1091 = VERTEX_POINT('',#1092);
#1092 = CARTESIAN_POINT('',(-0.6,-0.585,0.));
#1093 = LINE('',#1094,#1095);
#1094 = CARTESIAN_POINT('',(-1.,-0.585,0.));
#1095 = VECTOR('',#1096,1.);
#1096 = DIRECTION('',(1.,0.,0.));
#1097 = ORIENTED_EDGE('',*,*,#1098,.F.);
#1098 = EDGE_CURVE('',#1059,#1091,#1099,.T.);
#1099 = CIRCLE('',#1100,4.E-02);
#1100 = AXIS2_PLACEMENT_3D('',#1101,#1102,#1103);
#1101 = CARTESIAN_POINT('',(-0.6,-0.585,4.E-02));
#1102 = DIRECTION('',(1.,0.,-0.));
#1103 = DIRECTION('',(0.,0.,1.));
#1104 = ORIENTED_EDGE('',*,*,#1068,.F.);
#1105 = CYLINDRICAL_SURFACE('',#1106,4.E-02);
#1106 = AXIS2_PLACEMENT_3D('',#1107,#1108,#1109);
#1107 = CARTESIAN_POINT('',(-1.,-0.585,4.E-02));
#1108 = DIRECTION('',(1.,0.,0.));
#1109 = DIRECTION('',(0.,-1.,0.));
#1110 = ADVANCED_FACE('',(#1111),#1130,.T.);
#1111 = FACE_BOUND('',#1112,.T.);
#1112 = EDGE_LOOP('',(#1113,#1114,#1123,#1129));
#1113 = ORIENTED_EDGE('',*,*,#1075,.T.);
#1114 = ORIENTED_EDGE('',*,*,#1115,.T.);
#1115 = EDGE_CURVE('',#1061,#1116,#1118,.T.);
#1116 = VERTEX_POINT('',#1117);
#1117 = CARTESIAN_POINT('',(-0.6,-0.585,1.25));
#1118 = CIRCLE('',#1119,4.E-02);
#1119 = AXIS2_PLACEMENT_3D('',#1120,#1121,#1122);
#1120 = CARTESIAN_POINT('',(-0.6,-0.585,1.21));
#1121 = DIRECTION('',(-1.,0.,0.));
#1122 = DIRECTION('',(0.,0.,1.));
#1123 = ORIENTED_EDGE('',*,*,#1124,.F.);
#1124 = EDGE_CURVE('',#1036,#1116,#1125,.T.);
#1125 = LINE('',#1126,#1127);
#1126 = CARTESIAN_POINT('',(-1.,-0.585,1.25));
#1127 = VECTOR('',#1128,1.);
#1128 = DIRECTION('',(1.,0.,0.));
#1129 = ORIENTED_EDGE('',*,*,#1043,.F.);
#1130 = CYLINDRICAL_SURFACE('',#1131,4.E-02);
#1131 = AXIS2_PLACEMENT_3D('',#1132,#1133,#1134);
#1132 = CARTESIAN_POINT('',(-1.,-0.585,1.21));
#1133 = DIRECTION('',(1.,0.,0.));
#1134 = DIRECTION('',(0.,-1.,0.));
#1135 = ADVANCED_FACE('',(#1136),#1154,.F.);
#1136 = FACE_BOUND('',#1137,.F.);
#1137 = EDGE_LOOP('',(#1138,#1139,#1140,#1148));
#1138 = ORIENTED_EDGE('',*,*,#1001,.F.);
#1139 = ORIENTED_EDGE('',*,*,#1090,.T.);
#1140 = ORIENTED_EDGE('',*,*,#1141,.T.);
#1141 = EDGE_CURVE('',#1091,#1142,#1144,.T.);
#1142 = VERTEX_POINT('',#1143);
#1143 = CARTESIAN_POINT('',(-0.6,0.585,0.));
#1144 = LINE('',#1145,#1146);
#1145 = CARTESIAN_POINT('',(-0.6,-0.625,0.));
#1146 = VECTOR('',#1147,1.);
#1147 = DIRECTION('',(0.,1.,0.));
#1148 = ORIENTED_EDGE('',*,*,#1149,.F.);
#1149 = EDGE_CURVE('',#1002,#1142,#1150,.T.);
#1150 = LINE('',#1151,#1152);
#1151 = CARTESIAN_POINT('',(-1.,0.585,0.));
#1152 = VECTOR('',#1153,1.);
#1153 = DIRECTION('',(1.,0.,0.));
#1154 = PLANE('',#1155);
#1155 = AXIS2_PLACEMENT_3D('',#1156,#1157,#1158);
#1156 = CARTESIAN_POINT('',(-1.,-0.625,0.));
#1157 = DIRECTION('',(0.,0.,1.));
#1158 = DIRECTION('',(1.,0.,-0.));
#1159 = ADVANCED_FACE('',(#1160),#1178,.T.);
#1160 = FACE_BOUND('',#1161,.T.);
#1161 = EDGE_LOOP('',(#1162,#1163,#1164,#1172));
#1162 = ORIENTED_EDGE('',*,*,#1035,.F.);
#1163 = ORIENTED_EDGE('',*,*,#1124,.T.);
#1164 = ORIENTED_EDGE('',*,*,#1165,.T.);
#1165 = EDGE_CURVE('',#1116,#1166,#1168,.T.);
#1166 = VERTEX_POINT('',#1167);
#1167 = CARTESIAN_POINT('',(-0.6,0.585,1.25));
#1168 = LINE('',#1169,#1170);
#1169 = CARTESIAN_POINT('',(-0.6,-0.625,1.25));
#1170 = VECTOR('',#1171,1.);
#1171 = DIRECTION('',(0.,1.,0.));
#1172 = ORIENTED_EDGE('',*,*,#1173,.F.);
#1173 = EDGE_CURVE('',#1027,#1166,#1174,.T.);
#1174 = LINE('',#1175,#1176);
#1175 = CARTESIAN_POINT('',(-1.,0.585,1.25));
#1176 = VECTOR('',#1177,1.);
#1177 = DIRECTION('',(1.,0.,0.));
#1178 = PLANE('',#1179);
#1179 = AXIS2_PLACEMENT_3D('',#1180,#1181,#1182);
#1180 = CARTESIAN_POINT('',(-1.,-0.625,1.25));
#1181 = DIRECTION('',(0.,0.,1.));
#1182 = DIRECTION('',(1.,0.,-0.));
#1183 = ADVANCED_FACE('',(#1184),#1203,.T.);
#1184 = FACE_BOUND('',#1185,.T.);
#1185 = EDGE_LOOP('',(#1186,#1194,#1201,#1202));
#1186 = ORIENTED_EDGE('',*,*,#1187,.T.);
#1187 = EDGE_CURVE('',#1010,#1188,#1190,.T.);
#1188 = VERTEX_POINT('',#1189);
#1189 = CARTESIAN_POINT('',(-0.6,0.625,4.E-02));
#1190 = LINE('',#1191,#1192);
#1191 = CARTESIAN_POINT('',(-1.,0.625,4.E-02));
#1192 = VECTOR('',#1193,1.);
#1193 = DIRECTION('',(1.,0.,0.));
#1194 = ORIENTED_EDGE('',*,*,#1195,.T.);
#1195 = EDGE_CURVE('',#1188,#1142,#1196,.T.);
#1196 = CIRCLE('',#1197,4.E-02);
#1197 = AXIS2_PLACEMENT_3D('',#1198,#1199,#1200);
#1198 = CARTESIAN_POINT('',(-0.6,0.585,4.E-02));
#1199 = DIRECTION('',(-1.,0.,0.));
#1200 = DIRECTION('',(0.,0.,1.));
#1201 = ORIENTED_EDGE('',*,*,#1149,.F.);
#1202 = ORIENTED_EDGE('',*,*,#1009,.F.);
#1203 = CYLINDRICAL_SURFACE('',#1204,4.E-02);
#1204 = AXIS2_PLACEMENT_3D('',#1205,#1206,#1207);
#1205 = CARTESIAN_POINT('',(-1.,0.585,4.E-02));
#1206 = DIRECTION('',(1.,0.,0.));
#1207 = DIRECTION('',(-0.,1.,0.));
#1208 = ADVANCED_FACE('',(#1209),#1228,.T.);
#1209 = FACE_BOUND('',#1210,.T.);
#1210 = EDGE_LOOP('',(#1211,#1212,#1213,#1222));
#1211 = ORIENTED_EDGE('',*,*,#1026,.T.);
#1212 = ORIENTED_EDGE('',*,*,#1173,.T.);
#1213 = ORIENTED_EDGE('',*,*,#1214,.F.);
#1214 = EDGE_CURVE('',#1215,#1166,#1217,.T.);
#1215 = VERTEX_POINT('',#1216);
#1216 = CARTESIAN_POINT('',(-0.6,0.625,1.21));
#1217 = CIRCLE('',#1218,4.E-02);
#1218 = AXIS2_PLACEMENT_3D('',#1219,#1220,#1221);
#1219 = CARTESIAN_POINT('',(-0.6,0.585,1.21));
#1220 = DIRECTION('',(1.,0.,-0.));
#1221 = DIRECTION('',(0.,0.,1.));
#1222 = ORIENTED_EDGE('',*,*,#1223,.F.);
#1223 = EDGE_CURVE('',#1019,#1215,#1224,.T.);
#1224 = LINE('',#1225,#1226);
#1225 = CARTESIAN_POINT('',(-1.,0.625,1.21));
#1226 = VECTOR('',#1227,1.);
#1227 = DIRECTION('',(1.,0.,0.));
#1228 = CYLINDRICAL_SURFACE('',#1229,4.E-02);
#1229 = AXIS2_PLACEMENT_3D('',#1230,#1231,#1232);
#1230 = CARTESIAN_POINT('',(-1.,0.585,1.21));
#1231 = DIRECTION('',(1.,0.,0.));
#1232 = DIRECTION('',(-0.,1.,0.));
#1233 = ADVANCED_FACE('',(#1234),#1245,.T.);
#1234 = FACE_BOUND('',#1235,.T.);
#1235 = EDGE_LOOP('',(#1236,#1242,#1243,#1244));
#1236 = ORIENTED_EDGE('',*,*,#1237,.F.);
#1237 = EDGE_CURVE('',#1188,#1215,#1238,.T.);
#1238 = LINE('',#1239,#1240);
#1239 = CARTESIAN_POINT('',(-0.6,0.625,0.));
#1240 = VECTOR('',#1241,1.);
#1241 = DIRECTION('',(0.,0.,1.));
#1242 = ORIENTED_EDGE('',*,*,#1187,.F.);
#1243 = ORIENTED_EDGE('',*,*,#1018,.T.);
#1244 = ORIENTED_EDGE('',*,*,#1223,.T.);
#1245 = PLANE('',#1246);
#1246 = AXIS2_PLACEMENT_3D('',#1247,#1248,#1249);
#1247 = CARTESIAN_POINT('',(-1.,0.625,0.));
#1248 = DIRECTION('',(0.,1.,0.));
#1249 = DIRECTION('',(0.,-0.,1.));
#1250 = ADVANCED_FACE('',(#1251,#1261),#1331,.T.);
#1251 = FACE_BOUND('',#1252,.T.);
#1252 = EDGE_LOOP('',(#1253,#1254,#1255,#1256,#1257,#1258,#1259,#1260));
#1253 = ORIENTED_EDGE('',*,*,#1058,.F.);
#1254 = ORIENTED_EDGE('',*,*,#1098,.T.);
#1255 = ORIENTED_EDGE('',*,*,#1141,.T.);
#1256 = ORIENTED_EDGE('',*,*,#1195,.F.);
#1257 = ORIENTED_EDGE('',*,*,#1237,.T.);
#1258 = ORIENTED_EDGE('',*,*,#1214,.T.);
#1259 = ORIENTED_EDGE('',*,*,#1165,.F.);
#1260 = ORIENTED_EDGE('',*,*,#1115,.F.);
#1261 = FACE_BOUND('',#1262,.T.);
#1262 = EDGE_LOOP('',(#1263,#1274,#1282,#1291,#1299,#1308,#1316,#1325));
#1263 = ORIENTED_EDGE('',*,*,#1264,.F.);
#1264 = EDGE_CURVE('',#1265,#1267,#1269,.T.);
#1265 = VERTEX_POINT('',#1266);
#1266 = CARTESIAN_POINT('',(-0.6,-0.585,8.E-02));
#1267 = VERTEX_POINT('',#1268);
#1268 = CARTESIAN_POINT('',(-0.6,-0.545,4.E-02));
#1269 = CIRCLE('',#1270,4.E-02);
#1270 = AXIS2_PLACEMENT_3D('',#1271,#1272,#1273);
#1271 = CARTESIAN_POINT('',(-0.6,-0.545,8.E-02));
#1272 = DIRECTION('',(1.,0.,-0.));
#1273 = DIRECTION('',(0.,0.,1.));
#1274 = ORIENTED_EDGE('',*,*,#1275,.T.);
#1275 = EDGE_CURVE('',#1265,#1276,#1278,.T.);
#1276 = VERTEX_POINT('',#1277);
#1277 = CARTESIAN_POINT('',(-0.6,-0.585,1.17));
#1278 = LINE('',#1279,#1280);
#1279 = CARTESIAN_POINT('',(-0.6,-0.585,4.E-02));
#1280 = VECTOR('',#1281,1.);
#1281 = DIRECTION('',(0.,0.,1.));
#1282 = ORIENTED_EDGE('',*,*,#1283,.T.);
#1283 = EDGE_CURVE('',#1276,#1284,#1286,.T.);
#1284 = VERTEX_POINT('',#1285);
#1285 = CARTESIAN_POINT('',(-0.6,-0.545,1.21));
#1286 = CIRCLE('',#1287,4.E-02);
#1287 = AXIS2_PLACEMENT_3D('',#1288,#1289,#1290);
#1288 = CARTESIAN_POINT('',(-0.6,-0.545,1.17));
#1289 = DIRECTION('',(-1.,0.,0.));
#1290 = DIRECTION('',(0.,0.,1.));
#1291 = ORIENTED_EDGE('',*,*,#1292,.T.);
#1292 = EDGE_CURVE('',#1284,#1293,#1295,.T.);
#1293 = VERTEX_POINT('',#1294);
#1294 = CARTESIAN_POINT('',(-0.6,0.545,1.21));
#1295 = LINE('',#1296,#1297);
#1296 = CARTESIAN_POINT('',(-0.6,-0.585,1.21));
#1297 = VECTOR('',#1298,1.);
#1298 = DIRECTION('',(0.,1.,0.));
#1299 = ORIENTED_EDGE('',*,*,#1300,.F.);
#1300 = EDGE_CURVE('',#1301,#1293,#1303,.T.);
#1301 = VERTEX_POINT('',#1302);
#1302 = CARTESIAN_POINT('',(-0.6,0.585,1.17));
#1303 = CIRCLE('',#1304,4.E-02);
#1304 = AXIS2_PLACEMENT_3D('',#1305,#1306,#1307);
#1305 = CARTESIAN_POINT('',(-0.6,0.545,1.17));
#1306 = DIRECTION('',(1.,0.,-0.));
#1307 = DIRECTION('',(0.,0.,1.));
#1308 = ORIENTED_EDGE('',*,*,#1309,.F.);
#1309 = EDGE_CURVE('',#1310,#1301,#1312,.T.);
#1310 = VERTEX_POINT('',#1311);
#1311 = CARTESIAN_POINT('',(-0.6,0.585,8.E-02));
#1312 = LINE('',#1313,#1314);
#1313 = CARTESIAN_POINT('',(-0.6,0.585,4.E-02));
#1314 = VECTOR('',#1315,1.);
#1315 = DIRECTION('',(0.,0.,1.));
#1316 = ORIENTED_EDGE('',*,*,#1317,.T.);
#1317 = EDGE_CURVE('',#1310,#1318,#1320,.T.);
#1318 = VERTEX_POINT('',#1319);
#1319 = CARTESIAN_POINT('',(-0.6,0.545,4.E-02));
#1320 = CIRCLE('',#1321,4.E-02);
#1321 = AXIS2_PLACEMENT_3D('',#1322,#1323,#1324);
#1322 = CARTESIAN_POINT('',(-0.6,0.545,8.E-02));
#1323 = DIRECTION('',(-1.,0.,0.));
#1324 = DIRECTION('',(0.,0.,1.));
#1325 = ORIENTED_EDGE('',*,*,#1326,.F.);
#1326 = EDGE_CURVE('',#1267,#1318,#1327,.T.);
#1327 = LINE('',#1328,#1329);
#1328 = CARTESIAN_POINT('',(-0.6,-0.585,4.E-02));
#1329 = VECTOR('',#1330,1.);
#1330 = DIRECTION('',(0.,1.,0.));
#1331 = PLANE('',#1332);
#1332 = AXIS2_PLACEMENT_3D('',#1333,#1334,#1335);
#1333 = CARTESIAN_POINT('',(-0.6,-0.625,0.));
#1334 = DIRECTION('',(1.,0.,0.));
#1335 = DIRECTION('',(0.,0.,1.));
#1336 = ADVANCED_FACE('',(#1337),#1363,.T.);
#1337 = FACE_BOUND('',#1338,.T.);
#1338 = EDGE_LOOP('',(#1339,#1340,#1348,#1357));
#1339 = ORIENTED_EDGE('',*,*,#1264,.T.);
#1340 = ORIENTED_EDGE('',*,*,#1341,.T.);
#1341 = EDGE_CURVE('',#1267,#1342,#1344,.T.);
#1342 = VERTEX_POINT('',#1343);
#1343 = CARTESIAN_POINT('',(0.6,-0.545,4.E-02));
#1344 = LINE('',#1345,#1346);
#1345 = CARTESIAN_POINT('',(-0.6,-0.545,4.E-02));
#1346 = VECTOR('',#1347,1.);
#1347 = DIRECTION('',(1.,0.,0.));
#1348 = ORIENTED_EDGE('',*,*,#1349,.F.);
#1349 = EDGE_CURVE('',#1350,#1342,#1352,.T.);
#1350 = VERTEX_POINT('',#1351);
#1351 = CARTESIAN_POINT('',(0.6,-0.585,8.E-02));
#1352 = CIRCLE('',#1353,4.E-02);
#1353 = AXIS2_PLACEMENT_3D('',#1354,#1355,#1356);
#1354 = CARTESIAN_POINT('',(0.6,-0.545,8.E-02));
#1355 = DIRECTION('',(1.,0.,-0.));
#1356 = DIRECTION('',(0.,0.,1.));
#1357 = ORIENTED_EDGE('',*,*,#1358,.F.);
#1358 = EDGE_CURVE('',#1265,#1350,#1359,.T.);
#1359 = LINE('',#1360,#1361);
#1360 = CARTESIAN_POINT('',(-0.6,-0.585,8.E-02));
#1361 = VECTOR('',#1362,1.);
#1362 = DIRECTION('',(1.,0.,0.));
#1363 = CYLINDRICAL_SURFACE('',#1364,4.E-02);
#1364 = AXIS2_PLACEMENT_3D('',#1365,#1366,#1367);
#1365 = CARTESIAN_POINT('',(-0.6,-0.545,8.E-02));
#1366 = DIRECTION('',(1.,0.,0.));
#1367 = DIRECTION('',(0.,-1.,0.));
#1368 = ADVANCED_FACE('',(#1369),#1387,.F.);
#1369 = FACE_BOUND('',#1370,.F.);
#1370 = EDGE_LOOP('',(#1371,#1372,#1373,#1381));
#1371 = ORIENTED_EDGE('',*,*,#1326,.F.);
#1372 = ORIENTED_EDGE('',*,*,#1341,.T.);
#1373 = ORIENTED_EDGE('',*,*,#1374,.T.);
#1374 = EDGE_CURVE('',#1342,#1375,#1377,.T.);
#1375 = VERTEX_POINT('',#1376);
#1376 = CARTESIAN_POINT('',(0.6,0.545,4.E-02));
#1377 = LINE('',#1378,#1379);
#1378 = CARTESIAN_POINT('',(0.6,-0.585,4.E-02));
#1379 = VECTOR('',#1380,1.);
#1380 = DIRECTION('',(0.,1.,0.));
#1381 = ORIENTED_EDGE('',*,*,#1382,.F.);
#1382 = EDGE_CURVE('',#1318,#1375,#1383,.T.);
#1383 = LINE('',#1384,#1385);
#1384 = CARTESIAN_POINT('',(-0.6,0.545,4.E-02));
#1385 = VECTOR('',#1386,1.);
#1386 = DIRECTION('',(1.,0.,0.));
#1387 = PLANE('',#1388);
#1388 = AXIS2_PLACEMENT_3D('',#1389,#1390,#1391);
#1389 = CARTESIAN_POINT('',(-0.6,-0.585,4.E-02));
#1390 = DIRECTION('',(0.,0.,1.));
#1391 = DIRECTION('',(1.,0.,-0.));
#1392 = ADVANCED_FACE('',(#1393),#1412,.T.);
#1393 = FACE_BOUND('',#1394,.T.);
#1394 = EDGE_LOOP('',(#1395,#1403,#1410,#1411));
#1395 = ORIENTED_EDGE('',*,*,#1396,.T.);
#1396 = EDGE_CURVE('',#1310,#1397,#1399,.T.);
#1397 = VERTEX_POINT('',#1398);
#1398 = CARTESIAN_POINT('',(0.6,0.585,8.E-02));
#1399 = LINE('',#1400,#1401);
#1400 = CARTESIAN_POINT('',(-0.6,0.585,8.E-02));
#1401 = VECTOR('',#1402,1.);
#1402 = DIRECTION('',(1.,0.,0.));
#1403 = ORIENTED_EDGE('',*,*,#1404,.T.);
#1404 = EDGE_CURVE('',#1397,#1375,#1405,.T.);
#1405 = CIRCLE('',#1406,4.E-02);
#1406 = AXIS2_PLACEMENT_3D('',#1407,#1408,#1409);
#1407 = CARTESIAN_POINT('',(0.6,0.545,8.E-02));
#1408 = DIRECTION('',(-1.,0.,0.));
#1409 = DIRECTION('',(0.,0.,1.));
#1410 = ORIENTED_EDGE('',*,*,#1382,.F.);
#1411 = ORIENTED_EDGE('',*,*,#1317,.F.);
#1412 = CYLINDRICAL_SURFACE('',#1413,4.E-02);
#1413 = AXIS2_PLACEMENT_3D('',#1414,#1415,#1416);
#1414 = CARTESIAN_POINT('',(-0.6,0.545,8.E-02));
#1415 = DIRECTION('',(1.,0.,0.));
#1416 = DIRECTION('',(-0.,1.,0.));
#1417 = ADVANCED_FACE('',(#1418),#1436,.T.);
#1418 = FACE_BOUND('',#1419,.T.);
#1419 = EDGE_LOOP('',(#1420,#1428,#1429,#1430));
#1420 = ORIENTED_EDGE('',*,*,#1421,.F.);
#1421 = EDGE_CURVE('',#1397,#1422,#1424,.T.);
#1422 = VERTEX_POINT('',#1423);
#1423 = CARTESIAN_POINT('',(0.6,0.585,1.17));
#1424 = LINE('',#1425,#1426);
#1425 = CARTESIAN_POINT('',(0.6,0.585,4.E-02));
#1426 = VECTOR('',#1427,1.);
#1427 = DIRECTION('',(0.,0.,1.));
#1428 = ORIENTED_EDGE('',*,*,#1396,.F.);
#1429 = ORIENTED_EDGE('',*,*,#1309,.T.);
#1430 = ORIENTED_EDGE('',*,*,#1431,.T.);
#1431 = EDGE_CURVE('',#1301,#1422,#1432,.T.);
#1432 = LINE('',#1433,#1434);
#1433 = CARTESIAN_POINT('',(-0.6,0.585,1.17));
#1434 = VECTOR('',#1435,1.);
#1435 = DIRECTION('',(1.,0.,0.));
#1436 = PLANE('',#1437);
#1437 = AXIS2_PLACEMENT_3D('',#1438,#1439,#1440);
#1438 = CARTESIAN_POINT('',(-0.6,0.585,4.E-02));
#1439 = DIRECTION('',(0.,1.,0.));
#1440 = DIRECTION('',(0.,-0.,1.));
#1441 = ADVANCED_FACE('',(#1442),#1461,.T.);
#1442 = FACE_BOUND('',#1443,.T.);
#1443 = EDGE_LOOP('',(#1444,#1445,#1453,#1460));
#1444 = ORIENTED_EDGE('',*,*,#1300,.T.);
#1445 = ORIENTED_EDGE('',*,*,#1446,.T.);
#1446 = EDGE_CURVE('',#1293,#1447,#1449,.T.);
#1447 = VERTEX_POINT('',#1448);
#1448 = CARTESIAN_POINT('',(0.6,0.545,1.21));
#1449 = LINE('',#1450,#1451);
#1450 = CARTESIAN_POINT('',(-0.6,0.545,1.21));
#1451 = VECTOR('',#1452,1.);
#1452 = DIRECTION('',(1.,0.,0.));
#1453 = ORIENTED_EDGE('',*,*,#1454,.F.);
#1454 = EDGE_CURVE('',#1422,#1447,#1455,.T.);
#1455 = CIRCLE('',#1456,4.E-02);
#1456 = AXIS2_PLACEMENT_3D('',#1457,#1458,#1459);
#1457 = CARTESIAN_POINT('',(0.6,0.545,1.17));
#1458 = DIRECTION('',(1.,0.,-0.));
#1459 = DIRECTION('',(0.,0.,1.));
#1460 = ORIENTED_EDGE('',*,*,#1431,.F.);
#1461 = CYLINDRICAL_SURFACE('',#1462,4.E-02);
#1462 = AXIS2_PLACEMENT_3D('',#1463,#1464,#1465);
#1463 = CARTESIAN_POINT('',(-0.6,0.545,1.17));
#1464 = DIRECTION('',(1.,0.,0.));
#1465 = DIRECTION('',(-0.,1.,0.));
#1466 = ADVANCED_FACE('',(#1467),#1485,.T.);
#1467 = FACE_BOUND('',#1468,.T.);
#1468 = EDGE_LOOP('',(#1469,#1470,#1478,#1484));
#1469 = ORIENTED_EDGE('',*,*,#1292,.F.);
#1470 = ORIENTED_EDGE('',*,*,#1471,.T.);
#1471 = EDGE_CURVE('',#1284,#1472,#1474,.T.);
#1472 = VERTEX_POINT('',#1473);
#1473 = CARTESIAN_POINT('',(0.6,-0.545,1.21));
#1474 = LINE('',#1475,#1476);
#1475 = CARTESIAN_POINT('',(-0.6,-0.545,1.21));
#1476 = VECTOR('',#1477,1.);
#1477 = DIRECTION('',(1.,0.,0.));
#1478 = ORIENTED_EDGE('',*,*,#1479,.T.);
#1479 = EDGE_CURVE('',#1472,#1447,#1480,.T.);
#1480 = LINE('',#1481,#1482);
#1481 = CARTESIAN_POINT('',(0.6,-0.585,1.21));
#1482 = VECTOR('',#1483,1.);
#1483 = DIRECTION('',(0.,1.,0.));
#1484 = ORIENTED_EDGE('',*,*,#1446,.F.);
#1485 = PLANE('',#1486);
#1486 = AXIS2_PLACEMENT_3D('',#1487,#1488,#1489);
#1487 = CARTESIAN_POINT('',(-0.6,-0.585,1.21));
#1488 = DIRECTION('',(0.,0.,1.));
#1489 = DIRECTION('',(1.,0.,-0.));
#1490 = ADVANCED_FACE('',(#1491),#1510,.T.);
#1491 = FACE_BOUND('',#1492,.T.);
#1492 = EDGE_LOOP('',(#1493,#1501,#1508,#1509));
#1493 = ORIENTED_EDGE('',*,*,#1494,.T.);
#1494 = EDGE_CURVE('',#1276,#1495,#1497,.T.);
#1495 = VERTEX_POINT('',#1496);
#1496 = CARTESIAN_POINT('',(0.6,-0.585,1.17));
#1497 = LINE('',#1498,#1499);
#1498 = CARTESIAN_POINT('',(-0.6,-0.585,1.17));
#1499 = VECTOR('',#1500,1.);
#1500 = DIRECTION('',(1.,0.,0.));
#1501 = ORIENTED_EDGE('',*,*,#1502,.T.);
#1502 = EDGE_CURVE('',#1495,#1472,#1503,.T.);
#1503 = CIRCLE('',#1504,4.E-02);
#1504 = AXIS2_PLACEMENT_3D('',#1505,#1506,#1507);
#1505 = CARTESIAN_POINT('',(0.6,-0.545,1.17));
#1506 = DIRECTION('',(-1.,0.,0.));
#1507 = DIRECTION('',(0.,0.,1.));
#1508 = ORIENTED_EDGE('',*,*,#1471,.F.);
#1509 = ORIENTED_EDGE('',*,*,#1283,.F.);
#1510 = CYLINDRICAL_SURFACE('',#1511,4.E-02);
#1511 = AXIS2_PLACEMENT_3D('',#1512,#1513,#1514);
#1512 = CARTESIAN_POINT('',(-0.6,-0.545,1.17));
#1513 = DIRECTION('',(1.,0.,0.));
#1514 = DIRECTION('',(0.,-1.,0.));
#1515 = ADVANCED_FACE('',(#1516),#1527,.F.);
#1516 = FACE_BOUND('',#1517,.F.);
#1517 = EDGE_LOOP('',(#1518,#1524,#1525,#1526));
#1518 = ORIENTED_EDGE('',*,*,#1519,.F.);
#1519 = EDGE_CURVE('',#1350,#1495,#1520,.T.);
#1520 = LINE('',#1521,#1522);
#1521 = CARTESIAN_POINT('',(0.6,-0.585,4.E-02));
#1522 = VECTOR('',#1523,1.);
#1523 = DIRECTION('',(0.,0.,1.));
#1524 = ORIENTED_EDGE('',*,*,#1358,.F.);
#1525 = ORIENTED_EDGE('',*,*,#1275,.T.);
#1526 = ORIENTED_EDGE('',*,*,#1494,.T.);
#1527 = PLANE('',#1528);
#1528 = AXIS2_PLACEMENT_3D('',#1529,#1530,#1531);
#1529 = CARTESIAN_POINT('',(-0.6,-0.585,4.E-02));
#1530 = DIRECTION('',(0.,1.,0.));
#1531 = DIRECTION('',(0.,-0.,1.));
#1532 = ADVANCED_FACE('',(#1533,#1603),#1613,.F.);
#1533 = FACE_BOUND('',#1534,.F.);
#1534 = EDGE_LOOP('',(#1535,#1545,#1554,#1562,#1571,#1579,#1588,#1596));
#1535 = ORIENTED_EDGE('',*,*,#1536,.F.);
#1536 = EDGE_CURVE('',#1537,#1539,#1541,.T.);
#1537 = VERTEX_POINT('',#1538);
#1538 = CARTESIAN_POINT('',(0.6,-0.625,4.E-02));
#1539 = VERTEX_POINT('',#1540);
#1540 = CARTESIAN_POINT('',(0.6,-0.625,1.21));
#1541 = LINE('',#1542,#1543);
#1542 = CARTESIAN_POINT('',(0.6,-0.625,0.));
#1543 = VECTOR('',#1544,1.);
#1544 = DIRECTION('',(0.,0.,1.));
#1545 = ORIENTED_EDGE('',*,*,#1546,.T.);
#1546 = EDGE_CURVE('',#1537,#1547,#1549,.T.);
#1547 = VERTEX_POINT('',#1548);
#1548 = CARTESIAN_POINT('',(0.6,-0.585,0.));
#1549 = CIRCLE('',#1550,4.E-02);
#1550 = AXIS2_PLACEMENT_3D('',#1551,#1552,#1553);
#1551 = CARTESIAN_POINT('',(0.6,-0.585,4.E-02));
#1552 = DIRECTION('',(1.,0.,-0.));
#1553 = DIRECTION('',(0.,0.,1.));
#1554 = ORIENTED_EDGE('',*,*,#1555,.T.);
#1555 = EDGE_CURVE('',#1547,#1556,#1558,.T.);
#1556 = VERTEX_POINT('',#1557);
#1557 = CARTESIAN_POINT('',(0.6,0.585,0.));
#1558 = LINE('',#1559,#1560);
#1559 = CARTESIAN_POINT('',(0.6,-0.625,0.));
#1560 = VECTOR('',#1561,1.);
#1561 = DIRECTION('',(0.,1.,0.));
#1562 = ORIENTED_EDGE('',*,*,#1563,.F.);
#1563 = EDGE_CURVE('',#1564,#1556,#1566,.T.);
#1564 = VERTEX_POINT('',#1565);
#1565 = CARTESIAN_POINT('',(0.6,0.625,4.E-02));
#1566 = CIRCLE('',#1567,4.E-02);
#1567 = AXIS2_PLACEMENT_3D('',#1568,#1569,#1570);
#1568 = CARTESIAN_POINT('',(0.6,0.585,4.E-02));
#1569 = DIRECTION('',(-1.,0.,0.));
#1570 = DIRECTION('',(0.,0.,1.));
#1571 = ORIENTED_EDGE('',*,*,#1572,.T.);
#1572 = EDGE_CURVE('',#1564,#1573,#1575,.T.);
#1573 = VERTEX_POINT('',#1574);
#1574 = CARTESIAN_POINT('',(0.6,0.625,1.21));
#1575 = LINE('',#1576,#1577);
#1576 = CARTESIAN_POINT('',(0.6,0.625,0.));
#1577 = VECTOR('',#1578,1.);
#1578 = DIRECTION('',(0.,0.,1.));
#1579 = ORIENTED_EDGE('',*,*,#1580,.T.);
#1580 = EDGE_CURVE('',#1573,#1581,#1583,.T.);
#1581 = VERTEX_POINT('',#1582);
#1582 = CARTESIAN_POINT('',(0.6,0.585,1.25));
#1583 = CIRCLE('',#1584,4.E-02);
#1584 = AXIS2_PLACEMENT_3D('',#1585,#1586,#1587);
#1585 = CARTESIAN_POINT('',(0.6,0.585,1.21));
#1586 = DIRECTION('',(1.,0.,-0.));
#1587 = DIRECTION('',(0.,0.,1.));
#1588 = ORIENTED_EDGE('',*,*,#1589,.F.);
#1589 = EDGE_CURVE('',#1590,#1581,#1592,.T.);
#1590 = VERTEX_POINT('',#1591);
#1591 = CARTESIAN_POINT('',(0.6,-0.585,1.25));
#1592 = LINE('',#1593,#1594);
#1593 = CARTESIAN_POINT('',(0.6,-0.625,1.25));
#1594 = VECTOR('',#1595,1.);
#1595 = DIRECTION('',(0.,1.,0.));
#1596 = ORIENTED_EDGE('',*,*,#1597,.F.);
#1597 = EDGE_CURVE('',#1539,#1590,#1598,.T.);
#1598 = CIRCLE('',#1599,4.E-02);
#1599 = AXIS2_PLACEMENT_3D('',#1600,#1601,#1602);
#1600 = CARTESIAN_POINT('',(0.6,-0.585,1.21));
#1601 = DIRECTION('',(-1.,0.,0.));
#1602 = DIRECTION('',(0.,0.,1.));
#1603 = FACE_BOUND('',#1604,.F.);
#1604 = EDGE_LOOP('',(#1605,#1606,#1607,#1608,#1609,#1610,#1611,#1612));
#1605 = ORIENTED_EDGE('',*,*,#1349,.F.);
#1606 = ORIENTED_EDGE('',*,*,#1519,.T.);
#1607 = ORIENTED_EDGE('',*,*,#1502,.T.);
#1608 = ORIENTED_EDGE('',*,*,#1479,.T.);
#1609 = ORIENTED_EDGE('',*,*,#1454,.F.);
#1610 = ORIENTED_EDGE('',*,*,#1421,.F.);
#1611 = ORIENTED_EDGE('',*,*,#1404,.T.);
#1612 = ORIENTED_EDGE('',*,*,#1374,.F.);
#1613 = PLANE('',#1614);
#1614 = AXIS2_PLACEMENT_3D('',#1615,#1616,#1617);
#1615 = CARTESIAN_POINT('',(0.6,-0.625,0.));
#1616 = DIRECTION('',(1.,0.,0.));
#1617 = DIRECTION('',(0.,0.,1.));
#1618 = ADVANCED_FACE('',(#1619),#1644,.F.);
#1619 = FACE_BOUND('',#1620,.F.);
#1620 = EDGE_LOOP('',(#1621,#1631,#1637,#1638));
#1621 = ORIENTED_EDGE('',*,*,#1622,.F.);
#1622 = EDGE_CURVE('',#1623,#1625,#1627,.T.);
#1623 = VERTEX_POINT('',#1624);
#1624 = CARTESIAN_POINT('',(1.,-0.625,4.E-02));
#1625 = VERTEX_POINT('',#1626);
#1626 = CARTESIAN_POINT('',(1.,-0.625,1.21));
#1627 = LINE('',#1628,#1629);
#1628 = CARTESIAN_POINT('',(1.,-0.625,0.));
#1629 = VECTOR('',#1630,1.);
#1630 = DIRECTION('',(0.,0.,1.));
#1631 = ORIENTED_EDGE('',*,*,#1632,.F.);
#1632 = EDGE_CURVE('',#1537,#1623,#1633,.T.);
#1633 = LINE('',#1634,#1635);
#1634 = CARTESIAN_POINT('',(0.6,-0.625,4.E-02));
#1635 = VECTOR('',#1636,1.);
#1636 = DIRECTION('',(1.,0.,0.));
#1637 = ORIENTED_EDGE('',*,*,#1536,.T.);
#1638 = ORIENTED_EDGE('',*,*,#1639,.T.);
#1639 = EDGE_CURVE('',#1539,#1625,#1640,.T.);
#1640 = LINE('',#1641,#1642);
#1641 = CARTESIAN_POINT('',(0.6,-0.625,1.21));
#1642 = VECTOR('',#1643,1.);
#1643 = DIRECTION('',(1.,0.,0.));
#1644 = PLANE('',#1645);
#1645 = AXIS2_PLACEMENT_3D('',#1646,#1647,#1648);
#1646 = CARTESIAN_POINT('',(0.6,-0.625,0.));
#1647 = DIRECTION('',(0.,1.,0.));
#1648 = DIRECTION('',(0.,-0.,1.));
#1649 = ADVANCED_FACE('',(#1650),#1669,.T.);
#1650 = FACE_BOUND('',#1651,.T.);
#1651 = EDGE_LOOP('',(#1652,#1653,#1661,#1668));
#1652 = ORIENTED_EDGE('',*,*,#1546,.T.);
#1653 = ORIENTED_EDGE('',*,*,#1654,.T.);
#1654 = EDGE_CURVE('',#1547,#1655,#1657,.T.);
#1655 = VERTEX_POINT('',#1656);
#1656 = CARTESIAN_POINT('',(1.,-0.585,0.));
#1657 = LINE('',#1658,#1659);
#1658 = CARTESIAN_POINT('',(0.6,-0.585,0.));
#1659 = VECTOR('',#1660,1.);
#1660 = DIRECTION('',(1.,0.,0.));
#1661 = ORIENTED_EDGE('',*,*,#1662,.F.);
#1662 = EDGE_CURVE('',#1623,#1655,#1663,.T.);
#1663 = CIRCLE('',#1664,4.E-02);
#1664 = AXIS2_PLACEMENT_3D('',#1665,#1666,#1667);
#1665 = CARTESIAN_POINT('',(1.,-0.585,4.E-02));
#1666 = DIRECTION('',(1.,0.,-0.));
#1667 = DIRECTION('',(0.,0.,1.));
#1668 = ORIENTED_EDGE('',*,*,#1632,.F.);
#1669 = CYLINDRICAL_SURFACE('',#1670,4.E-02);
#1670 = AXIS2_PLACEMENT_3D('',#1671,#1672,#1673);
#1671 = CARTESIAN_POINT('',(0.6,-0.585,4.E-02));
#1672 = DIRECTION('',(1.,0.,0.));
#1673 = DIRECTION('',(0.,-1.,0.));
#1674 = ADVANCED_FACE('',(#1675),#1694,.T.);
#1675 = FACE_BOUND('',#1676,.T.);
#1676 = EDGE_LOOP('',(#1677,#1678,#1687,#1693));
#1677 = ORIENTED_EDGE('',*,*,#1639,.T.);
#1678 = ORIENTED_EDGE('',*,*,#1679,.T.);
#1679 = EDGE_CURVE('',#1625,#1680,#1682,.T.);
#1680 = VERTEX_POINT('',#1681);
#1681 = CARTESIAN_POINT('',(1.,-0.585,1.25));
#1682 = CIRCLE('',#1683,4.E-02);
#1683 = AXIS2_PLACEMENT_3D('',#1684,#1685,#1686);
#1684 = CARTESIAN_POINT('',(1.,-0.585,1.21));
#1685 = DIRECTION('',(-1.,0.,0.));
#1686 = DIRECTION('',(0.,0.,1.));
#1687 = ORIENTED_EDGE('',*,*,#1688,.F.);
#1688 = EDGE_CURVE('',#1590,#1680,#1689,.T.);
#1689 = LINE('',#1690,#1691);
#1690 = CARTESIAN_POINT('',(0.6,-0.585,1.25));
#1691 = VECTOR('',#1692,1.);
#1692 = DIRECTION('',(1.,0.,0.));
#1693 = ORIENTED_EDGE('',*,*,#1597,.F.);
#1694 = CYLINDRICAL_SURFACE('',#1695,4.E-02);
#1695 = AXIS2_PLACEMENT_3D('',#1696,#1697,#1698);
#1696 = CARTESIAN_POINT('',(0.6,-0.585,1.21));
#1697 = DIRECTION('',(1.,0.,0.));
#1698 = DIRECTION('',(0.,-1.,0.));
#1699 = ADVANCED_FACE('',(#1700),#1718,.F.);
#1700 = FACE_BOUND('',#1701,.F.);
#1701 = EDGE_LOOP('',(#1702,#1703,#1704,#1712));
#1702 = ORIENTED_EDGE('',*,*,#1555,.F.);
#1703 = ORIENTED_EDGE('',*,*,#1654,.T.);
#1704 = ORIENTED_EDGE('',*,*,#1705,.T.);
#1705 = EDGE_CURVE('',#1655,#1706,#1708,.T.);
#1706 = VERTEX_POINT('',#1707);
#1707 = CARTESIAN_POINT('',(1.,0.585,0.));
#1708 = LINE('',#1709,#1710);
#1709 = CARTESIAN_POINT('',(1.,-0.625,0.));
#1710 = VECTOR('',#1711,1.);
#1711 = DIRECTION('',(0.,1.,0.));
#1712 = ORIENTED_EDGE('',*,*,#1713,.F.);
#1713 = EDGE_CURVE('',#1556,#1706,#1714,.T.);
#1714 = LINE('',#1715,#1716);
#1715 = CARTESIAN_POINT('',(0.6,0.585,0.));
#1716 = VECTOR('',#1717,1.);
#1717 = DIRECTION('',(1.,0.,0.));
#1718 = PLANE('',#1719);
#1719 = AXIS2_PLACEMENT_3D('',#1720,#1721,#1722);
#1720 = CARTESIAN_POINT('',(0.6,-0.625,0.));
#1721 = DIRECTION('',(0.,0.,1.));
#1722 = DIRECTION('',(1.,0.,-0.));
#1723 = ADVANCED_FACE('',(#1724),#1742,.T.);
#1724 = FACE_BOUND('',#1725,.T.);
#1725 = EDGE_LOOP('',(#1726,#1727,#1728,#1736));
#1726 = ORIENTED_EDGE('',*,*,#1589,.F.);
#1727 = ORIENTED_EDGE('',*,*,#1688,.T.);
#1728 = ORIENTED_EDGE('',*,*,#1729,.T.);
#1729 = EDGE_CURVE('',#1680,#1730,#1732,.T.);
#1730 = VERTEX_POINT('',#1731);
#1731 = CARTESIAN_POINT('',(1.,0.585,1.25));
#1732 = LINE('',#1733,#1734);
#1733 = CARTESIAN_POINT('',(1.,-0.625,1.25));
#1734 = VECTOR('',#1735,1.);
#1735 = DIRECTION('',(0.,1.,0.));
#1736 = ORIENTED_EDGE('',*,*,#1737,.F.);
#1737 = EDGE_CURVE('',#1581,#1730,#1738,.T.);
#1738 = LINE('',#1739,#1740);
#1739 = CARTESIAN_POINT('',(0.6,0.585,1.25));
#1740 = VECTOR('',#1741,1.);
#1741 = DIRECTION('',(1.,0.,0.));
#1742 = PLANE('',#1743);
#1743 = AXIS2_PLACEMENT_3D('',#1744,#1745,#1746);
#1744 = CARTESIAN_POINT('',(0.6,-0.625,1.25));
#1745 = DIRECTION('',(0.,0.,1.));
#1746 = DIRECTION('',(1.,0.,-0.));
#1747 = ADVANCED_FACE('',(#1748),#1767,.T.);
#1748 = FACE_BOUND('',#1749,.T.);
#1749 = EDGE_LOOP('',(#1750,#1758,#1765,#1766));
#1750 = ORIENTED_EDGE('',*,*,#1751,.T.);
#1751 = EDGE_CURVE('',#1564,#1752,#1754,.T.);
#1752 = VERTEX_POINT('',#1753);
#1753 = CARTESIAN_POINT('',(1.,0.625,4.E-02));
#1754 = LINE('',#1755,#1756);
#1755 = CARTESIAN_POINT('',(0.6,0.625,4.E-02));
#1756 = VECTOR('',#1757,1.);
#1757 = DIRECTION('',(1.,0.,0.));
#1758 = ORIENTED_EDGE('',*,*,#1759,.T.);
#1759 = EDGE_CURVE('',#1752,#1706,#1760,.T.);
#1760 = CIRCLE('',#1761,4.E-02);
#1761 = AXIS2_PLACEMENT_3D('',#1762,#1763,#1764);
#1762 = CARTESIAN_POINT('',(1.,0.585,4.E-02));
#1763 = DIRECTION('',(-1.,0.,0.));
#1764 = DIRECTION('',(0.,0.,1.));
#1765 = ORIENTED_EDGE('',*,*,#1713,.F.);
#1766 = ORIENTED_EDGE('',*,*,#1563,.F.);
#1767 = CYLINDRICAL_SURFACE('',#1768,4.E-02);
#1768 = AXIS2_PLACEMENT_3D('',#1769,#1770,#1771);
#1769 = CARTESIAN_POINT('',(0.6,0.585,4.E-02));
#1770 = DIRECTION('',(1.,0.,0.));
#1771 = DIRECTION('',(-0.,1.,0.));
#1772 = ADVANCED_FACE('',(#1773),#1792,.T.);
#1773 = FACE_BOUND('',#1774,.T.);
#1774 = EDGE_LOOP('',(#1775,#1776,#1777,#1786));
#1775 = ORIENTED_EDGE('',*,*,#1580,.T.);
#1776 = ORIENTED_EDGE('',*,*,#1737,.T.);
#1777 = ORIENTED_EDGE('',*,*,#1778,.F.);
#1778 = EDGE_CURVE('',#1779,#1730,#1781,.T.);
#1779 = VERTEX_POINT('',#1780);
#1780 = CARTESIAN_POINT('',(1.,0.625,1.21));
#1781 = CIRCLE('',#1782,4.E-02);
#1782 = AXIS2_PLACEMENT_3D('',#1783,#1784,#1785);
#1783 = CARTESIAN_POINT('',(1.,0.585,1.21));
#1784 = DIRECTION('',(1.,0.,-0.));
#1785 = DIRECTION('',(0.,0.,1.));
#1786 = ORIENTED_EDGE('',*,*,#1787,.F.);
#1787 = EDGE_CURVE('',#1573,#1779,#1788,.T.);
#1788 = LINE('',#1789,#1790);
#1789 = CARTESIAN_POINT('',(0.6,0.625,1.21));
#1790 = VECTOR('',#1791,1.);
#1791 = DIRECTION('',(1.,0.,0.));
#1792 = CYLINDRICAL_SURFACE('',#1793,4.E-02);
#1793 = AXIS2_PLACEMENT_3D('',#1794,#1795,#1796);
#1794 = CARTESIAN_POINT('',(0.6,0.585,1.21));
#1795 = DIRECTION('',(1.,0.,0.));
#1796 = DIRECTION('',(-0.,1.,0.));
#1797 = ADVANCED_FACE('',(#1798),#1809,.T.);
#1798 = FACE_BOUND('',#1799,.T.);
#1799 = EDGE_LOOP('',(#1800,#1806,#1807,#1808));
#1800 = ORIENTED_EDGE('',*,*,#1801,.F.);
#1801 = EDGE_CURVE('',#1752,#1779,#1802,.T.);
#1802 = LINE('',#1803,#1804);
#1803 = CARTESIAN_POINT('',(1.,0.625,0.));
#1804 = VECTOR('',#1805,1.);
#1805 = DIRECTION('',(0.,0.,1.));
#1806 = ORIENTED_EDGE('',*,*,#1751,.F.);
#1807 = ORIENTED_EDGE('',*,*,#1572,.T.);
#1808 = ORIENTED_EDGE('',*,*,#1787,.T.);
#1809 = PLANE('',#1810);
#1810 = AXIS2_PLACEMENT_3D('',#1811,#1812,#1813);
#1811 = CARTESIAN_POINT('',(0.6,0.625,0.));
#1812 = DIRECTION('',(0.,1.,0.));
#1813 = DIRECTION('',(0.,-0.,1.));
#1814 = ADVANCED_FACE('',(#1815),#1825,.T.);
#1815 = FACE_BOUND('',#1816,.T.);
#1816 = EDGE_LOOP('',(#1817,#1818,#1819,#1820,#1821,#1822,#1823,#1824));
#1817 = ORIENTED_EDGE('',*,*,#1622,.F.);
#1818 = ORIENTED_EDGE('',*,*,#1662,.T.);
#1819 = ORIENTED_EDGE('',*,*,#1705,.T.);
#1820 = ORIENTED_EDGE('',*,*,#1759,.F.);
#1821 = ORIENTED_EDGE('',*,*,#1801,.T.);
#1822 = ORIENTED_EDGE('',*,*,#1778,.T.);
#1823 = ORIENTED_EDGE('',*,*,#1729,.F.);
#1824 = ORIENTED_EDGE('',*,*,#1679,.F.);
#1825 = PLANE('',#1826);
#1826 = AXIS2_PLACEMENT_3D('',#1827,#1828,#1829);
#1827 = CARTESIAN_POINT('',(1.,-0.625,0.));
#1828 = DIRECTION('',(1.,0.,0.));
#1829 = DIRECTION('',(0.,0.,1.));
#1830 = ( GEOMETRIC_REPRESENTATION_CONTEXT(3) 
GLOBAL_UNCERTAINTY_ASSIGNED_CONTEXT((#1834)) 
GLOBAL_UNIT_ASSIGNED_CONTEXT((#1831,#1832,#1833)) REPRESENTATION_CONTEXT
('Context #1','3D Context with UNIT and UNCERTAINTY') );
#1831 = ( LENGTH_UNIT() NAMED_UNIT(*) SI_UNIT(.MILLI.,.METRE.) );
#1832 = ( NAMED_UNIT(*) PLANE_ANGLE_UNIT() SI_UNIT($,.RADIAN.) );
#1833 = ( NAMED_UNIT(*) SI_UNIT($,.STERADIAN.) SOLID_ANGLE_UNIT() );
#1834 = UNCERTAINTY_MEASURE_WITH_UNIT(LENGTH_MEASURE(1.E-07),#1831,
  'distance_accuracy_value','confusion accuracy');
#1835 = CONTEXT_DEPENDENT_SHAPE_REPRESENTATION(#1836,#1838);
#1836 = ( REPRESENTATION_RELATIONSHIP('','',#975,#952) 
REPRESENTATION_RELATIONSHIP_WITH_TRANSFORMATION(#1837) 
SHAPE_REPRESENTATION_RELATIONSHIP() );
#1837 = ITEM_DEFINED_TRANSFORMATION('','',#11,#953);
#1838 = PRODUCT_DEFINITION_SHAPE('Placement','Placement of an item',
  #1839);
#1839 = NEXT_ASSEMBLY_USAGE_OCCURRENCE('3','=>[0:1:1:5]','',#947,#970,$
  );
#1840 = PRODUCT_RELATED_PRODUCT_CATEGORY('part',$,(#972));
#1841 = CONTEXT_DEPENDENT_SHAPE_REPRESENTATION(#1842,#1844);
#1842 = ( REPRESENTATION_RELATIONSHIP('','',#120,#10) 
REPRESENTATION_RELATIONSHIP_WITH_TRANSFORMATION(#1843) 
SHAPE_REPRESENTATION_RELATIONSHIP() );
#1843 = ITEM_DEFINED_TRANSFORMATION('','',#11,#23);
#1844 = PRODUCT_DEFINITION_SHAPE('Placement','Placement of an item',
  #1845);
#1845 = NEXT_ASSEMBLY_USAGE_OCCURRENCE('5','R1','',#5,#115,$);
#1846 = CONTEXT_DEPENDENT_SHAPE_REPRESENTATION(#1847,#1849);
#1847 = ( REPRESENTATION_RELATIONSHIP('','',#120,#10) 
REPRESENTATION_RELATIONSHIP_WITH_TRANSFORMATION(#1848) 
SHAPE_REPRESENTATION_RELATIONSHIP() );
#1848 = ITEM_DEFINED_TRANSFORMATION('','',#11,#27);
#1849 = PRODUCT_DEFINITION_SHAPE('Placement','Placement of an item',
  #1850);
#1850 = NEXT_ASSEMBLY_USAGE_OCCURRENCE('6','R7','',#5,#115,$);
#1851 = CONTEXT_DEPENDENT_SHAPE_REPRESENTATION(#1852,#1854);
#1852 = ( REPRESENTATION_RELATIONSHIP('','',#952,#10) 
REPRESENTATION_RELATIONSHIP_WITH_TRANSFORMATION(#1853) 
SHAPE_REPRESENTATION_RELATIONSHIP() );
#1853 = ITEM_DEFINED_TRANSFORMATION('','',#11,#31);
#1854 = PRODUCT_DEFINITION_SHAPE('Placement','Placement of an item',
  #1855);
#1855 = NEXT_ASSEMBLY_USAGE_OCCURRENCE('7','C3','',#5,#947,$);
#1856 = SHAPE_DEFINITION_REPRESENTATION(#1857,#1863);
#1857 = PRODUCT_DEFINITION_SHAPE('','',#1858);
#1858 = PRODUCT_DEFINITION('design','',#1859,#1862);
#1859 = PRODUCT_DEFINITION_FORMATION('','',#1860);
#1860 = PRODUCT('SW_PUSH-12mm_Wuerth-430476085716',
  'SW_PUSH-12mm_Wuerth-430476085716','',(#1861));
#1861 = PRODUCT_CONTEXT('',#2,'mechanical');
#1862 = PRODUCT_DEFINITION_CONTEXT('part definition',#2,'design');
#1863 = SHAPE_REPRESENTATION('',(#11,#1864),#1868);
#1864 = AXIS2_PLACEMENT_3D('',#1865,#1866,#1867);
#1865 = CARTESIAN_POINT('',(0.,0.,0.));
#1866 = DIRECTION('',(0.,0.,1.));
#1867 = DIRECTION('',(1.,0.,-0.));
#1868 = ( GEOMETRIC_REPRESENTATION_CONTEXT(3) 
GLOBAL_UNCERTAINTY_ASSIGNED_CONTEXT((#1872)) 
GLOBAL_UNIT_ASSIGNED_CONTEXT((#1869,#1870,#1871)) REPRESENTATION_CONTEXT
('Context #1','3D Context with UNIT and UNCERTAINTY') );
#1869 = ( LENGTH_UNIT() NAMED_UNIT(*) SI_UNIT(.MILLI.,.METRE.) );
#1870 = ( NAMED_UNIT(*) PLANE_ANGLE_UNIT() SI_UNIT($,.RADIAN.) );
#1871 = ( NAMED_UNIT(*) SI_UNIT($,.STERADIAN.) SOLID_ANGLE_UNIT() );
#1872 = UNCERTAINTY_MEASURE_WITH_UNIT(LENGTH_MEASURE(1.E-07),#1869,
  'distance_accuracy_value','confusion accuracy');
#1873 = CONTEXT_DEPENDENT_SHAPE_REPRESENTATION(#1874,#1876);
#1874 = ( REPRESENTATION_RELATIONSHIP('','',#1863,#10) 
REPRESENTATION_RELATIONSHIP_WITH_TRANSFORMATION(#1875) 
SHAPE_REPRESENTATION_RELATIONSHIP() );
#1875 = ITEM_DEFINED_TRANSFORMATION('','',#11,#35);
#1876 = PRODUCT_DEFINITION_SHAPE('Placement','Placement of an item',
  #1877);
#1877 = NEXT_ASSEMBLY_USAGE_OCCURRENCE('9','SW1','',#5,#1858,$);
#1878 = PRODUCT_RELATED_PRODUCT_CATEGORY('part',$,(#1860));
#1879 = SHAPE_DEFINITION_REPRESENTATION(#1880,#1886);
#1880 = PRODUCT_DEFINITION_SHAPE('','',#1881);
#1881 = PRODUCT_DEFINITION('design','',#1882,#1885);
#1882 = PRODUCT_DEFINITION_FORMATION('','',#1883);
#1883 = PRODUCT('SW_PUSH-12mm_Wuerth-430476085716',
  'SW_PUSH-12mm_Wuerth-430476085716','',(#1884));
#1884 = PRODUCT_CONTEXT('',#2,'mechanical');
#1885 = PRODUCT_DEFINITION_CONTEXT('part definition',#2,'design');
#1886 = ADVANCED_BREP_SHAPE_REPRESENTATION('',(#11,#1887),#5941);
#1887 = MANIFOLD_SOLID_BREP('',#1888);
#1888 = CLOSED_SHELL('',(#1889,#1993,#2026,#2075,#2099,#2255,#2279,#2329
    ,#2354,#2477,#2501,#2557,#2581,#2697,#2801,#2818,#2835,#2868,#2906,
    #3010,#3055,#3079,#3104,#3128,#3198,#3222,#3247,#3271,#3309,#3326,
    #3338,#3356,#3380,#3543,#3567,#3598,#3615,#3632,#3649,#3666,#3678,
    #3709,#3740,#3757,#3775,#3859,#3884,#3960,#3975,#4059,#4084,#4160,
    #4177,#4210,#4286,#4362,#4377,#4461,#4486,#4562,#4579,#4596,#4631,
    #4648,#4672,#4689,#4713,#4730,#4747,#4759,#4783,#4807,#4824,#4849,
    #4874,#4899,#4924,#4949,#4961,#4973,#5011,#5028,#5045,#5057,#5074,
    #5107,#5124,#5141,#5179,#5196,#5213,#5225,#5242,#5275,#5292,#5309,
    #5326,#5364,#5381,#5398,#5410,#5443,#5460,#5477,#5515,#5532,#5549,
    #5561,#5578,#5611,#5628,#5645,#5678,#5711,#5744,#5764,#5797,#5809,
    #5821,#5833,#5845,#5854,#5863,#5872,#5897,#5906,#5932));
#1889 = ADVANCED_FACE('',(#1890),#1988,.F.);
#1890 = FACE_BOUND('',#1891,.F.);
#1891 = EDGE_LOOP('',(#1892,#1902,#1910,#1918,#1926,#1934,#1942,#1950,
    #1958,#1966,#1974,#1982));
#1892 = ORIENTED_EDGE('',*,*,#1893,.F.);
#1893 = EDGE_CURVE('',#1894,#1896,#1898,.T.);
#1894 = VERTEX_POINT('',#1895);
#1895 = CARTESIAN_POINT('',(11.25,-8.5,0.));
#1896 = VERTEX_POINT('',#1897);
#1897 = CARTESIAN_POINT('',(11.25,-8.5,3.5));
#1898 = LINE('',#1899,#1900);
#1899 = CARTESIAN_POINT('',(11.25,-8.5,0.));
#1900 = VECTOR('',#1901,1.);
#1901 = DIRECTION('',(0.,0.,1.));
#1902 = ORIENTED_EDGE('',*,*,#1903,.F.);
#1903 = EDGE_CURVE('',#1904,#1894,#1906,.T.);
#1904 = VERTEX_POINT('',#1905);
#1905 = CARTESIAN_POINT('',(8.75,-8.5,0.));
#1906 = LINE('',#1907,#1908);
#1907 = CARTESIAN_POINT('',(8.75,-8.5,0.));
#1908 = VECTOR('',#1909,1.);
#1909 = DIRECTION('',(1.,0.,0.));
#1910 = ORIENTED_EDGE('',*,*,#1911,.T.);
#1911 = EDGE_CURVE('',#1904,#1912,#1914,.T.);
#1912 = VERTEX_POINT('',#1913);
#1913 = CARTESIAN_POINT('',(8.75,-8.5,0.1));
#1914 = LINE('',#1915,#1916);
#1915 = CARTESIAN_POINT('',(8.75,-8.5,0.));
#1916 = VECTOR('',#1917,1.);
#1917 = DIRECTION('',(0.,0.,1.));
#1918 = ORIENTED_EDGE('',*,*,#1919,.F.);
#1919 = EDGE_CURVE('',#1920,#1912,#1922,.T.);
#1920 = VERTEX_POINT('',#1921);
#1921 = CARTESIAN_POINT('',(3.75,-8.5,0.1));
#1922 = LINE('',#1923,#1924);
#1923 = CARTESIAN_POINT('',(0.25,-8.5,0.1));
#1924 = VECTOR('',#1925,1.);
#1925 = DIRECTION('',(1.,0.,0.));
#1926 = ORIENTED_EDGE('',*,*,#1927,.F.);
#1927 = EDGE_CURVE('',#1928,#1920,#1930,.T.);
#1928 = VERTEX_POINT('',#1929);
#1929 = CARTESIAN_POINT('',(3.75,-8.5,0.));
#1930 = LINE('',#1931,#1932);
#1931 = CARTESIAN_POINT('',(3.75,-8.5,0.));
#1932 = VECTOR('',#1933,1.);
#1933 = DIRECTION('',(0.,0.,1.));
#1934 = ORIENTED_EDGE('',*,*,#1935,.F.);
#1935 = EDGE_CURVE('',#1936,#1928,#1938,.T.);
#1936 = VERTEX_POINT('',#1937);
#1937 = CARTESIAN_POINT('',(1.25,-8.5,0.));
#1938 = LINE('',#1939,#1940);
#1939 = CARTESIAN_POINT('',(0.25,-8.5,0.));
#1940 = VECTOR('',#1941,1.);
#1941 = DIRECTION('',(1.,0.,0.));
#1942 = ORIENTED_EDGE('',*,*,#1943,.F.);
#1943 = EDGE_CURVE('',#1944,#1936,#1946,.T.);
#1944 = VERTEX_POINT('',#1945);
#1945 = CARTESIAN_POINT('',(1.25,-8.5,3.5));
#1946 = LINE('',#1947,#1948);
#1947 = CARTESIAN_POINT('',(1.25,-8.5,3.5));
#1948 = VECTOR('',#1949,1.);
#1949 = DIRECTION('',(0.,0.,-1.));
#1950 = ORIENTED_EDGE('',*,*,#1951,.T.);
#1951 = EDGE_CURVE('',#1944,#1952,#1954,.T.);
#1952 = VERTEX_POINT('',#1953);
#1953 = CARTESIAN_POINT('',(5.45,-8.5,3.5));
#1954 = LINE('',#1955,#1956);
#1955 = CARTESIAN_POINT('',(0.25,-8.5,3.5));
#1956 = VECTOR('',#1957,1.);
#1957 = DIRECTION('',(1.,0.,0.));
#1958 = ORIENTED_EDGE('',*,*,#1959,.F.);
#1959 = EDGE_CURVE('',#1960,#1952,#1962,.T.);
#1960 = VERTEX_POINT('',#1961);
#1961 = CARTESIAN_POINT('',(5.45,-8.5,3.35));
#1962 = LINE('',#1963,#1964);
#1963 = CARTESIAN_POINT('',(5.45,-8.5,3.35));
#1964 = VECTOR('',#1965,1.);
#1965 = DIRECTION('',(0.,0.,1.));
#1966 = ORIENTED_EDGE('',*,*,#1967,.T.);
#1967 = EDGE_CURVE('',#1960,#1968,#1970,.T.);
#1968 = VERTEX_POINT('',#1969);
#1969 = CARTESIAN_POINT('',(7.05,-8.5,3.35));
#1970 = LINE('',#1971,#1972);
#1971 = CARTESIAN_POINT('',(5.45,-8.5,3.35));
#1972 = VECTOR('',#1973,1.);
#1973 = DIRECTION('',(1.,0.,0.));
#1974 = ORIENTED_EDGE('',*,*,#1975,.T.);
#1975 = EDGE_CURVE('',#1968,#1976,#1978,.T.);
#1976 = VERTEX_POINT('',#1977);
#1977 = CARTESIAN_POINT('',(7.05,-8.5,3.5));
#1978 = LINE('',#1979,#1980);
#1979 = CARTESIAN_POINT('',(7.05,-8.5,3.35));
#1980 = VECTOR('',#1981,1.);
#1981 = DIRECTION('',(0.,0.,1.));
#1982 = ORIENTED_EDGE('',*,*,#1983,.T.);
#1983 = EDGE_CURVE('',#1976,#1896,#1984,.T.);
#1984 = LINE('',#1985,#1986);
#1985 = CARTESIAN_POINT('',(0.25,-8.5,3.5));
#1986 = VECTOR('',#1987,1.);
#1987 = DIRECTION('',(1.,0.,0.));
#1988 = PLANE('',#1989);
#1989 = AXIS2_PLACEMENT_3D('',#1990,#1991,#1992);
#1990 = CARTESIAN_POINT('',(0.25,-8.5,0.));
#1991 = DIRECTION('',(0.,1.,0.));
#1992 = DIRECTION('',(1.,0.,0.));
#1993 = ADVANCED_FACE('',(#1994),#2021,.T.);
#1994 = FACE_BOUND('',#1995,.T.);
#1995 = EDGE_LOOP('',(#1996,#1997,#2006,#2014));
#1996 = ORIENTED_EDGE('',*,*,#1893,.F.);
#1997 = ORIENTED_EDGE('',*,*,#1998,.F.);
#1998 = EDGE_CURVE('',#1999,#1894,#2001,.T.);
#1999 = VERTEX_POINT('',#2000);
#2000 = CARTESIAN_POINT('',(12.25,-7.5,0.));
#2001 = CIRCLE('',#2002,1.);
#2002 = AXIS2_PLACEMENT_3D('',#2003,#2004,#2005);
#2003 = CARTESIAN_POINT('',(11.25,-7.5,0.));
#2004 = DIRECTION('',(-0.,-0.,-1.));
#2005 = DIRECTION('',(0.,-1.,0.));
#2006 = ORIENTED_EDGE('',*,*,#2007,.T.);
#2007 = EDGE_CURVE('',#1999,#2008,#2010,.T.);
#2008 = VERTEX_POINT('',#2009);
#2009 = CARTESIAN_POINT('',(12.25,-7.5,3.5));
#2010 = LINE('',#2011,#2012);
#2011 = CARTESIAN_POINT('',(12.25,-7.5,0.));
#2012 = VECTOR('',#2013,1.);
#2013 = DIRECTION('',(0.,0.,1.));
#2014 = ORIENTED_EDGE('',*,*,#2015,.F.);
#2015 = EDGE_CURVE('',#1896,#2008,#2016,.T.);
#2016 = CIRCLE('',#2017,1.);
#2017 = AXIS2_PLACEMENT_3D('',#2018,#2019,#2020);
#2018 = CARTESIAN_POINT('',(11.25,-7.5,3.5));
#2019 = DIRECTION('',(-0.,0.,1.));
#2020 = DIRECTION('',(0.,-1.,0.));
#2021 = CYLINDRICAL_SURFACE('',#2022,1.);
#2022 = AXIS2_PLACEMENT_3D('',#2023,#2024,#2025);
#2023 = CARTESIAN_POINT('',(11.25,-7.5,0.));
#2024 = DIRECTION('',(0.,0.,1.));
#2025 = DIRECTION('',(0.,-1.,0.));
#2026 = ADVANCED_FACE('',(#2027),#2070,.F.);
#2027 = FACE_BOUND('',#2028,.F.);
#2028 = EDGE_LOOP('',(#2029,#2037,#2038,#2039,#2047,#2055,#2063));
#2029 = ORIENTED_EDGE('',*,*,#2030,.F.);
#2030 = EDGE_CURVE('',#1904,#2031,#2033,.T.);
#2031 = VERTEX_POINT('',#2032);
#2032 = CARTESIAN_POINT('',(8.75,-6.,0.));
#2033 = LINE('',#2034,#2035);
#2034 = CARTESIAN_POINT('',(8.75,-8.5,0.));
#2035 = VECTOR('',#2036,1.);
#2036 = DIRECTION('',(0.,1.,0.));
#2037 = ORIENTED_EDGE('',*,*,#1903,.T.);
#2038 = ORIENTED_EDGE('',*,*,#1998,.F.);
#2039 = ORIENTED_EDGE('',*,*,#2040,.T.);
#2040 = EDGE_CURVE('',#1999,#2041,#2043,.T.);
#2041 = VERTEX_POINT('',#2042);
#2042 = CARTESIAN_POINT('',(12.25,-5.5,0.));
#2043 = LINE('',#2044,#2045);
#2044 = CARTESIAN_POINT('',(12.25,-8.5,0.));
#2045 = VECTOR('',#2046,1.);
#2046 = DIRECTION('',(0.,1.,0.));
#2047 = ORIENTED_EDGE('',*,*,#2048,.T.);
#2048 = EDGE_CURVE('',#2041,#2049,#2051,.T.);
#2049 = VERTEX_POINT('',#2050);
#2050 = CARTESIAN_POINT('',(12.25,-5.,0.));
#2051 = LINE('',#2052,#2053);
#2052 = CARTESIAN_POINT('',(12.25,-8.5,0.));
#2053 = VECTOR('',#2054,1.);
#2054 = DIRECTION('',(0.,1.,0.));
#2055 = ORIENTED_EDGE('',*,*,#2056,.F.);
#2056 = EDGE_CURVE('',#2057,#2049,#2059,.T.);
#2057 = VERTEX_POINT('',#2058);
#2058 = CARTESIAN_POINT('',(9.75,-5.,0.));
#2059 = LINE('',#2060,#2061);
#2060 = CARTESIAN_POINT('',(8.75,-5.,0.));
#2061 = VECTOR('',#2062,1.);
#2062 = DIRECTION('',(1.,0.,0.));
#2063 = ORIENTED_EDGE('',*,*,#2064,.F.);
#2064 = EDGE_CURVE('',#2031,#2057,#2065,.T.);
#2065 = CIRCLE('',#2066,1.);
#2066 = AXIS2_PLACEMENT_3D('',#2067,#2068,#2069);
#2067 = CARTESIAN_POINT('',(9.75,-6.,0.));
#2068 = DIRECTION('',(-0.,-0.,-1.));
#2069 = DIRECTION('',(0.,-1.,0.));
#2070 = PLANE('',#2071);
#2071 = AXIS2_PLACEMENT_3D('',#2072,#2073,#2074);
#2072 = CARTESIAN_POINT('',(8.75,-8.5,0.));
#2073 = DIRECTION('',(0.,0.,1.));
#2074 = DIRECTION('',(1.,0.,-0.));
#2075 = ADVANCED_FACE('',(#2076),#2094,.F.);
#2076 = FACE_BOUND('',#2077,.F.);
#2077 = EDGE_LOOP('',(#2078,#2086,#2087,#2088));
#2078 = ORIENTED_EDGE('',*,*,#2079,.F.);
#2079 = EDGE_CURVE('',#1912,#2080,#2082,.T.);
#2080 = VERTEX_POINT('',#2081);
#2081 = CARTESIAN_POINT('',(8.75,-6.,0.1));
#2082 = LINE('',#2083,#2084);
#2083 = CARTESIAN_POINT('',(8.75,-8.5,0.1));
#2084 = VECTOR('',#2085,1.);
#2085 = DIRECTION('',(0.,1.,0.));
#2086 = ORIENTED_EDGE('',*,*,#1911,.F.);
#2087 = ORIENTED_EDGE('',*,*,#2030,.T.);
#2088 = ORIENTED_EDGE('',*,*,#2089,.T.);
#2089 = EDGE_CURVE('',#2031,#2080,#2090,.T.);
#2090 = LINE('',#2091,#2092);
#2091 = CARTESIAN_POINT('',(8.75,-6.,0.));
#2092 = VECTOR('',#2093,1.);
#2093 = DIRECTION('',(0.,0.,1.));
#2094 = PLANE('',#2095);
#2095 = AXIS2_PLACEMENT_3D('',#2096,#2097,#2098);
#2096 = CARTESIAN_POINT('',(8.75,-8.5,0.));
#2097 = DIRECTION('',(1.,0.,0.));
#2098 = DIRECTION('',(0.,0.,1.));
#2099 = ADVANCED_FACE('',(#2100),#2250,.F.);
#2100 = FACE_BOUND('',#2101,.F.);
#2101 = EDGE_LOOP('',(#2102,#2112,#2120,#2129,#2135,#2136,#2137,#2146,
    #2154,#2162,#2170,#2178,#2186,#2195,#2203,#2211,#2219,#2228,#2236,
    #2244));
#2102 = ORIENTED_EDGE('',*,*,#2103,.F.);
#2103 = EDGE_CURVE('',#2104,#2106,#2108,.T.);
#2104 = VERTEX_POINT('',#2105);
#2105 = CARTESIAN_POINT('',(0.25,-5.,0.1));
#2106 = VERTEX_POINT('',#2107);
#2107 = CARTESIAN_POINT('',(0.25,-4.5,0.1));
#2108 = LINE('',#2109,#2110);
#2109 = CARTESIAN_POINT('',(0.25,-8.5,0.1));
#2110 = VECTOR('',#2111,1.);
#2111 = DIRECTION('',(0.,1.,0.));
#2112 = ORIENTED_EDGE('',*,*,#2113,.T.);
#2113 = EDGE_CURVE('',#2104,#2114,#2116,.T.);
#2114 = VERTEX_POINT('',#2115);
#2115 = CARTESIAN_POINT('',(2.75,-5.,0.1));
#2116 = LINE('',#2117,#2118);
#2117 = CARTESIAN_POINT('',(0.25,-5.,0.1));
#2118 = VECTOR('',#2119,1.);
#2119 = DIRECTION('',(1.,0.,0.));
#2120 = ORIENTED_EDGE('',*,*,#2121,.F.);
#2121 = EDGE_CURVE('',#2122,#2114,#2124,.T.);
#2122 = VERTEX_POINT('',#2123);
#2123 = CARTESIAN_POINT('',(3.75,-6.,0.1));
#2124 = CIRCLE('',#2125,1.);
#2125 = AXIS2_PLACEMENT_3D('',#2126,#2127,#2128);
#2126 = CARTESIAN_POINT('',(2.75,-6.,0.1));
#2127 = DIRECTION('',(-0.,0.,1.));
#2128 = DIRECTION('',(0.,-1.,0.));
#2129 = ORIENTED_EDGE('',*,*,#2130,.F.);
#2130 = EDGE_CURVE('',#1920,#2122,#2131,.T.);
#2131 = LINE('',#2132,#2133);
#2132 = CARTESIAN_POINT('',(3.75,-8.5,0.1));
#2133 = VECTOR('',#2134,1.);
#2134 = DIRECTION('',(0.,1.,0.));
#2135 = ORIENTED_EDGE('',*,*,#1919,.T.);
#2136 = ORIENTED_EDGE('',*,*,#2079,.T.);
#2137 = ORIENTED_EDGE('',*,*,#2138,.T.);
#2138 = EDGE_CURVE('',#2080,#2139,#2141,.T.);
#2139 = VERTEX_POINT('',#2140);
#2140 = CARTESIAN_POINT('',(9.75,-5.,0.1));
#2141 = CIRCLE('',#2142,1.);
#2142 = AXIS2_PLACEMENT_3D('',#2143,#2144,#2145);
#2143 = CARTESIAN_POINT('',(9.75,-6.,0.1));
#2144 = DIRECTION('',(-0.,-0.,-1.));
#2145 = DIRECTION('',(0.,-1.,0.));
#2146 = ORIENTED_EDGE('',*,*,#2147,.T.);
#2147 = EDGE_CURVE('',#2139,#2148,#2150,.T.);
#2148 = VERTEX_POINT('',#2149);
#2149 = CARTESIAN_POINT('',(12.25,-5.,0.1));
#2150 = LINE('',#2151,#2152);
#2151 = CARTESIAN_POINT('',(8.75,-5.,0.1));
#2152 = VECTOR('',#2153,1.);
#2153 = DIRECTION('',(1.,0.,0.));
#2154 = ORIENTED_EDGE('',*,*,#2155,.T.);
#2155 = EDGE_CURVE('',#2148,#2156,#2158,.T.);
#2156 = VERTEX_POINT('',#2157);
#2157 = CARTESIAN_POINT('',(12.25,-4.5,0.1));
#2158 = LINE('',#2159,#2160);
#2159 = CARTESIAN_POINT('',(12.25,-8.5,0.1));
#2160 = VECTOR('',#2161,1.);
#2161 = DIRECTION('',(0.,1.,0.));
#2162 = ORIENTED_EDGE('',*,*,#2163,.T.);
#2163 = EDGE_CURVE('',#2156,#2164,#2166,.T.);
#2164 = VERTEX_POINT('',#2165);
#2165 = CARTESIAN_POINT('',(12.25,-0.5,0.1));
#2166 = LINE('',#2167,#2168);
#2167 = CARTESIAN_POINT('',(12.25,-8.5,0.1));
#2168 = VECTOR('',#2169,1.);
#2169 = DIRECTION('',(0.,1.,0.));
#2170 = ORIENTED_EDGE('',*,*,#2171,.T.);
#2171 = EDGE_CURVE('',#2164,#2172,#2174,.T.);
#2172 = VERTEX_POINT('',#2173);
#2173 = CARTESIAN_POINT('',(12.25,0.,0.1));
#2174 = LINE('',#2175,#2176);
#2175 = CARTESIAN_POINT('',(12.25,-8.5,0.1));
#2176 = VECTOR('',#2177,1.);
#2177 = DIRECTION('',(0.,1.,0.));
#2178 = ORIENTED_EDGE('',*,*,#2179,.F.);
#2179 = EDGE_CURVE('',#2180,#2172,#2182,.T.);
#2180 = VERTEX_POINT('',#2181);
#2181 = CARTESIAN_POINT('',(9.75,0.,0.1));
#2182 = LINE('',#2183,#2184);
#2183 = CARTESIAN_POINT('',(8.75,0.,0.1));
#2184 = VECTOR('',#2185,1.);
#2185 = DIRECTION('',(1.,0.,0.));
#2186 = ORIENTED_EDGE('',*,*,#2187,.F.);
#2187 = EDGE_CURVE('',#2188,#2180,#2190,.T.);
#2188 = VERTEX_POINT('',#2189);
#2189 = CARTESIAN_POINT('',(8.75,1.,0.1));
#2190 = CIRCLE('',#2191,1.);
#2191 = AXIS2_PLACEMENT_3D('',#2192,#2193,#2194);
#2192 = CARTESIAN_POINT('',(9.75,1.,0.1));
#2193 = DIRECTION('',(-0.,0.,1.));
#2194 = DIRECTION('',(0.,-1.,0.));
#2195 = ORIENTED_EDGE('',*,*,#2196,.T.);
#2196 = EDGE_CURVE('',#2188,#2197,#2199,.T.);
#2197 = VERTEX_POINT('',#2198);
#2198 = CARTESIAN_POINT('',(8.75,3.5,0.1));
#2199 = LINE('',#2200,#2201);
#2200 = CARTESIAN_POINT('',(8.75,0.,0.1));
#2201 = VECTOR('',#2202,1.);
#2202 = DIRECTION('',(0.,1.,0.));
#2203 = ORIENTED_EDGE('',*,*,#2204,.F.);
#2204 = EDGE_CURVE('',#2205,#2197,#2207,.T.);
#2205 = VERTEX_POINT('',#2206);
#2206 = CARTESIAN_POINT('',(3.75,3.5,0.1));
#2207 = LINE('',#2208,#2209);
#2208 = CARTESIAN_POINT('',(0.25,3.5,0.1));
#2209 = VECTOR('',#2210,1.);
#2210 = DIRECTION('',(1.,0.,0.));
#2211 = ORIENTED_EDGE('',*,*,#2212,.F.);
#2212 = EDGE_CURVE('',#2213,#2205,#2215,.T.);
#2213 = VERTEX_POINT('',#2214);
#2214 = CARTESIAN_POINT('',(3.75,1.,0.1));
#2215 = LINE('',#2216,#2217);
#2216 = CARTESIAN_POINT('',(3.75,0.,0.1));
#2217 = VECTOR('',#2218,1.);
#2218 = DIRECTION('',(0.,1.,0.));
#2219 = ORIENTED_EDGE('',*,*,#2220,.T.);
#2220 = EDGE_CURVE('',#2213,#2221,#2223,.T.);
#2221 = VERTEX_POINT('',#2222);
#2222 = CARTESIAN_POINT('',(2.75,0.,0.1));
#2223 = CIRCLE('',#2224,1.);
#2224 = AXIS2_PLACEMENT_3D('',#2225,#2226,#2227);
#2225 = CARTESIAN_POINT('',(2.75,1.,0.1));
#2226 = DIRECTION('',(-0.,-0.,-1.));
#2227 = DIRECTION('',(0.,-1.,0.));
#2228 = ORIENTED_EDGE('',*,*,#2229,.F.);
#2229 = EDGE_CURVE('',#2230,#2221,#2232,.T.);
#2230 = VERTEX_POINT('',#2231);
#2231 = CARTESIAN_POINT('',(0.25,0.,0.1));
#2232 = LINE('',#2233,#2234);
#2233 = CARTESIAN_POINT('',(0.25,0.,0.1));
#2234 = VECTOR('',#2235,1.);
#2235 = DIRECTION('',(1.,0.,0.));
#2236 = ORIENTED_EDGE('',*,*,#2237,.F.);
#2237 = EDGE_CURVE('',#2238,#2230,#2240,.T.);
#2238 = VERTEX_POINT('',#2239);
#2239 = CARTESIAN_POINT('',(0.25,-0.5,0.1));
#2240 = LINE('',#2241,#2242);
#2241 = CARTESIAN_POINT('',(0.25,-8.5,0.1));
#2242 = VECTOR('',#2243,1.);
#2243 = DIRECTION('',(0.,1.,0.));
#2244 = ORIENTED_EDGE('',*,*,#2245,.F.);
#2245 = EDGE_CURVE('',#2106,#2238,#2246,.T.);
#2246 = LINE('',#2247,#2248);
#2247 = CARTESIAN_POINT('',(0.25,-8.5,0.1));
#2248 = VECTOR('',#2249,1.);
#2249 = DIRECTION('',(0.,1.,0.));
#2250 = PLANE('',#2251);
#2251 = AXIS2_PLACEMENT_3D('',#2252,#2253,#2254);
#2252 = CARTESIAN_POINT('',(0.25,-8.5,0.1));
#2253 = DIRECTION('',(0.,0.,1.));
#2254 = DIRECTION('',(1.,0.,-0.));
#2255 = ADVANCED_FACE('',(#2256),#2274,.T.);
#2256 = FACE_BOUND('',#2257,.T.);
#2257 = EDGE_LOOP('',(#2258,#2259,#2260,#2268));
#2258 = ORIENTED_EDGE('',*,*,#2130,.F.);
#2259 = ORIENTED_EDGE('',*,*,#1927,.F.);
#2260 = ORIENTED_EDGE('',*,*,#2261,.T.);
#2261 = EDGE_CURVE('',#1928,#2262,#2264,.T.);
#2262 = VERTEX_POINT('',#2263);
#2263 = CARTESIAN_POINT('',(3.75,-6.,0.));
#2264 = LINE('',#2265,#2266);
#2265 = CARTESIAN_POINT('',(3.75,-8.5,0.));
#2266 = VECTOR('',#2267,1.);
#2267 = DIRECTION('',(0.,1.,0.));
#2268 = ORIENTED_EDGE('',*,*,#2269,.T.);
#2269 = EDGE_CURVE('',#2262,#2122,#2270,.T.);
#2270 = LINE('',#2271,#2272);
#2271 = CARTESIAN_POINT('',(3.75,-6.,0.));
#2272 = VECTOR('',#2273,1.);
#2273 = DIRECTION('',(0.,0.,1.));
#2274 = PLANE('',#2275);
#2275 = AXIS2_PLACEMENT_3D('',#2276,#2277,#2278);
#2276 = CARTESIAN_POINT('',(3.75,-8.5,0.));
#2277 = DIRECTION('',(1.,0.,0.));
#2278 = DIRECTION('',(0.,0.,1.));
#2279 = ADVANCED_FACE('',(#2280),#2324,.F.);
#2280 = FACE_BOUND('',#2281,.F.);
#2281 = EDGE_LOOP('',(#2282,#2292,#2299,#2300,#2301,#2310,#2318));
#2282 = ORIENTED_EDGE('',*,*,#2283,.F.);
#2283 = EDGE_CURVE('',#2284,#2286,#2288,.T.);
#2284 = VERTEX_POINT('',#2285);
#2285 = CARTESIAN_POINT('',(0.25,-7.5,0.));
#2286 = VERTEX_POINT('',#2287);
#2287 = CARTESIAN_POINT('',(0.25,-5.5,0.));
#2288 = LINE('',#2289,#2290);
#2289 = CARTESIAN_POINT('',(0.25,-8.5,0.));
#2290 = VECTOR('',#2291,1.);
#2291 = DIRECTION('',(0.,1.,0.));
#2292 = ORIENTED_EDGE('',*,*,#2293,.T.);
#2293 = EDGE_CURVE('',#2284,#1936,#2294,.T.);
#2294 = CIRCLE('',#2295,1.);
#2295 = AXIS2_PLACEMENT_3D('',#2296,#2297,#2298);
#2296 = CARTESIAN_POINT('',(1.25,-7.5,0.));
#2297 = DIRECTION('',(-0.,0.,1.));
#2298 = DIRECTION('',(0.,-1.,0.));
#2299 = ORIENTED_EDGE('',*,*,#1935,.T.);
#2300 = ORIENTED_EDGE('',*,*,#2261,.T.);
#2301 = ORIENTED_EDGE('',*,*,#2302,.T.);
#2302 = EDGE_CURVE('',#2262,#2303,#2305,.T.);
#2303 = VERTEX_POINT('',#2304);
#2304 = CARTESIAN_POINT('',(2.75,-5.,0.));
#2305 = CIRCLE('',#2306,1.);
#2306 = AXIS2_PLACEMENT_3D('',#2307,#2308,#2309);
#2307 = CARTESIAN_POINT('',(2.75,-6.,0.));
#2308 = DIRECTION('',(-0.,0.,1.));
#2309 = DIRECTION('',(0.,-1.,0.));
#2310 = ORIENTED_EDGE('',*,*,#2311,.F.);
#2311 = EDGE_CURVE('',#2312,#2303,#2314,.T.);
#2312 = VERTEX_POINT('',#2313);
#2313 = CARTESIAN_POINT('',(0.25,-5.,0.));
#2314 = LINE('',#2315,#2316);
#2315 = CARTESIAN_POINT('',(0.25,-5.,0.));
#2316 = VECTOR('',#2317,1.);
#2317 = DIRECTION('',(1.,0.,0.));
#2318 = ORIENTED_EDGE('',*,*,#2319,.F.);
#2319 = EDGE_CURVE('',#2286,#2312,#2320,.T.);
#2320 = LINE('',#2321,#2322);
#2321 = CARTESIAN_POINT('',(0.25,-8.5,0.));
#2322 = VECTOR('',#2323,1.);
#2323 = DIRECTION('',(0.,1.,0.));
#2324 = PLANE('',#2325);
#2325 = AXIS2_PLACEMENT_3D('',#2326,#2327,#2328);
#2326 = CARTESIAN_POINT('',(0.25,-8.5,0.));
#2327 = DIRECTION('',(0.,0.,1.));
#2328 = DIRECTION('',(1.,0.,-0.));
#2329 = ADVANCED_FACE('',(#2330),#2349,.T.);
#2330 = FACE_BOUND('',#2331,.T.);
#2331 = EDGE_LOOP('',(#2332,#2340,#2341,#2342));
#2332 = ORIENTED_EDGE('',*,*,#2333,.T.);
#2333 = EDGE_CURVE('',#2334,#2284,#2336,.T.);
#2334 = VERTEX_POINT('',#2335);
#2335 = CARTESIAN_POINT('',(0.25,-7.5,3.5));
#2336 = LINE('',#2337,#2338);
#2337 = CARTESIAN_POINT('',(0.25,-7.5,3.5));
#2338 = VECTOR('',#2339,1.);
#2339 = DIRECTION('',(0.,0.,-1.));
#2340 = ORIENTED_EDGE('',*,*,#2293,.T.);
#2341 = ORIENTED_EDGE('',*,*,#1943,.F.);
#2342 = ORIENTED_EDGE('',*,*,#2343,.F.);
#2343 = EDGE_CURVE('',#2334,#1944,#2344,.T.);
#2344 = CIRCLE('',#2345,1.);
#2345 = AXIS2_PLACEMENT_3D('',#2346,#2347,#2348);
#2346 = CARTESIAN_POINT('',(1.25,-7.5,3.5));
#2347 = DIRECTION('',(-0.,0.,1.));
#2348 = DIRECTION('',(0.,-1.,0.));
#2349 = CYLINDRICAL_SURFACE('',#2350,1.);
#2350 = AXIS2_PLACEMENT_3D('',#2351,#2352,#2353);
#2351 = CARTESIAN_POINT('',(1.25,-7.5,0.));
#2352 = DIRECTION('',(0.,0.,1.));
#2353 = DIRECTION('',(-1.,0.,0.));
#2354 = ADVANCED_FACE('',(#2355),#2472,.T.);
#2355 = FACE_BOUND('',#2356,.T.);
#2356 = EDGE_LOOP('',(#2357,#2358,#2359,#2367,#2375,#2383,#2392,#2400,
    #2408,#2416,#2425,#2433,#2441,#2449,#2457,#2466));
#2357 = ORIENTED_EDGE('',*,*,#2343,.T.);
#2358 = ORIENTED_EDGE('',*,*,#1951,.T.);
#2359 = ORIENTED_EDGE('',*,*,#2360,.T.);
#2360 = EDGE_CURVE('',#1952,#2361,#2363,.T.);
#2361 = VERTEX_POINT('',#2362);
#2362 = CARTESIAN_POINT('',(5.45,-8.,3.5));
#2363 = LINE('',#2364,#2365);
#2364 = CARTESIAN_POINT('',(5.45,-8.5,3.5));
#2365 = VECTOR('',#2366,1.);
#2366 = DIRECTION('',(0.,1.,0.));
#2367 = ORIENTED_EDGE('',*,*,#2368,.F.);
#2368 = EDGE_CURVE('',#2369,#2361,#2371,.T.);
#2369 = VERTEX_POINT('',#2370);
#2370 = CARTESIAN_POINT('',(3.6,-8.,3.5));
#2371 = LINE('',#2372,#2373);
#2372 = CARTESIAN_POINT('',(0.75,-8.,3.5));
#2373 = VECTOR('',#2374,1.);
#2374 = DIRECTION('',(1.,0.,0.));
#2375 = ORIENTED_EDGE('',*,*,#2376,.F.);
#2376 = EDGE_CURVE('',#2377,#2369,#2379,.T.);
#2377 = VERTEX_POINT('',#2378);
#2378 = CARTESIAN_POINT('',(1.25,-8.,3.5));
#2379 = LINE('',#2380,#2381);
#2380 = CARTESIAN_POINT('',(0.75,-8.,3.5));
#2381 = VECTOR('',#2382,1.);
#2382 = DIRECTION('',(1.,0.,0.));
#2383 = ORIENTED_EDGE('',*,*,#2384,.F.);
#2384 = EDGE_CURVE('',#2385,#2377,#2387,.T.);
#2385 = VERTEX_POINT('',#2386);
#2386 = CARTESIAN_POINT('',(0.75,-7.5,3.5));
#2387 = CIRCLE('',#2388,0.5);
#2388 = AXIS2_PLACEMENT_3D('',#2389,#2390,#2391);
#2389 = CARTESIAN_POINT('',(1.25,-7.5,3.5));
#2390 = DIRECTION('',(-0.,0.,1.));
#2391 = DIRECTION('',(0.,-1.,0.));
#2392 = ORIENTED_EDGE('',*,*,#2393,.T.);
#2393 = EDGE_CURVE('',#2385,#2394,#2396,.T.);
#2394 = VERTEX_POINT('',#2395);
#2395 = CARTESIAN_POINT('',(0.75,-5.15,3.5));
#2396 = LINE('',#2397,#2398);
#2397 = CARTESIAN_POINT('',(0.75,-8.,3.5));
#2398 = VECTOR('',#2399,1.);
#2399 = DIRECTION('',(0.,1.,0.));
#2400 = ORIENTED_EDGE('',*,*,#2401,.T.);
#2401 = EDGE_CURVE('',#2394,#2402,#2404,.T.);
#2402 = VERTEX_POINT('',#2403);
#2403 = CARTESIAN_POINT('',(0.75,0.15,3.5));
#2404 = LINE('',#2405,#2406);
#2405 = CARTESIAN_POINT('',(0.75,-8.,3.5));
#2406 = VECTOR('',#2407,1.);
#2407 = DIRECTION('',(0.,1.,0.));
#2408 = ORIENTED_EDGE('',*,*,#2409,.T.);
#2409 = EDGE_CURVE('',#2402,#2410,#2412,.T.);
#2410 = VERTEX_POINT('',#2411);
#2411 = CARTESIAN_POINT('',(0.75,2.5,3.5));
#2412 = LINE('',#2413,#2414);
#2413 = CARTESIAN_POINT('',(0.75,-8.,3.5));
#2414 = VECTOR('',#2415,1.);
#2415 = DIRECTION('',(0.,1.,0.));
#2416 = ORIENTED_EDGE('',*,*,#2417,.T.);
#2417 = EDGE_CURVE('',#2410,#2418,#2420,.T.);
#2418 = VERTEX_POINT('',#2419);
#2419 = CARTESIAN_POINT('',(1.25,3.,3.5));
#2420 = CIRCLE('',#2421,0.5);
#2421 = AXIS2_PLACEMENT_3D('',#2422,#2423,#2424);
#2422 = CARTESIAN_POINT('',(1.25,2.5,3.5));
#2423 = DIRECTION('',(-0.,-0.,-1.));
#2424 = DIRECTION('',(0.,-1.,0.));
#2425 = ORIENTED_EDGE('',*,*,#2426,.T.);
#2426 = EDGE_CURVE('',#2418,#2427,#2429,.T.);
#2427 = VERTEX_POINT('',#2428);
#2428 = CARTESIAN_POINT('',(3.6,3.,3.5));
#2429 = LINE('',#2430,#2431);
#2430 = CARTESIAN_POINT('',(0.75,3.,3.5));
#2431 = VECTOR('',#2432,1.);
#2432 = DIRECTION('',(1.,0.,0.));
#2433 = ORIENTED_EDGE('',*,*,#2434,.T.);
#2434 = EDGE_CURVE('',#2427,#2435,#2437,.T.);
#2435 = VERTEX_POINT('',#2436);
#2436 = CARTESIAN_POINT('',(5.45,3.,3.5));
#2437 = LINE('',#2438,#2439);
#2438 = CARTESIAN_POINT('',(0.75,3.,3.5));
#2439 = VECTOR('',#2440,1.);
#2440 = DIRECTION('',(1.,0.,0.));
#2441 = ORIENTED_EDGE('',*,*,#2442,.T.);
#2442 = EDGE_CURVE('',#2435,#2443,#2445,.T.);
#2443 = VERTEX_POINT('',#2444);
#2444 = CARTESIAN_POINT('',(5.45,3.5,3.5));
#2445 = LINE('',#2446,#2447);
#2446 = CARTESIAN_POINT('',(5.45,-8.5,3.5));
#2447 = VECTOR('',#2448,1.);
#2448 = DIRECTION('',(0.,1.,0.));
#2449 = ORIENTED_EDGE('',*,*,#2450,.T.);
#2450 = EDGE_CURVE('',#2443,#2451,#2453,.T.);
#2451 = VERTEX_POINT('',#2452);
#2452 = CARTESIAN_POINT('',(1.25,3.5,3.5));
#2453 = LINE('',#2454,#2455);
#2454 = CARTESIAN_POINT('',(12.25,3.5,3.5));
#2455 = VECTOR('',#2456,1.);
#2456 = DIRECTION('',(-1.,0.,0.));
#2457 = ORIENTED_EDGE('',*,*,#2458,.T.);
#2458 = EDGE_CURVE('',#2451,#2459,#2461,.T.);
#2459 = VERTEX_POINT('',#2460);
#2460 = CARTESIAN_POINT('',(0.25,2.5,3.5));
#2461 = CIRCLE('',#2462,1.);
#2462 = AXIS2_PLACEMENT_3D('',#2463,#2464,#2465);
#2463 = CARTESIAN_POINT('',(1.25,2.5,3.5));
#2464 = DIRECTION('',(-0.,0.,1.));
#2465 = DIRECTION('',(0.,-1.,0.));
#2466 = ORIENTED_EDGE('',*,*,#2467,.T.);
#2467 = EDGE_CURVE('',#2459,#2334,#2468,.T.);
#2468 = LINE('',#2469,#2470);
#2469 = CARTESIAN_POINT('',(0.25,3.5,3.5));
#2470 = VECTOR('',#2471,1.);
#2471 = DIRECTION('',(0.,-1.,0.));
#2472 = PLANE('',#2473);
#2473 = AXIS2_PLACEMENT_3D('',#2474,#2475,#2476);
#2474 = CARTESIAN_POINT('',(6.25,-2.5,3.5));
#2475 = DIRECTION('',(0.,0.,1.));
#2476 = DIRECTION('',(1.,0.,-0.));
#2477 = ADVANCED_FACE('',(#2478),#2496,.T.);
#2478 = FACE_BOUND('',#2479,.T.);
#2479 = EDGE_LOOP('',(#2480,#2481,#2482,#2490));
#2480 = ORIENTED_EDGE('',*,*,#2360,.F.);
#2481 = ORIENTED_EDGE('',*,*,#1959,.F.);
#2482 = ORIENTED_EDGE('',*,*,#2483,.T.);
#2483 = EDGE_CURVE('',#1960,#2484,#2486,.T.);
#2484 = VERTEX_POINT('',#2485);
#2485 = CARTESIAN_POINT('',(5.45,-8.,3.35));
#2486 = LINE('',#2487,#2488);
#2487 = CARTESIAN_POINT('',(5.45,-8.5,3.35));
#2488 = VECTOR('',#2489,1.);
#2489 = DIRECTION('',(0.,1.,0.));
#2490 = ORIENTED_EDGE('',*,*,#2491,.F.);
#2491 = EDGE_CURVE('',#2361,#2484,#2492,.T.);
#2492 = LINE('',#2493,#2494);
#2493 = CARTESIAN_POINT('',(5.45,-8.,3.35));
#2494 = VECTOR('',#2495,1.);
#2495 = DIRECTION('',(0.,0.,-1.));
#2496 = PLANE('',#2497);
#2497 = AXIS2_PLACEMENT_3D('',#2498,#2499,#2500);
#2498 = CARTESIAN_POINT('',(5.45,-8.5,3.35));
#2499 = DIRECTION('',(1.,0.,0.));
#2500 = DIRECTION('',(0.,0.,1.));
#2501 = ADVANCED_FACE('',(#2502),#2552,.T.);
#2502 = FACE_BOUND('',#2503,.T.);
#2503 = EDGE_LOOP('',(#2504,#2505,#2506,#2514,#2522,#2530,#2538,#2546));
#2504 = ORIENTED_EDGE('',*,*,#2483,.F.);
#2505 = ORIENTED_EDGE('',*,*,#1967,.T.);
#2506 = ORIENTED_EDGE('',*,*,#2507,.T.);
#2507 = EDGE_CURVE('',#1968,#2508,#2510,.T.);
#2508 = VERTEX_POINT('',#2509);
#2509 = CARTESIAN_POINT('',(7.05,-8.,3.35));
#2510 = LINE('',#2511,#2512);
#2511 = CARTESIAN_POINT('',(7.05,-8.5,3.35));
#2512 = VECTOR('',#2513,1.);
#2513 = DIRECTION('',(0.,1.,0.));
#2514 = ORIENTED_EDGE('',*,*,#2515,.T.);
#2515 = EDGE_CURVE('',#2508,#2516,#2518,.T.);
#2516 = VERTEX_POINT('',#2517);
#2517 = CARTESIAN_POINT('',(8.9,-8.,3.35));
#2518 = LINE('',#2519,#2520);
#2519 = CARTESIAN_POINT('',(0.75,-8.,3.35));
#2520 = VECTOR('',#2521,1.);
#2521 = DIRECTION('',(1.,0.,0.));
#2522 = ORIENTED_EDGE('',*,*,#2523,.F.);
#2523 = EDGE_CURVE('',#2524,#2516,#2526,.T.);
#2524 = VERTEX_POINT('',#2525);
#2525 = CARTESIAN_POINT('',(8.75,-7.8,3.35));
#2526 = LINE('',#2527,#2528);
#2527 = CARTESIAN_POINT('',(8.75,-7.8,3.35));
#2528 = VECTOR('',#2529,1.);
#2529 = DIRECTION('',(0.6,-0.8,0.));
#2530 = ORIENTED_EDGE('',*,*,#2531,.F.);
#2531 = EDGE_CURVE('',#2532,#2524,#2534,.T.);
#2532 = VERTEX_POINT('',#2533);
#2533 = CARTESIAN_POINT('',(3.75,-7.8,3.35));
#2534 = LINE('',#2535,#2536);
#2535 = CARTESIAN_POINT('',(3.75,-7.8,3.35));
#2536 = VECTOR('',#2537,1.);
#2537 = DIRECTION('',(1.,1.110223024625E-16,0.));
#2538 = ORIENTED_EDGE('',*,*,#2539,.F.);
#2539 = EDGE_CURVE('',#2540,#2532,#2542,.T.);
#2540 = VERTEX_POINT('',#2541);
#2541 = CARTESIAN_POINT('',(3.6,-8.,3.35));
#2542 = LINE('',#2543,#2544);
#2543 = CARTESIAN_POINT('',(3.6,-8.,3.35));
#2544 = VECTOR('',#2545,1.);
#2545 = DIRECTION('',(0.6,0.8,0.));
#2546 = ORIENTED_EDGE('',*,*,#2547,.T.);
#2547 = EDGE_CURVE('',#2540,#2484,#2548,.T.);
#2548 = LINE('',#2549,#2550);
#2549 = CARTESIAN_POINT('',(0.75,-8.,3.35));
#2550 = VECTOR('',#2551,1.);
#2551 = DIRECTION('',(1.,0.,0.));
#2552 = PLANE('',#2553);
#2553 = AXIS2_PLACEMENT_3D('',#2554,#2555,#2556);
#2554 = CARTESIAN_POINT('',(5.45,-8.5,3.35));
#2555 = DIRECTION('',(0.,0.,1.));
#2556 = DIRECTION('',(1.,0.,-0.));
#2557 = ADVANCED_FACE('',(#2558),#2576,.F.);
#2558 = FACE_BOUND('',#2559,.F.);
#2559 = EDGE_LOOP('',(#2560,#2568,#2569,#2570));
#2560 = ORIENTED_EDGE('',*,*,#2561,.F.);
#2561 = EDGE_CURVE('',#1976,#2562,#2564,.T.);
#2562 = VERTEX_POINT('',#2563);
#2563 = CARTESIAN_POINT('',(7.05,-8.,3.5));
#2564 = LINE('',#2565,#2566);
#2565 = CARTESIAN_POINT('',(7.05,-8.5,3.5));
#2566 = VECTOR('',#2567,1.);
#2567 = DIRECTION('',(0.,1.,0.));
#2568 = ORIENTED_EDGE('',*,*,#1975,.F.);
#2569 = ORIENTED_EDGE('',*,*,#2507,.T.);
#2570 = ORIENTED_EDGE('',*,*,#2571,.F.);
#2571 = EDGE_CURVE('',#2562,#2508,#2572,.T.);
#2572 = LINE('',#2573,#2574);
#2573 = CARTESIAN_POINT('',(7.05,-8.,3.35));
#2574 = VECTOR('',#2575,1.);
#2575 = DIRECTION('',(0.,0.,-1.));
#2576 = PLANE('',#2577);
#2577 = AXIS2_PLACEMENT_3D('',#2578,#2579,#2580);
#2578 = CARTESIAN_POINT('',(7.05,-8.5,3.35));
#2579 = DIRECTION('',(1.,0.,0.));
#2580 = DIRECTION('',(0.,0.,1.));
#2581 = ADVANCED_FACE('',(#2582),#2692,.T.);
#2582 = FACE_BOUND('',#2583,.T.);
#2583 = EDGE_LOOP('',(#2584,#2585,#2586,#2587,#2595,#2604,#2612,#2620,
    #2628,#2636,#2645,#2653,#2661,#2669,#2678,#2686));
#2584 = ORIENTED_EDGE('',*,*,#2561,.F.);
#2585 = ORIENTED_EDGE('',*,*,#1983,.T.);
#2586 = ORIENTED_EDGE('',*,*,#2015,.T.);
#2587 = ORIENTED_EDGE('',*,*,#2588,.T.);
#2588 = EDGE_CURVE('',#2008,#2589,#2591,.T.);
#2589 = VERTEX_POINT('',#2590);
#2590 = CARTESIAN_POINT('',(12.25,2.5,3.5));
#2591 = LINE('',#2592,#2593);
#2592 = CARTESIAN_POINT('',(12.25,-8.5,3.5));
#2593 = VECTOR('',#2594,1.);
#2594 = DIRECTION('',(0.,1.,0.));
#2595 = ORIENTED_EDGE('',*,*,#2596,.T.);
#2596 = EDGE_CURVE('',#2589,#2597,#2599,.T.);
#2597 = VERTEX_POINT('',#2598);
#2598 = CARTESIAN_POINT('',(11.25,3.5,3.5));
#2599 = CIRCLE('',#2600,1.);
#2600 = AXIS2_PLACEMENT_3D('',#2601,#2602,#2603);
#2601 = CARTESIAN_POINT('',(11.25,2.5,3.5));
#2602 = DIRECTION('',(-0.,0.,1.));
#2603 = DIRECTION('',(0.,-1.,0.));
#2604 = ORIENTED_EDGE('',*,*,#2605,.T.);
#2605 = EDGE_CURVE('',#2597,#2606,#2608,.T.);
#2606 = VERTEX_POINT('',#2607);
#2607 = CARTESIAN_POINT('',(7.05,3.5,3.5));
#2608 = LINE('',#2609,#2610);
#2609 = CARTESIAN_POINT('',(12.25,3.5,3.5));
#2610 = VECTOR('',#2611,1.);
#2611 = DIRECTION('',(-1.,0.,0.));
#2612 = ORIENTED_EDGE('',*,*,#2613,.F.);
#2613 = EDGE_CURVE('',#2614,#2606,#2616,.T.);
#2614 = VERTEX_POINT('',#2615);
#2615 = CARTESIAN_POINT('',(7.05,3.,3.5));
#2616 = LINE('',#2617,#2618);
#2617 = CARTESIAN_POINT('',(7.05,-8.5,3.5));
#2618 = VECTOR('',#2619,1.);
#2619 = DIRECTION('',(0.,1.,0.));
#2620 = ORIENTED_EDGE('',*,*,#2621,.T.);
#2621 = EDGE_CURVE('',#2614,#2622,#2624,.T.);
#2622 = VERTEX_POINT('',#2623);
#2623 = CARTESIAN_POINT('',(8.9,3.,3.5));
#2624 = LINE('',#2625,#2626);
#2625 = CARTESIAN_POINT('',(0.75,3.,3.5));
#2626 = VECTOR('',#2627,1.);
#2627 = DIRECTION('',(1.,0.,0.));
#2628 = ORIENTED_EDGE('',*,*,#2629,.T.);
#2629 = EDGE_CURVE('',#2622,#2630,#2632,.T.);
#2630 = VERTEX_POINT('',#2631);
#2631 = CARTESIAN_POINT('',(11.25,3.,3.5));
#2632 = LINE('',#2633,#2634);
#2633 = CARTESIAN_POINT('',(0.75,3.,3.5));
#2634 = VECTOR('',#2635,1.);
#2635 = DIRECTION('',(1.,0.,0.));
#2636 = ORIENTED_EDGE('',*,*,#2637,.F.);
#2637 = EDGE_CURVE('',#2638,#2630,#2640,.T.);
#2638 = VERTEX_POINT('',#2639);
#2639 = CARTESIAN_POINT('',(11.75,2.5,3.5));
#2640 = CIRCLE('',#2641,0.5);
#2641 = AXIS2_PLACEMENT_3D('',#2642,#2643,#2644);
#2642 = CARTESIAN_POINT('',(11.25,2.5,3.5));
#2643 = DIRECTION('',(-0.,0.,1.));
#2644 = DIRECTION('',(0.,-1.,0.));
#2645 = ORIENTED_EDGE('',*,*,#2646,.F.);
#2646 = EDGE_CURVE('',#2647,#2638,#2649,.T.);
#2647 = VERTEX_POINT('',#2648);
#2648 = CARTESIAN_POINT('',(11.75,0.15,3.5));
#2649 = LINE('',#2650,#2651);
#2650 = CARTESIAN_POINT('',(11.75,-8.,3.5));
#2651 = VECTOR('',#2652,1.);
#2652 = DIRECTION('',(0.,1.,0.));
#2653 = ORIENTED_EDGE('',*,*,#2654,.F.);
#2654 = EDGE_CURVE('',#2655,#2647,#2657,.T.);
#2655 = VERTEX_POINT('',#2656);
#2656 = CARTESIAN_POINT('',(11.75,-5.15,3.5));
#2657 = LINE('',#2658,#2659);
#2658 = CARTESIAN_POINT('',(11.75,-8.,3.5));
#2659 = VECTOR('',#2660,1.);
#2660 = DIRECTION('',(0.,1.,0.));
#2661 = ORIENTED_EDGE('',*,*,#2662,.F.);
#2662 = EDGE_CURVE('',#2663,#2655,#2665,.T.);
#2663 = VERTEX_POINT('',#2664);
#2664 = CARTESIAN_POINT('',(11.75,-7.5,3.5));
#2665 = LINE('',#2666,#2667);
#2666 = CARTESIAN_POINT('',(11.75,-8.,3.5));
#2667 = VECTOR('',#2668,1.);
#2668 = DIRECTION('',(0.,1.,0.));
#2669 = ORIENTED_EDGE('',*,*,#2670,.T.);
#2670 = EDGE_CURVE('',#2663,#2671,#2673,.T.);
#2671 = VERTEX_POINT('',#2672);
#2672 = CARTESIAN_POINT('',(11.25,-8.,3.5));
#2673 = CIRCLE('',#2674,0.5);
#2674 = AXIS2_PLACEMENT_3D('',#2675,#2676,#2677);
#2675 = CARTESIAN_POINT('',(11.25,-7.5,3.5));
#2676 = DIRECTION('',(-0.,-0.,-1.));
#2677 = DIRECTION('',(0.,-1.,0.));
#2678 = ORIENTED_EDGE('',*,*,#2679,.F.);
#2679 = EDGE_CURVE('',#2680,#2671,#2682,.T.);
#2680 = VERTEX_POINT('',#2681);
#2681 = CARTESIAN_POINT('',(8.9,-8.,3.5));
#2682 = LINE('',#2683,#2684);
#2683 = CARTESIAN_POINT('',(0.75,-8.,3.5));
#2684 = VECTOR('',#2685,1.);
#2685 = DIRECTION('',(1.,0.,0.));
#2686 = ORIENTED_EDGE('',*,*,#2687,.F.);
#2687 = EDGE_CURVE('',#2562,#2680,#2688,.T.);
#2688 = LINE('',#2689,#2690);
#2689 = CARTESIAN_POINT('',(0.75,-8.,3.5));
#2690 = VECTOR('',#2691,1.);
#2691 = DIRECTION('',(1.,0.,0.));
#2692 = PLANE('',#2693);
#2693 = AXIS2_PLACEMENT_3D('',#2694,#2695,#2696);
#2694 = CARTESIAN_POINT('',(6.25,-2.5,3.5));
#2695 = DIRECTION('',(0.,0.,1.));
#2696 = DIRECTION('',(1.,0.,-0.));
#2697 = ADVANCED_FACE('',(#2698),#2796,.F.);
#2698 = FACE_BOUND('',#2699,.F.);
#2699 = EDGE_LOOP('',(#2700,#2701,#2709,#2717,#2725,#2733,#2739,#2740,
    #2741,#2742,#2750,#2758,#2766,#2774,#2782,#2790));
#2700 = ORIENTED_EDGE('',*,*,#2163,.F.);
#2701 = ORIENTED_EDGE('',*,*,#2702,.T.);
#2702 = EDGE_CURVE('',#2156,#2703,#2705,.T.);
#2703 = VERTEX_POINT('',#2704);
#2704 = CARTESIAN_POINT('',(12.25,-4.5,0.7));
#2705 = LINE('',#2706,#2707);
#2706 = CARTESIAN_POINT('',(12.25,-4.5,-0.7));
#2707 = VECTOR('',#2708,1.);
#2708 = DIRECTION('',(0.,0.,1.));
#2709 = ORIENTED_EDGE('',*,*,#2710,.F.);
#2710 = EDGE_CURVE('',#2711,#2703,#2713,.T.);
#2711 = VERTEX_POINT('',#2712);
#2712 = CARTESIAN_POINT('',(12.25,-4.5,1.));
#2713 = LINE('',#2714,#2715);
#2714 = CARTESIAN_POINT('',(12.25,-4.5,-0.609281390554));
#2715 = VECTOR('',#2716,1.);
#2716 = DIRECTION('',(0.,0.,-1.));
#2717 = ORIENTED_EDGE('',*,*,#2718,.F.);
#2718 = EDGE_CURVE('',#2719,#2711,#2721,.T.);
#2719 = VERTEX_POINT('',#2720);
#2720 = CARTESIAN_POINT('',(12.25,-5.5,1.));
#2721 = LINE('',#2722,#2723);
#2722 = CARTESIAN_POINT('',(12.25,-5.5,1.));
#2723 = VECTOR('',#2724,1.);
#2724 = DIRECTION('',(0.,1.,0.));
#2725 = ORIENTED_EDGE('',*,*,#2726,.T.);
#2726 = EDGE_CURVE('',#2719,#2727,#2729,.T.);
#2727 = VERTEX_POINT('',#2728);
#2728 = CARTESIAN_POINT('',(12.25,-5.5,0.7));
#2729 = LINE('',#2730,#2731);
#2730 = CARTESIAN_POINT('',(12.25,-5.5,-0.609281390554));
#2731 = VECTOR('',#2732,1.);
#2732 = DIRECTION('',(0.,0.,-1.));
#2733 = ORIENTED_EDGE('',*,*,#2734,.F.);
#2734 = EDGE_CURVE('',#2041,#2727,#2735,.T.);
#2735 = LINE('',#2736,#2737);
#2736 = CARTESIAN_POINT('',(12.25,-5.5,-0.7));
#2737 = VECTOR('',#2738,1.);
#2738 = DIRECTION('',(0.,0.,1.));
#2739 = ORIENTED_EDGE('',*,*,#2040,.F.);
#2740 = ORIENTED_EDGE('',*,*,#2007,.T.);
#2741 = ORIENTED_EDGE('',*,*,#2588,.T.);
#2742 = ORIENTED_EDGE('',*,*,#2743,.F.);
#2743 = EDGE_CURVE('',#2744,#2589,#2746,.T.);
#2744 = VERTEX_POINT('',#2745);
#2745 = CARTESIAN_POINT('',(12.25,2.5,0.));
#2746 = LINE('',#2747,#2748);
#2747 = CARTESIAN_POINT('',(12.25,2.5,0.));
#2748 = VECTOR('',#2749,1.);
#2749 = DIRECTION('',(0.,0.,1.));
#2750 = ORIENTED_EDGE('',*,*,#2751,.F.);
#2751 = EDGE_CURVE('',#2752,#2744,#2754,.T.);
#2752 = VERTEX_POINT('',#2753);
#2753 = CARTESIAN_POINT('',(12.25,0.5,0.));
#2754 = LINE('',#2755,#2756);
#2755 = CARTESIAN_POINT('',(12.25,0.,0.));
#2756 = VECTOR('',#2757,1.);
#2757 = DIRECTION('',(0.,1.,0.));
#2758 = ORIENTED_EDGE('',*,*,#2759,.T.);
#2759 = EDGE_CURVE('',#2752,#2760,#2762,.T.);
#2760 = VERTEX_POINT('',#2761);
#2761 = CARTESIAN_POINT('',(12.25,0.5,0.7));
#2762 = LINE('',#2763,#2764);
#2763 = CARTESIAN_POINT('',(12.25,0.5,-0.7));
#2764 = VECTOR('',#2765,1.);
#2765 = DIRECTION('',(0.,0.,1.));
#2766 = ORIENTED_EDGE('',*,*,#2767,.F.);
#2767 = EDGE_CURVE('',#2768,#2760,#2770,.T.);
#2768 = VERTEX_POINT('',#2769);
#2769 = CARTESIAN_POINT('',(12.25,0.5,1.));
#2770 = LINE('',#2771,#2772);
#2771 = CARTESIAN_POINT('',(12.25,0.5,-0.609281390554));
#2772 = VECTOR('',#2773,1.);
#2773 = DIRECTION('',(0.,0.,-1.));
#2774 = ORIENTED_EDGE('',*,*,#2775,.F.);
#2775 = EDGE_CURVE('',#2776,#2768,#2778,.T.);
#2776 = VERTEX_POINT('',#2777);
#2777 = CARTESIAN_POINT('',(12.25,-0.5,1.));
#2778 = LINE('',#2779,#2780);
#2779 = CARTESIAN_POINT('',(12.25,-0.5,1.));
#2780 = VECTOR('',#2781,1.);
#2781 = DIRECTION('',(0.,1.,0.));
#2782 = ORIENTED_EDGE('',*,*,#2783,.T.);
#2783 = EDGE_CURVE('',#2776,#2784,#2786,.T.);
#2784 = VERTEX_POINT('',#2785);
#2785 = CARTESIAN_POINT('',(12.25,-0.5,0.7));
#2786 = LINE('',#2787,#2788);
#2787 = CARTESIAN_POINT('',(12.25,-0.5,-0.609281390554));
#2788 = VECTOR('',#2789,1.);
#2789 = DIRECTION('',(0.,0.,-1.));
#2790 = ORIENTED_EDGE('',*,*,#2791,.F.);
#2791 = EDGE_CURVE('',#2164,#2784,#2792,.T.);
#2792 = LINE('',#2793,#2794);
#2793 = CARTESIAN_POINT('',(12.25,-0.5,-0.7));
#2794 = VECTOR('',#2795,1.);
#2795 = DIRECTION('',(0.,0.,1.));
#2796 = PLANE('',#2797);
#2797 = AXIS2_PLACEMENT_3D('',#2798,#2799,#2800);
#2798 = CARTESIAN_POINT('',(12.25,-8.5,0.));
#2799 = DIRECTION('',(-1.,0.,0.));
#2800 = DIRECTION('',(0.,1.,0.));
#2801 = ADVANCED_FACE('',(#2802),#2813,.T.);
#2802 = FACE_BOUND('',#2803,.T.);
#2803 = EDGE_LOOP('',(#2804,#2805,#2806,#2812));
#2804 = ORIENTED_EDGE('',*,*,#2089,.T.);
#2805 = ORIENTED_EDGE('',*,*,#2138,.T.);
#2806 = ORIENTED_EDGE('',*,*,#2807,.F.);
#2807 = EDGE_CURVE('',#2057,#2139,#2808,.T.);
#2808 = LINE('',#2809,#2810);
#2809 = CARTESIAN_POINT('',(9.75,-5.,0.));
#2810 = VECTOR('',#2811,1.);
#2811 = DIRECTION('',(0.,0.,1.));
#2812 = ORIENTED_EDGE('',*,*,#2064,.F.);
#2813 = CYLINDRICAL_SURFACE('',#2814,1.);
#2814 = AXIS2_PLACEMENT_3D('',#2815,#2816,#2817);
#2815 = CARTESIAN_POINT('',(9.75,-6.,0.));
#2816 = DIRECTION('',(0.,0.,1.));
#2817 = DIRECTION('',(-1.,0.,0.));
#2818 = ADVANCED_FACE('',(#2819),#2830,.T.);
#2819 = FACE_BOUND('',#2820,.T.);
#2820 = EDGE_LOOP('',(#2821,#2822,#2823,#2824));
#2821 = ORIENTED_EDGE('',*,*,#2056,.F.);
#2822 = ORIENTED_EDGE('',*,*,#2807,.T.);
#2823 = ORIENTED_EDGE('',*,*,#2147,.T.);
#2824 = ORIENTED_EDGE('',*,*,#2825,.F.);
#2825 = EDGE_CURVE('',#2049,#2148,#2826,.T.);
#2826 = LINE('',#2827,#2828);
#2827 = CARTESIAN_POINT('',(12.25,-5.,0.));
#2828 = VECTOR('',#2829,1.);
#2829 = DIRECTION('',(0.,0.,1.));
#2830 = PLANE('',#2831);
#2831 = AXIS2_PLACEMENT_3D('',#2832,#2833,#2834);
#2832 = CARTESIAN_POINT('',(8.75,-5.,0.));
#2833 = DIRECTION('',(0.,1.,0.));
#2834 = DIRECTION('',(0.,-0.,1.));
#2835 = ADVANCED_FACE('',(#2836),#2863,.T.);
#2836 = FACE_BOUND('',#2837,.T.);
#2837 = EDGE_LOOP('',(#2838,#2848,#2854,#2855,#2856,#2857));
#2838 = ORIENTED_EDGE('',*,*,#2839,.F.);
#2839 = EDGE_CURVE('',#2840,#2842,#2844,.T.);
#2840 = VERTEX_POINT('',#2841);
#2841 = CARTESIAN_POINT('',(12.25,-5.5,-0.7));
#2842 = VERTEX_POINT('',#2843);
#2843 = CARTESIAN_POINT('',(12.25,-4.5,-0.7));
#2844 = LINE('',#2845,#2846);
#2845 = CARTESIAN_POINT('',(12.25,-5.5,-0.7));
#2846 = VECTOR('',#2847,1.);
#2847 = DIRECTION('',(0.,1.,0.));
#2848 = ORIENTED_EDGE('',*,*,#2849,.T.);
#2849 = EDGE_CURVE('',#2840,#2041,#2850,.T.);
#2850 = LINE('',#2851,#2852);
#2851 = CARTESIAN_POINT('',(12.25,-5.5,-0.7));
#2852 = VECTOR('',#2853,1.);
#2853 = DIRECTION('',(0.,0.,1.));
#2854 = ORIENTED_EDGE('',*,*,#2048,.T.);
#2855 = ORIENTED_EDGE('',*,*,#2825,.T.);
#2856 = ORIENTED_EDGE('',*,*,#2155,.T.);
#2857 = ORIENTED_EDGE('',*,*,#2858,.F.);
#2858 = EDGE_CURVE('',#2842,#2156,#2859,.T.);
#2859 = LINE('',#2860,#2861);
#2860 = CARTESIAN_POINT('',(12.25,-4.5,-0.7));
#2861 = VECTOR('',#2862,1.);
#2862 = DIRECTION('',(0.,0.,1.));
#2863 = PLANE('',#2864);
#2864 = AXIS2_PLACEMENT_3D('',#2865,#2866,#2867);
#2865 = CARTESIAN_POINT('',(12.25,-5.,-0.7));
#2866 = DIRECTION('',(-1.,0.,0.));
#2867 = DIRECTION('',(0.,0.,1.));
#2868 = ADVANCED_FACE('',(#2869),#2901,.T.);
#2869 = FACE_BOUND('',#2870,.T.);
#2870 = EDGE_LOOP('',(#2871,#2881,#2887,#2888,#2894,#2895));
#2871 = ORIENTED_EDGE('',*,*,#2872,.F.);
#2872 = EDGE_CURVE('',#2873,#2875,#2877,.T.);
#2873 = VERTEX_POINT('',#2874);
#2874 = CARTESIAN_POINT('',(0.25,-4.5,-0.7));
#2875 = VERTEX_POINT('',#2876);
#2876 = CARTESIAN_POINT('',(0.25,-5.5,-0.7));
#2877 = LINE('',#2878,#2879);
#2878 = CARTESIAN_POINT('',(0.25,-4.5,-0.7));
#2879 = VECTOR('',#2880,1.);
#2880 = DIRECTION('',(-1.224646799147E-16,-1.,0.));
#2881 = ORIENTED_EDGE('',*,*,#2882,.T.);
#2882 = EDGE_CURVE('',#2873,#2106,#2883,.T.);
#2883 = LINE('',#2884,#2885);
#2884 = CARTESIAN_POINT('',(0.25,-4.5,-0.7));
#2885 = VECTOR('',#2886,1.);
#2886 = DIRECTION('',(0.,0.,1.));
#2887 = ORIENTED_EDGE('',*,*,#2103,.F.);
#2888 = ORIENTED_EDGE('',*,*,#2889,.F.);
#2889 = EDGE_CURVE('',#2312,#2104,#2890,.T.);
#2890 = LINE('',#2891,#2892);
#2891 = CARTESIAN_POINT('',(0.25,-5.,0.));
#2892 = VECTOR('',#2893,1.);
#2893 = DIRECTION('',(0.,0.,1.));
#2894 = ORIENTED_EDGE('',*,*,#2319,.F.);
#2895 = ORIENTED_EDGE('',*,*,#2896,.F.);
#2896 = EDGE_CURVE('',#2875,#2286,#2897,.T.);
#2897 = LINE('',#2898,#2899);
#2898 = CARTESIAN_POINT('',(0.25,-5.5,-0.7));
#2899 = VECTOR('',#2900,1.);
#2900 = DIRECTION('',(0.,0.,1.));
#2901 = PLANE('',#2902);
#2902 = AXIS2_PLACEMENT_3D('',#2903,#2904,#2905);
#2903 = CARTESIAN_POINT('',(0.25,-5.,-0.7));
#2904 = DIRECTION('',(1.,-1.224646799147E-16,0.));
#2905 = DIRECTION('',(0.,0.,1.));
#2906 = ADVANCED_FACE('',(#2907),#3005,.F.);
#2907 = FACE_BOUND('',#2908,.F.);
#2908 = EDGE_LOOP('',(#2909,#2910,#2911,#2912,#2920,#2928,#2936,#2944,
    #2950,#2951,#2959,#2967,#2975,#2983,#2991,#2999));
#2909 = ORIENTED_EDGE('',*,*,#2467,.T.);
#2910 = ORIENTED_EDGE('',*,*,#2333,.T.);
#2911 = ORIENTED_EDGE('',*,*,#2283,.T.);
#2912 = ORIENTED_EDGE('',*,*,#2913,.T.);
#2913 = EDGE_CURVE('',#2286,#2914,#2916,.T.);
#2914 = VERTEX_POINT('',#2915);
#2915 = CARTESIAN_POINT('',(0.25,-5.5,0.7));
#2916 = LINE('',#2917,#2918);
#2917 = CARTESIAN_POINT('',(0.25,-5.5,-0.7));
#2918 = VECTOR('',#2919,1.);
#2919 = DIRECTION('',(0.,0.,1.));
#2920 = ORIENTED_EDGE('',*,*,#2921,.F.);
#2921 = EDGE_CURVE('',#2922,#2914,#2924,.T.);
#2922 = VERTEX_POINT('',#2923);
#2923 = CARTESIAN_POINT('',(0.25,-5.5,1.));
#2924 = LINE('',#2925,#2926);
#2925 = CARTESIAN_POINT('',(0.25,-5.5,-0.609281390554));
#2926 = VECTOR('',#2927,1.);
#2927 = DIRECTION('',(0.,-0.,-1.));
#2928 = ORIENTED_EDGE('',*,*,#2929,.F.);
#2929 = EDGE_CURVE('',#2930,#2922,#2932,.T.);
#2930 = VERTEX_POINT('',#2931);
#2931 = CARTESIAN_POINT('',(0.25,-4.5,1.));
#2932 = LINE('',#2933,#2934);
#2933 = CARTESIAN_POINT('',(0.25,-4.5,1.));
#2934 = VECTOR('',#2935,1.);
#2935 = DIRECTION('',(-1.224646799147E-16,-1.,0.));
#2936 = ORIENTED_EDGE('',*,*,#2937,.T.);
#2937 = EDGE_CURVE('',#2930,#2938,#2940,.T.);
#2938 = VERTEX_POINT('',#2939);
#2939 = CARTESIAN_POINT('',(0.25,-4.5,0.7));
#2940 = LINE('',#2941,#2942);
#2941 = CARTESIAN_POINT('',(0.25,-4.5,-0.609281390554));
#2942 = VECTOR('',#2943,1.);
#2943 = DIRECTION('',(0.,-0.,-1.));
#2944 = ORIENTED_EDGE('',*,*,#2945,.F.);
#2945 = EDGE_CURVE('',#2106,#2938,#2946,.T.);
#2946 = LINE('',#2947,#2948);
#2947 = CARTESIAN_POINT('',(0.25,-4.5,-0.7));
#2948 = VECTOR('',#2949,1.);
#2949 = DIRECTION('',(0.,0.,1.));
#2950 = ORIENTED_EDGE('',*,*,#2245,.T.);
#2951 = ORIENTED_EDGE('',*,*,#2952,.T.);
#2952 = EDGE_CURVE('',#2238,#2953,#2955,.T.);
#2953 = VERTEX_POINT('',#2954);
#2954 = CARTESIAN_POINT('',(0.25,-0.5,0.7));
#2955 = LINE('',#2956,#2957);
#2956 = CARTESIAN_POINT('',(0.25,-0.5,-0.7));
#2957 = VECTOR('',#2958,1.);
#2958 = DIRECTION('',(0.,0.,1.));
#2959 = ORIENTED_EDGE('',*,*,#2960,.F.);
#2960 = EDGE_CURVE('',#2961,#2953,#2963,.T.);
#2961 = VERTEX_POINT('',#2962);
#2962 = CARTESIAN_POINT('',(0.25,-0.5,1.));
#2963 = LINE('',#2964,#2965);
#2964 = CARTESIAN_POINT('',(0.25,-0.5,-0.609281390554));
#2965 = VECTOR('',#2966,1.);
#2966 = DIRECTION('',(0.,-0.,-1.));
#2967 = ORIENTED_EDGE('',*,*,#2968,.F.);
#2968 = EDGE_CURVE('',#2969,#2961,#2971,.T.);
#2969 = VERTEX_POINT('',#2970);
#2970 = CARTESIAN_POINT('',(0.25,0.5,1.));
#2971 = LINE('',#2972,#2973);
#2972 = CARTESIAN_POINT('',(0.25,0.5,1.));
#2973 = VECTOR('',#2974,1.);
#2974 = DIRECTION('',(-1.224646799147E-16,-1.,0.));
#2975 = ORIENTED_EDGE('',*,*,#2976,.T.);
#2976 = EDGE_CURVE('',#2969,#2977,#2979,.T.);
#2977 = VERTEX_POINT('',#2978);
#2978 = CARTESIAN_POINT('',(0.25,0.5,0.7));
#2979 = LINE('',#2980,#2981);
#2980 = CARTESIAN_POINT('',(0.25,0.5,-0.609281390554));
#2981 = VECTOR('',#2982,1.);
#2982 = DIRECTION('',(0.,-0.,-1.));
#2983 = ORIENTED_EDGE('',*,*,#2984,.F.);
#2984 = EDGE_CURVE('',#2985,#2977,#2987,.T.);
#2985 = VERTEX_POINT('',#2986);
#2986 = CARTESIAN_POINT('',(0.25,0.5,0.));
#2987 = LINE('',#2988,#2989);
#2988 = CARTESIAN_POINT('',(0.25,0.5,-0.7));
#2989 = VECTOR('',#2990,1.);
#2990 = DIRECTION('',(0.,0.,1.));
#2991 = ORIENTED_EDGE('',*,*,#2992,.T.);
#2992 = EDGE_CURVE('',#2985,#2993,#2995,.T.);
#2993 = VERTEX_POINT('',#2994);
#2994 = CARTESIAN_POINT('',(0.25,2.5,0.));
#2995 = LINE('',#2996,#2997);
#2996 = CARTESIAN_POINT('',(0.25,0.,0.));
#2997 = VECTOR('',#2998,1.);
#2998 = DIRECTION('',(0.,1.,0.));
#2999 = ORIENTED_EDGE('',*,*,#3000,.F.);
#3000 = EDGE_CURVE('',#2459,#2993,#3001,.T.);
#3001 = LINE('',#3002,#3003);
#3002 = CARTESIAN_POINT('',(0.25,2.5,3.5));
#3003 = VECTOR('',#3004,1.);
#3004 = DIRECTION('',(0.,0.,-1.));
#3005 = PLANE('',#3006);
#3006 = AXIS2_PLACEMENT_3D('',#3007,#3008,#3009);
#3007 = CARTESIAN_POINT('',(0.25,3.5,0.));
#3008 = DIRECTION('',(1.,0.,0.));
#3009 = DIRECTION('',(0.,-1.,0.));
#3010 = ADVANCED_FACE('',(#3011),#3050,.T.);
#3011 = FACE_BOUND('',#3012,.T.);
#3012 = EDGE_LOOP('',(#3013,#3023,#3029,#3037,#3043,#3044));
#3013 = ORIENTED_EDGE('',*,*,#3014,.F.);
#3014 = EDGE_CURVE('',#3015,#3017,#3019,.T.);
#3015 = VERTEX_POINT('',#3016);
#3016 = CARTESIAN_POINT('',(0.25,0.5,-0.7));
#3017 = VERTEX_POINT('',#3018);
#3018 = CARTESIAN_POINT('',(0.25,-0.5,-0.7));
#3019 = LINE('',#3020,#3021);
#3020 = CARTESIAN_POINT('',(0.25,0.5,-0.7));
#3021 = VECTOR('',#3022,1.);
#3022 = DIRECTION('',(-1.224646799147E-16,-1.,0.));
#3023 = ORIENTED_EDGE('',*,*,#3024,.T.);
#3024 = EDGE_CURVE('',#3015,#2985,#3025,.T.);
#3025 = LINE('',#3026,#3027);
#3026 = CARTESIAN_POINT('',(0.25,0.5,-0.7));
#3027 = VECTOR('',#3028,1.);
#3028 = DIRECTION('',(0.,0.,1.));
#3029 = ORIENTED_EDGE('',*,*,#3030,.F.);
#3030 = EDGE_CURVE('',#3031,#2985,#3033,.T.);
#3031 = VERTEX_POINT('',#3032);
#3032 = CARTESIAN_POINT('',(0.25,0.,0.));
#3033 = LINE('',#3034,#3035);
#3034 = CARTESIAN_POINT('',(0.25,0.,0.));
#3035 = VECTOR('',#3036,1.);
#3036 = DIRECTION('',(0.,1.,0.));
#3037 = ORIENTED_EDGE('',*,*,#3038,.T.);
#3038 = EDGE_CURVE('',#3031,#2230,#3039,.T.);
#3039 = LINE('',#3040,#3041);
#3040 = CARTESIAN_POINT('',(0.25,0.,0.));
#3041 = VECTOR('',#3042,1.);
#3042 = DIRECTION('',(0.,0.,1.));
#3043 = ORIENTED_EDGE('',*,*,#2237,.F.);
#3044 = ORIENTED_EDGE('',*,*,#3045,.F.);
#3045 = EDGE_CURVE('',#3017,#2238,#3046,.T.);
#3046 = LINE('',#3047,#3048);
#3047 = CARTESIAN_POINT('',(0.25,-0.5,-0.7));
#3048 = VECTOR('',#3049,1.);
#3049 = DIRECTION('',(0.,0.,1.));
#3050 = PLANE('',#3051);
#3051 = AXIS2_PLACEMENT_3D('',#3052,#3053,#3054);
#3052 = CARTESIAN_POINT('',(0.25,0.,-0.7));
#3053 = DIRECTION('',(1.,-1.224646799147E-16,0.));
#3054 = DIRECTION('',(0.,0.,1.));
#3055 = ADVANCED_FACE('',(#3056),#3074,.F.);
#3056 = FACE_BOUND('',#3057,.F.);
#3057 = EDGE_LOOP('',(#3058,#3066,#3067,#3068));
#3058 = ORIENTED_EDGE('',*,*,#3059,.F.);
#3059 = EDGE_CURVE('',#3031,#3060,#3062,.T.);
#3060 = VERTEX_POINT('',#3061);
#3061 = CARTESIAN_POINT('',(2.75,0.,0.));
#3062 = LINE('',#3063,#3064);
#3063 = CARTESIAN_POINT('',(0.25,0.,0.));
#3064 = VECTOR('',#3065,1.);
#3065 = DIRECTION('',(1.,0.,0.));
#3066 = ORIENTED_EDGE('',*,*,#3038,.T.);
#3067 = ORIENTED_EDGE('',*,*,#2229,.T.);
#3068 = ORIENTED_EDGE('',*,*,#3069,.F.);
#3069 = EDGE_CURVE('',#3060,#2221,#3070,.T.);
#3070 = LINE('',#3071,#3072);
#3071 = CARTESIAN_POINT('',(2.75,0.,0.));
#3072 = VECTOR('',#3073,1.);
#3073 = DIRECTION('',(0.,0.,1.));
#3074 = PLANE('',#3075);
#3075 = AXIS2_PLACEMENT_3D('',#3076,#3077,#3078);
#3076 = CARTESIAN_POINT('',(0.25,0.,0.));
#3077 = DIRECTION('',(0.,1.,0.));
#3078 = DIRECTION('',(0.,-0.,1.));
#3079 = ADVANCED_FACE('',(#3080),#3099,.T.);
#3080 = FACE_BOUND('',#3081,.T.);
#3081 = EDGE_LOOP('',(#3082,#3090,#3091,#3092));
#3082 = ORIENTED_EDGE('',*,*,#3083,.T.);
#3083 = EDGE_CURVE('',#3084,#2213,#3086,.T.);
#3084 = VERTEX_POINT('',#3085);
#3085 = CARTESIAN_POINT('',(3.75,1.,0.));
#3086 = LINE('',#3087,#3088);
#3087 = CARTESIAN_POINT('',(3.75,1.,0.));
#3088 = VECTOR('',#3089,1.);
#3089 = DIRECTION('',(0.,0.,1.));
#3090 = ORIENTED_EDGE('',*,*,#2220,.T.);
#3091 = ORIENTED_EDGE('',*,*,#3069,.F.);
#3092 = ORIENTED_EDGE('',*,*,#3093,.F.);
#3093 = EDGE_CURVE('',#3084,#3060,#3094,.T.);
#3094 = CIRCLE('',#3095,1.);
#3095 = AXIS2_PLACEMENT_3D('',#3096,#3097,#3098);
#3096 = CARTESIAN_POINT('',(2.75,1.,0.));
#3097 = DIRECTION('',(-0.,-0.,-1.));
#3098 = DIRECTION('',(0.,-1.,0.));
#3099 = CYLINDRICAL_SURFACE('',#3100,1.);
#3100 = AXIS2_PLACEMENT_3D('',#3101,#3102,#3103);
#3101 = CARTESIAN_POINT('',(2.75,1.,0.));
#3102 = DIRECTION('',(0.,0.,1.));
#3103 = DIRECTION('',(1.,0.,-0.));
#3104 = ADVANCED_FACE('',(#3105),#3123,.T.);
#3105 = FACE_BOUND('',#3106,.T.);
#3106 = EDGE_LOOP('',(#3107,#3108,#3109,#3117));
#3107 = ORIENTED_EDGE('',*,*,#2212,.F.);
#3108 = ORIENTED_EDGE('',*,*,#3083,.F.);
#3109 = ORIENTED_EDGE('',*,*,#3110,.T.);
#3110 = EDGE_CURVE('',#3084,#3111,#3113,.T.);
#3111 = VERTEX_POINT('',#3112);
#3112 = CARTESIAN_POINT('',(3.75,3.5,0.));
#3113 = LINE('',#3114,#3115);
#3114 = CARTESIAN_POINT('',(3.75,0.,0.));
#3115 = VECTOR('',#3116,1.);
#3116 = DIRECTION('',(0.,1.,0.));
#3117 = ORIENTED_EDGE('',*,*,#3118,.T.);
#3118 = EDGE_CURVE('',#3111,#2205,#3119,.T.);
#3119 = LINE('',#3120,#3121);
#3120 = CARTESIAN_POINT('',(3.75,3.5,0.));
#3121 = VECTOR('',#3122,1.);
#3122 = DIRECTION('',(0.,0.,1.));
#3123 = PLANE('',#3124);
#3124 = AXIS2_PLACEMENT_3D('',#3125,#3126,#3127);
#3125 = CARTESIAN_POINT('',(3.75,0.,0.));
#3126 = DIRECTION('',(1.,0.,0.));
#3127 = DIRECTION('',(0.,0.,1.));
#3128 = ADVANCED_FACE('',(#3129),#3193,.F.);
#3129 = FACE_BOUND('',#3130,.F.);
#3130 = EDGE_LOOP('',(#3131,#3139,#3145,#3146,#3147,#3155,#3163,#3169,
    #3170,#3178,#3186,#3192));
#3131 = ORIENTED_EDGE('',*,*,#3132,.F.);
#3132 = EDGE_CURVE('',#3133,#2451,#3135,.T.);
#3133 = VERTEX_POINT('',#3134);
#3134 = CARTESIAN_POINT('',(1.25,3.5,0.));
#3135 = LINE('',#3136,#3137);
#3136 = CARTESIAN_POINT('',(1.25,3.5,0.));
#3137 = VECTOR('',#3138,1.);
#3138 = DIRECTION('',(0.,0.,1.));
#3139 = ORIENTED_EDGE('',*,*,#3140,.T.);
#3140 = EDGE_CURVE('',#3133,#3111,#3141,.T.);
#3141 = LINE('',#3142,#3143);
#3142 = CARTESIAN_POINT('',(0.25,3.5,0.));
#3143 = VECTOR('',#3144,1.);
#3144 = DIRECTION('',(1.,0.,0.));
#3145 = ORIENTED_EDGE('',*,*,#3118,.T.);
#3146 = ORIENTED_EDGE('',*,*,#2204,.T.);
#3147 = ORIENTED_EDGE('',*,*,#3148,.F.);
#3148 = EDGE_CURVE('',#3149,#2197,#3151,.T.);
#3149 = VERTEX_POINT('',#3150);
#3150 = CARTESIAN_POINT('',(8.75,3.5,0.));
#3151 = LINE('',#3152,#3153);
#3152 = CARTESIAN_POINT('',(8.75,3.5,0.));
#3153 = VECTOR('',#3154,1.);
#3154 = DIRECTION('',(0.,0.,1.));
#3155 = ORIENTED_EDGE('',*,*,#3156,.T.);
#3156 = EDGE_CURVE('',#3149,#3157,#3159,.T.);
#3157 = VERTEX_POINT('',#3158);
#3158 = CARTESIAN_POINT('',(11.25,3.5,0.));
#3159 = LINE('',#3160,#3161);
#3160 = CARTESIAN_POINT('',(8.75,3.5,0.));
#3161 = VECTOR('',#3162,1.);
#3162 = DIRECTION('',(1.,0.,0.));
#3163 = ORIENTED_EDGE('',*,*,#3164,.F.);
#3164 = EDGE_CURVE('',#2597,#3157,#3165,.T.);
#3165 = LINE('',#3166,#3167);
#3166 = CARTESIAN_POINT('',(11.25,3.5,3.5));
#3167 = VECTOR('',#3168,1.);
#3168 = DIRECTION('',(0.,0.,-1.));
#3169 = ORIENTED_EDGE('',*,*,#2605,.T.);
#3170 = ORIENTED_EDGE('',*,*,#3171,.F.);
#3171 = EDGE_CURVE('',#3172,#2606,#3174,.T.);
#3172 = VERTEX_POINT('',#3173);
#3173 = CARTESIAN_POINT('',(7.05,3.5,3.35));
#3174 = LINE('',#3175,#3176);
#3175 = CARTESIAN_POINT('',(7.05,3.5,3.35));
#3176 = VECTOR('',#3177,1.);
#3177 = DIRECTION('',(0.,0.,1.));
#3178 = ORIENTED_EDGE('',*,*,#3179,.F.);
#3179 = EDGE_CURVE('',#3180,#3172,#3182,.T.);
#3180 = VERTEX_POINT('',#3181);
#3181 = CARTESIAN_POINT('',(5.45,3.5,3.35));
#3182 = LINE('',#3183,#3184);
#3183 = CARTESIAN_POINT('',(5.45,3.5,3.35));
#3184 = VECTOR('',#3185,1.);
#3185 = DIRECTION('',(1.,0.,0.));
#3186 = ORIENTED_EDGE('',*,*,#3187,.T.);
#3187 = EDGE_CURVE('',#3180,#2443,#3188,.T.);
#3188 = LINE('',#3189,#3190);
#3189 = CARTESIAN_POINT('',(5.45,3.5,3.35));
#3190 = VECTOR('',#3191,1.);
#3191 = DIRECTION('',(0.,0.,1.));
#3192 = ORIENTED_EDGE('',*,*,#2450,.T.);
#3193 = PLANE('',#3194);
#3194 = AXIS2_PLACEMENT_3D('',#3195,#3196,#3197);
#3195 = CARTESIAN_POINT('',(12.25,3.5,0.));
#3196 = DIRECTION('',(0.,-1.,0.));
#3197 = DIRECTION('',(-1.,0.,0.));
#3198 = ADVANCED_FACE('',(#3199),#3217,.F.);
#3199 = FACE_BOUND('',#3200,.F.);
#3200 = EDGE_LOOP('',(#3201,#3202,#3210,#3216));
#3201 = ORIENTED_EDGE('',*,*,#2196,.F.);
#3202 = ORIENTED_EDGE('',*,*,#3203,.F.);
#3203 = EDGE_CURVE('',#3204,#2188,#3206,.T.);
#3204 = VERTEX_POINT('',#3205);
#3205 = CARTESIAN_POINT('',(8.75,1.,0.));
#3206 = LINE('',#3207,#3208);
#3207 = CARTESIAN_POINT('',(8.75,1.,0.));
#3208 = VECTOR('',#3209,1.);
#3209 = DIRECTION('',(0.,0.,1.));
#3210 = ORIENTED_EDGE('',*,*,#3211,.T.);
#3211 = EDGE_CURVE('',#3204,#3149,#3212,.T.);
#3212 = LINE('',#3213,#3214);
#3213 = CARTESIAN_POINT('',(8.75,0.,0.));
#3214 = VECTOR('',#3215,1.);
#3215 = DIRECTION('',(0.,1.,0.));
#3216 = ORIENTED_EDGE('',*,*,#3148,.T.);
#3217 = PLANE('',#3218);
#3218 = AXIS2_PLACEMENT_3D('',#3219,#3220,#3221);
#3219 = CARTESIAN_POINT('',(8.75,0.,0.));
#3220 = DIRECTION('',(1.,0.,0.));
#3221 = DIRECTION('',(0.,0.,1.));
#3222 = ADVANCED_FACE('',(#3223),#3242,.T.);
#3223 = FACE_BOUND('',#3224,.T.);
#3224 = EDGE_LOOP('',(#3225,#3234,#3240,#3241));
#3225 = ORIENTED_EDGE('',*,*,#3226,.T.);
#3226 = EDGE_CURVE('',#3204,#3227,#3229,.T.);
#3227 = VERTEX_POINT('',#3228);
#3228 = CARTESIAN_POINT('',(9.75,0.,0.));
#3229 = CIRCLE('',#3230,1.);
#3230 = AXIS2_PLACEMENT_3D('',#3231,#3232,#3233);
#3231 = CARTESIAN_POINT('',(9.75,1.,0.));
#3232 = DIRECTION('',(-0.,0.,1.));
#3233 = DIRECTION('',(0.,-1.,0.));
#3234 = ORIENTED_EDGE('',*,*,#3235,.T.);
#3235 = EDGE_CURVE('',#3227,#2180,#3236,.T.);
#3236 = LINE('',#3237,#3238);
#3237 = CARTESIAN_POINT('',(9.75,0.,0.));
#3238 = VECTOR('',#3239,1.);
#3239 = DIRECTION('',(0.,0.,1.));
#3240 = ORIENTED_EDGE('',*,*,#2187,.F.);
#3241 = ORIENTED_EDGE('',*,*,#3203,.F.);
#3242 = CYLINDRICAL_SURFACE('',#3243,1.);
#3243 = AXIS2_PLACEMENT_3D('',#3244,#3245,#3246);
#3244 = CARTESIAN_POINT('',(9.75,1.,0.));
#3245 = DIRECTION('',(0.,0.,1.));
#3246 = DIRECTION('',(-1.,0.,0.));
#3247 = ADVANCED_FACE('',(#3248),#3266,.F.);
#3248 = FACE_BOUND('',#3249,.F.);
#3249 = EDGE_LOOP('',(#3250,#3258,#3259,#3260));
#3250 = ORIENTED_EDGE('',*,*,#3251,.F.);
#3251 = EDGE_CURVE('',#3227,#3252,#3254,.T.);
#3252 = VERTEX_POINT('',#3253);
#3253 = CARTESIAN_POINT('',(12.25,0.,0.));
#3254 = LINE('',#3255,#3256);
#3255 = CARTESIAN_POINT('',(8.75,0.,0.));
#3256 = VECTOR('',#3257,1.);
#3257 = DIRECTION('',(1.,0.,0.));
#3258 = ORIENTED_EDGE('',*,*,#3235,.T.);
#3259 = ORIENTED_EDGE('',*,*,#2179,.T.);
#3260 = ORIENTED_EDGE('',*,*,#3261,.F.);
#3261 = EDGE_CURVE('',#3252,#2172,#3262,.T.);
#3262 = LINE('',#3263,#3264);
#3263 = CARTESIAN_POINT('',(12.25,0.,0.));
#3264 = VECTOR('',#3265,1.);
#3265 = DIRECTION('',(0.,0.,1.));
#3266 = PLANE('',#3267);
#3267 = AXIS2_PLACEMENT_3D('',#3268,#3269,#3270);
#3268 = CARTESIAN_POINT('',(8.75,0.,0.));
#3269 = DIRECTION('',(0.,1.,0.));
#3270 = DIRECTION('',(0.,-0.,1.));
#3271 = ADVANCED_FACE('',(#3272),#3304,.T.);
#3272 = FACE_BOUND('',#3273,.T.);
#3273 = EDGE_LOOP('',(#3274,#3284,#3290,#3291,#3292,#3298));
#3274 = ORIENTED_EDGE('',*,*,#3275,.F.);
#3275 = EDGE_CURVE('',#3276,#3278,#3280,.T.);
#3276 = VERTEX_POINT('',#3277);
#3277 = CARTESIAN_POINT('',(12.25,-0.5,-0.7));
#3278 = VERTEX_POINT('',#3279);
#3279 = CARTESIAN_POINT('',(12.25,0.5,-0.7));
#3280 = LINE('',#3281,#3282);
#3281 = CARTESIAN_POINT('',(12.25,-0.5,-0.7));
#3282 = VECTOR('',#3283,1.);
#3283 = DIRECTION('',(0.,1.,0.));
#3284 = ORIENTED_EDGE('',*,*,#3285,.T.);
#3285 = EDGE_CURVE('',#3276,#2164,#3286,.T.);
#3286 = LINE('',#3287,#3288);
#3287 = CARTESIAN_POINT('',(12.25,-0.5,-0.7));
#3288 = VECTOR('',#3289,1.);
#3289 = DIRECTION('',(0.,0.,1.));
#3290 = ORIENTED_EDGE('',*,*,#2171,.T.);
#3291 = ORIENTED_EDGE('',*,*,#3261,.F.);
#3292 = ORIENTED_EDGE('',*,*,#3293,.T.);
#3293 = EDGE_CURVE('',#3252,#2752,#3294,.T.);
#3294 = LINE('',#3295,#3296);
#3295 = CARTESIAN_POINT('',(12.25,0.,0.));
#3296 = VECTOR('',#3297,1.);
#3297 = DIRECTION('',(0.,1.,0.));
#3298 = ORIENTED_EDGE('',*,*,#3299,.F.);
#3299 = EDGE_CURVE('',#3278,#2752,#3300,.T.);
#3300 = LINE('',#3301,#3302);
#3301 = CARTESIAN_POINT('',(12.25,0.5,-0.7));
#3302 = VECTOR('',#3303,1.);
#3303 = DIRECTION('',(0.,0.,1.));
#3304 = PLANE('',#3305);
#3305 = AXIS2_PLACEMENT_3D('',#3306,#3307,#3308);
#3306 = CARTESIAN_POINT('',(12.25,0.,-0.7));
#3307 = DIRECTION('',(-1.,0.,0.));
#3308 = DIRECTION('',(0.,0.,1.));
#3309 = ADVANCED_FACE('',(#3310),#3321,.T.);
#3310 = FACE_BOUND('',#3311,.T.);
#3311 = EDGE_LOOP('',(#3312,#3313,#3319,#3320));
#3312 = ORIENTED_EDGE('',*,*,#2302,.T.);
#3313 = ORIENTED_EDGE('',*,*,#3314,.T.);
#3314 = EDGE_CURVE('',#2303,#2114,#3315,.T.);
#3315 = LINE('',#3316,#3317);
#3316 = CARTESIAN_POINT('',(2.75,-5.,0.));
#3317 = VECTOR('',#3318,1.);
#3318 = DIRECTION('',(0.,0.,1.));
#3319 = ORIENTED_EDGE('',*,*,#2121,.F.);
#3320 = ORIENTED_EDGE('',*,*,#2269,.F.);
#3321 = CYLINDRICAL_SURFACE('',#3322,1.);
#3322 = AXIS2_PLACEMENT_3D('',#3323,#3324,#3325);
#3323 = CARTESIAN_POINT('',(2.75,-6.,0.));
#3324 = DIRECTION('',(0.,0.,1.));
#3325 = DIRECTION('',(1.,0.,-0.));
#3326 = ADVANCED_FACE('',(#3327),#3333,.T.);
#3327 = FACE_BOUND('',#3328,.T.);
#3328 = EDGE_LOOP('',(#3329,#3330,#3331,#3332));
#3329 = ORIENTED_EDGE('',*,*,#2311,.F.);
#3330 = ORIENTED_EDGE('',*,*,#2889,.T.);
#3331 = ORIENTED_EDGE('',*,*,#2113,.T.);
#3332 = ORIENTED_EDGE('',*,*,#3314,.F.);
#3333 = PLANE('',#3334);
#3334 = AXIS2_PLACEMENT_3D('',#3335,#3336,#3337);
#3335 = CARTESIAN_POINT('',(0.25,-5.,0.));
#3336 = DIRECTION('',(0.,1.,0.));
#3337 = DIRECTION('',(0.,-0.,1.));
#3338 = ADVANCED_FACE('',(#3339),#3351,.T.);
#3339 = FACE_BOUND('',#3340,.T.);
#3340 = EDGE_LOOP('',(#3341,#3342,#3349,#3350));
#3341 = ORIENTED_EDGE('',*,*,#3132,.F.);
#3342 = ORIENTED_EDGE('',*,*,#3343,.F.);
#3343 = EDGE_CURVE('',#2993,#3133,#3344,.T.);
#3344 = CIRCLE('',#3345,1.);
#3345 = AXIS2_PLACEMENT_3D('',#3346,#3347,#3348);
#3346 = CARTESIAN_POINT('',(1.25,2.5,0.));
#3347 = DIRECTION('',(-0.,-0.,-1.));
#3348 = DIRECTION('',(0.,-1.,0.));
#3349 = ORIENTED_EDGE('',*,*,#3000,.F.);
#3350 = ORIENTED_EDGE('',*,*,#2458,.F.);
#3351 = CYLINDRICAL_SURFACE('',#3352,1.);
#3352 = AXIS2_PLACEMENT_3D('',#3353,#3354,#3355);
#3353 = CARTESIAN_POINT('',(1.25,2.5,0.));
#3354 = DIRECTION('',(0.,0.,1.));
#3355 = DIRECTION('',(0.,1.,0.));
#3356 = ADVANCED_FACE('',(#3357),#3375,.T.);
#3357 = FACE_BOUND('',#3358,.T.);
#3358 = EDGE_LOOP('',(#3359,#3360,#3368,#3374));
#3359 = ORIENTED_EDGE('',*,*,#2442,.F.);
#3360 = ORIENTED_EDGE('',*,*,#3361,.T.);
#3361 = EDGE_CURVE('',#2435,#3362,#3364,.T.);
#3362 = VERTEX_POINT('',#3363);
#3363 = CARTESIAN_POINT('',(5.45,3.,3.35));
#3364 = LINE('',#3365,#3366);
#3365 = CARTESIAN_POINT('',(5.45,3.,3.35));
#3366 = VECTOR('',#3367,1.);
#3367 = DIRECTION('',(0.,0.,-1.));
#3368 = ORIENTED_EDGE('',*,*,#3369,.T.);
#3369 = EDGE_CURVE('',#3362,#3180,#3370,.T.);
#3370 = LINE('',#3371,#3372);
#3371 = CARTESIAN_POINT('',(5.45,-8.5,3.35));
#3372 = VECTOR('',#3373,1.);
#3373 = DIRECTION('',(0.,1.,0.));
#3374 = ORIENTED_EDGE('',*,*,#3187,.T.);
#3375 = PLANE('',#3376);
#3376 = AXIS2_PLACEMENT_3D('',#3377,#3378,#3379);
#3377 = CARTESIAN_POINT('',(5.45,-8.5,3.35));
#3378 = DIRECTION('',(1.,0.,0.));
#3379 = DIRECTION('',(0.,0.,1.));
#3380 = ADVANCED_FACE('',(#3381,#3483,#3494,#3505,#3516,#3527),#3538,.T.
  );
#3381 = FACE_BOUND('',#3382,.T.);
#3382 = EDGE_LOOP('',(#3383,#3384,#3385,#3393,#3401,#3407,#3408,#3409,
    #3410,#3418,#3426,#3432,#3433,#3434,#3435,#3443,#3451,#3457,#3458,
    #3459,#3460,#3468,#3476,#3482));
#3383 = ORIENTED_EDGE('',*,*,#2417,.F.);
#3384 = ORIENTED_EDGE('',*,*,#2409,.F.);
#3385 = ORIENTED_EDGE('',*,*,#3386,.T.);
#3386 = EDGE_CURVE('',#2402,#3387,#3389,.T.);
#3387 = VERTEX_POINT('',#3388);
#3388 = CARTESIAN_POINT('',(0.95,0.,3.5));
#3389 = LINE('',#3390,#3391);
#3390 = CARTESIAN_POINT('',(0.75,0.15,3.5));
#3391 = VECTOR('',#3392,1.);
#3392 = DIRECTION('',(0.8,-0.6,0.));
#3393 = ORIENTED_EDGE('',*,*,#3394,.T.);
#3394 = EDGE_CURVE('',#3387,#3395,#3397,.T.);
#3395 = VERTEX_POINT('',#3396);
#3396 = CARTESIAN_POINT('',(0.95,-5.,3.5));
#3397 = LINE('',#3398,#3399);
#3398 = CARTESIAN_POINT('',(0.95,0.,3.5));
#3399 = VECTOR('',#3400,1.);
#3400 = DIRECTION('',(-0.,-1.,-0.));
#3401 = ORIENTED_EDGE('',*,*,#3402,.T.);
#3402 = EDGE_CURVE('',#3395,#2394,#3403,.T.);
#3403 = LINE('',#3404,#3405);
#3404 = CARTESIAN_POINT('',(0.95,-5.,3.5));
#3405 = VECTOR('',#3406,1.);
#3406 = DIRECTION('',(-0.8,-0.6,-0.));
#3407 = ORIENTED_EDGE('',*,*,#2393,.F.);
#3408 = ORIENTED_EDGE('',*,*,#2384,.T.);
#3409 = ORIENTED_EDGE('',*,*,#2376,.T.);
#3410 = ORIENTED_EDGE('',*,*,#3411,.T.);
#3411 = EDGE_CURVE('',#2369,#3412,#3414,.T.);
#3412 = VERTEX_POINT('',#3413);
#3413 = CARTESIAN_POINT('',(3.75,-7.8,3.5));
#3414 = LINE('',#3415,#3416);
#3415 = CARTESIAN_POINT('',(3.6,-8.,3.5));
#3416 = VECTOR('',#3417,1.);
#3417 = DIRECTION('',(0.6,0.8,0.));
#3418 = ORIENTED_EDGE('',*,*,#3419,.T.);
#3419 = EDGE_CURVE('',#3412,#3420,#3422,.T.);
#3420 = VERTEX_POINT('',#3421);
#3421 = CARTESIAN_POINT('',(8.75,-7.8,3.5));
#3422 = LINE('',#3423,#3424);
#3423 = CARTESIAN_POINT('',(3.75,-7.8,3.5));
#3424 = VECTOR('',#3425,1.);
#3425 = DIRECTION('',(1.,1.110223024625E-16,0.));
#3426 = ORIENTED_EDGE('',*,*,#3427,.T.);
#3427 = EDGE_CURVE('',#3420,#2680,#3428,.T.);
#3428 = LINE('',#3429,#3430);
#3429 = CARTESIAN_POINT('',(8.75,-7.8,3.5));
#3430 = VECTOR('',#3431,1.);
#3431 = DIRECTION('',(0.6,-0.8,0.));
#3432 = ORIENTED_EDGE('',*,*,#2679,.T.);
#3433 = ORIENTED_EDGE('',*,*,#2670,.F.);
#3434 = ORIENTED_EDGE('',*,*,#2662,.T.);
#3435 = ORIENTED_EDGE('',*,*,#3436,.F.);
#3436 = EDGE_CURVE('',#3437,#2655,#3439,.T.);
#3437 = VERTEX_POINT('',#3438);
#3438 = CARTESIAN_POINT('',(11.55,-5.,3.5));
#3439 = LINE('',#3440,#3441);
#3440 = CARTESIAN_POINT('',(11.55,-5.,3.5));
#3441 = VECTOR('',#3442,1.);
#3442 = DIRECTION('',(0.8,-0.6,0.));
#3443 = ORIENTED_EDGE('',*,*,#3444,.F.);
#3444 = EDGE_CURVE('',#3445,#3437,#3447,.T.);
#3445 = VERTEX_POINT('',#3446);
#3446 = CARTESIAN_POINT('',(11.55,0.,3.5));
#3447 = LINE('',#3448,#3449);
#3448 = CARTESIAN_POINT('',(11.55,0.,3.5));
#3449 = VECTOR('',#3450,1.);
#3450 = DIRECTION('',(0.,-1.,0.));
#3451 = ORIENTED_EDGE('',*,*,#3452,.F.);
#3452 = EDGE_CURVE('',#2647,#3445,#3453,.T.);
#3453 = LINE('',#3454,#3455);
#3454 = CARTESIAN_POINT('',(11.75,0.15,3.5));
#3455 = VECTOR('',#3456,1.);
#3456 = DIRECTION('',(-0.8,-0.6,0.));
#3457 = ORIENTED_EDGE('',*,*,#2646,.T.);
#3458 = ORIENTED_EDGE('',*,*,#2637,.T.);
#3459 = ORIENTED_EDGE('',*,*,#2629,.F.);
#3460 = ORIENTED_EDGE('',*,*,#3461,.F.);
#3461 = EDGE_CURVE('',#3462,#2622,#3464,.T.);
#3462 = VERTEX_POINT('',#3463);
#3463 = CARTESIAN_POINT('',(8.75,2.8,3.5));
#3464 = LINE('',#3465,#3466);
#3465 = CARTESIAN_POINT('',(8.75,2.8,3.5));
#3466 = VECTOR('',#3467,1.);
#3467 = DIRECTION('',(0.6,0.8,0.));
#3468 = ORIENTED_EDGE('',*,*,#3469,.F.);
#3469 = EDGE_CURVE('',#3470,#3462,#3472,.T.);
#3470 = VERTEX_POINT('',#3471);
#3471 = CARTESIAN_POINT('',(3.75,2.8,3.5));
#3472 = LINE('',#3473,#3474);
#3473 = CARTESIAN_POINT('',(3.75,2.8,3.5));
#3474 = VECTOR('',#3475,1.);
#3475 = DIRECTION('',(1.,-1.110223024625E-16,0.));
#3476 = ORIENTED_EDGE('',*,*,#3477,.F.);
#3477 = EDGE_CURVE('',#2427,#3470,#3478,.T.);
#3478 = LINE('',#3479,#3480);
#3479 = CARTESIAN_POINT('',(3.6,3.,3.5));
#3480 = VECTOR('',#3481,1.);
#3481 = DIRECTION('',(0.6,-0.8,0.));
#3482 = ORIENTED_EDGE('',*,*,#2426,.F.);
#3483 = FACE_BOUND('',#3484,.T.);
#3484 = EDGE_LOOP('',(#3485));
#3485 = ORIENTED_EDGE('',*,*,#3486,.F.);
#3486 = EDGE_CURVE('',#3487,#3487,#3489,.T.);
#3487 = VERTEX_POINT('',#3488);
#3488 = CARTESIAN_POINT('',(2.65,-6.75,3.5));
#3489 = CIRCLE('',#3490,0.65);
#3490 = AXIS2_PLACEMENT_3D('',#3491,#3492,#3493);
#3491 = CARTESIAN_POINT('',(2.,-6.75,3.5));
#3492 = DIRECTION('',(0.,0.,1.));
#3493 = DIRECTION('',(1.,0.,-0.));
#3494 = FACE_BOUND('',#3495,.T.);
#3495 = EDGE_LOOP('',(#3496));
#3496 = ORIENTED_EDGE('',*,*,#3497,.F.);
#3497 = EDGE_CURVE('',#3498,#3498,#3500,.T.);
#3498 = VERTEX_POINT('',#3499);
#3499 = CARTESIAN_POINT('',(11.15,-6.75,3.5));
#3500 = CIRCLE('',#3501,0.65);
#3501 = AXIS2_PLACEMENT_3D('',#3502,#3503,#3504);
#3502 = CARTESIAN_POINT('',(10.5,-6.75,3.5));
#3503 = DIRECTION('',(0.,0.,1.));
#3504 = DIRECTION('',(1.,0.,-0.));
#3505 = FACE_BOUND('',#3506,.T.);
#3506 = EDGE_LOOP('',(#3507));
#3507 = ORIENTED_EDGE('',*,*,#3508,.F.);
#3508 = EDGE_CURVE('',#3509,#3509,#3511,.T.);
#3509 = VERTEX_POINT('',#3510);
#3510 = CARTESIAN_POINT('',(2.65,1.75,3.5));
#3511 = CIRCLE('',#3512,0.65);
#3512 = AXIS2_PLACEMENT_3D('',#3513,#3514,#3515);
#3513 = CARTESIAN_POINT('',(2.,1.75,3.5));
#3514 = DIRECTION('',(0.,0.,1.));
#3515 = DIRECTION('',(1.,0.,-0.));
#3516 = FACE_BOUND('',#3517,.T.);
#3517 = EDGE_LOOP('',(#3518));
#3518 = ORIENTED_EDGE('',*,*,#3519,.F.);
#3519 = EDGE_CURVE('',#3520,#3520,#3522,.T.);
#3520 = VERTEX_POINT('',#3521);
#3521 = CARTESIAN_POINT('',(9.8,-2.5,3.5));
#3522 = CIRCLE('',#3523,3.55);
#3523 = AXIS2_PLACEMENT_3D('',#3524,#3525,#3526);
#3524 = CARTESIAN_POINT('',(6.25,-2.5,3.5));
#3525 = DIRECTION('',(0.,0.,1.));
#3526 = DIRECTION('',(1.,0.,-0.));
#3527 = FACE_BOUND('',#3528,.T.);
#3528 = EDGE_LOOP('',(#3529));
#3529 = ORIENTED_EDGE('',*,*,#3530,.F.);
#3530 = EDGE_CURVE('',#3531,#3531,#3533,.T.);
#3531 = VERTEX_POINT('',#3532);
#3532 = CARTESIAN_POINT('',(11.15,1.75,3.5));
#3533 = CIRCLE('',#3534,0.65);
#3534 = AXIS2_PLACEMENT_3D('',#3535,#3536,#3537);
#3535 = CARTESIAN_POINT('',(10.5,1.75,3.5));
#3536 = DIRECTION('',(0.,0.,1.));
#3537 = DIRECTION('',(1.,0.,-0.));
#3538 = PLANE('',#3539);
#3539 = AXIS2_PLACEMENT_3D('',#3540,#3541,#3542);
#3540 = CARTESIAN_POINT('',(6.25,-2.5,3.5));
#3541 = DIRECTION('',(0.,0.,1.));
#3542 = DIRECTION('',(1.,0.,-0.));
#3543 = ADVANCED_FACE('',(#3544),#3562,.F.);
#3544 = FACE_BOUND('',#3545,.F.);
#3545 = EDGE_LOOP('',(#3546,#3554,#3560,#3561));
#3546 = ORIENTED_EDGE('',*,*,#3547,.F.);
#3547 = EDGE_CURVE('',#3548,#3362,#3550,.T.);
#3548 = VERTEX_POINT('',#3549);
#3549 = CARTESIAN_POINT('',(3.6,3.,3.35));
#3550 = LINE('',#3551,#3552);
#3551 = CARTESIAN_POINT('',(0.75,3.,3.35));
#3552 = VECTOR('',#3553,1.);
#3553 = DIRECTION('',(1.,0.,0.));
#3554 = ORIENTED_EDGE('',*,*,#3555,.T.);
#3555 = EDGE_CURVE('',#3548,#2427,#3556,.T.);
#3556 = LINE('',#3557,#3558);
#3557 = CARTESIAN_POINT('',(3.6,3.,3.35));
#3558 = VECTOR('',#3559,1.);
#3559 = DIRECTION('',(0.,0.,1.));
#3560 = ORIENTED_EDGE('',*,*,#2434,.T.);
#3561 = ORIENTED_EDGE('',*,*,#3361,.T.);
#3562 = PLANE('',#3563);
#3563 = AXIS2_PLACEMENT_3D('',#3564,#3565,#3566);
#3564 = CARTESIAN_POINT('',(0.75,3.,3.35));
#3565 = DIRECTION('',(0.,1.,0.));
#3566 = DIRECTION('',(0.,-0.,1.));
#3567 = ADVANCED_FACE('',(#3568),#3593,.T.);
#3568 = FACE_BOUND('',#3569,.T.);
#3569 = EDGE_LOOP('',(#3570,#3571,#3579,#3587));
#3570 = ORIENTED_EDGE('',*,*,#2401,.F.);
#3571 = ORIENTED_EDGE('',*,*,#3572,.F.);
#3572 = EDGE_CURVE('',#3573,#2394,#3575,.T.);
#3573 = VERTEX_POINT('',#3574);
#3574 = CARTESIAN_POINT('',(0.75,-5.15,3.35));
#3575 = LINE('',#3576,#3577);
#3576 = CARTESIAN_POINT('',(0.75,-5.15,3.35));
#3577 = VECTOR('',#3578,1.);
#3578 = DIRECTION('',(0.,0.,1.));
#3579 = ORIENTED_EDGE('',*,*,#3580,.T.);
#3580 = EDGE_CURVE('',#3573,#3581,#3583,.T.);
#3581 = VERTEX_POINT('',#3582);
#3582 = CARTESIAN_POINT('',(0.75,0.15,3.35));
#3583 = LINE('',#3584,#3585);
#3584 = CARTESIAN_POINT('',(0.75,-8.,3.35));
#3585 = VECTOR('',#3586,1.);
#3586 = DIRECTION('',(0.,1.,0.));
#3587 = ORIENTED_EDGE('',*,*,#3588,.T.);
#3588 = EDGE_CURVE('',#3581,#2402,#3589,.T.);
#3589 = LINE('',#3590,#3591);
#3590 = CARTESIAN_POINT('',(0.75,0.15,3.35));
#3591 = VECTOR('',#3592,1.);
#3592 = DIRECTION('',(0.,0.,1.));
#3593 = PLANE('',#3594);
#3594 = AXIS2_PLACEMENT_3D('',#3595,#3596,#3597);
#3595 = CARTESIAN_POINT('',(0.75,-8.,3.35));
#3596 = DIRECTION('',(1.,0.,0.));
#3597 = DIRECTION('',(0.,0.,1.));
#3598 = ADVANCED_FACE('',(#3599),#3610,.T.);
#3599 = FACE_BOUND('',#3600,.T.);
#3600 = EDGE_LOOP('',(#3601,#3602,#3608,#3609));
#3601 = ORIENTED_EDGE('',*,*,#2547,.F.);
#3602 = ORIENTED_EDGE('',*,*,#3603,.T.);
#3603 = EDGE_CURVE('',#2540,#2369,#3604,.T.);
#3604 = LINE('',#3605,#3606);
#3605 = CARTESIAN_POINT('',(3.6,-8.,3.35));
#3606 = VECTOR('',#3607,1.);
#3607 = DIRECTION('',(0.,0.,1.));
#3608 = ORIENTED_EDGE('',*,*,#2368,.T.);
#3609 = ORIENTED_EDGE('',*,*,#2491,.T.);
#3610 = PLANE('',#3611);
#3611 = AXIS2_PLACEMENT_3D('',#3612,#3613,#3614);
#3612 = CARTESIAN_POINT('',(0.75,-8.,3.35));
#3613 = DIRECTION('',(0.,1.,0.));
#3614 = DIRECTION('',(0.,-0.,1.));
#3615 = ADVANCED_FACE('',(#3616),#3627,.T.);
#3616 = FACE_BOUND('',#3617,.F.);
#3617 = EDGE_LOOP('',(#3618,#3619,#3620,#3626));
#3618 = ORIENTED_EDGE('',*,*,#3603,.T.);
#3619 = ORIENTED_EDGE('',*,*,#3411,.T.);
#3620 = ORIENTED_EDGE('',*,*,#3621,.F.);
#3621 = EDGE_CURVE('',#2532,#3412,#3622,.T.);
#3622 = LINE('',#3623,#3624);
#3623 = CARTESIAN_POINT('',(3.75,-7.8,3.35));
#3624 = VECTOR('',#3625,1.);
#3625 = DIRECTION('',(0.,0.,1.));
#3626 = ORIENTED_EDGE('',*,*,#2539,.F.);
#3627 = PLANE('',#3628);
#3628 = AXIS2_PLACEMENT_3D('',#3629,#3630,#3631);
#3629 = CARTESIAN_POINT('',(3.6,-8.,3.35));
#3630 = DIRECTION('',(0.8,-0.6,0.));
#3631 = DIRECTION('',(-0.6,-0.8,0.));
#3632 = ADVANCED_FACE('',(#3633),#3644,.T.);
#3633 = FACE_BOUND('',#3634,.F.);
#3634 = EDGE_LOOP('',(#3635,#3636,#3637,#3643));
#3635 = ORIENTED_EDGE('',*,*,#3621,.T.);
#3636 = ORIENTED_EDGE('',*,*,#3419,.T.);
#3637 = ORIENTED_EDGE('',*,*,#3638,.F.);
#3638 = EDGE_CURVE('',#2524,#3420,#3639,.T.);
#3639 = LINE('',#3640,#3641);
#3640 = CARTESIAN_POINT('',(8.75,-7.8,3.35));
#3641 = VECTOR('',#3642,1.);
#3642 = DIRECTION('',(0.,0.,1.));
#3643 = ORIENTED_EDGE('',*,*,#2531,.F.);
#3644 = PLANE('',#3645);
#3645 = AXIS2_PLACEMENT_3D('',#3646,#3647,#3648);
#3646 = CARTESIAN_POINT('',(3.75,-7.8,3.35));
#3647 = DIRECTION('',(1.110223024625E-16,-1.,0.));
#3648 = DIRECTION('',(-1.,-1.110223024625E-16,0.));
#3649 = ADVANCED_FACE('',(#3650),#3661,.T.);
#3650 = FACE_BOUND('',#3651,.F.);
#3651 = EDGE_LOOP('',(#3652,#3653,#3654,#3660));
#3652 = ORIENTED_EDGE('',*,*,#3638,.T.);
#3653 = ORIENTED_EDGE('',*,*,#3427,.T.);
#3654 = ORIENTED_EDGE('',*,*,#3655,.F.);
#3655 = EDGE_CURVE('',#2516,#2680,#3656,.T.);
#3656 = LINE('',#3657,#3658);
#3657 = CARTESIAN_POINT('',(8.9,-8.,3.35));
#3658 = VECTOR('',#3659,1.);
#3659 = DIRECTION('',(0.,0.,1.));
#3660 = ORIENTED_EDGE('',*,*,#2523,.F.);
#3661 = PLANE('',#3662);
#3662 = AXIS2_PLACEMENT_3D('',#3663,#3664,#3665);
#3663 = CARTESIAN_POINT('',(8.75,-7.8,3.35));
#3664 = DIRECTION('',(-0.8,-0.6,-0.));
#3665 = DIRECTION('',(-0.6,0.8,0.));
#3666 = ADVANCED_FACE('',(#3667),#3673,.T.);
#3667 = FACE_BOUND('',#3668,.T.);
#3668 = EDGE_LOOP('',(#3669,#3670,#3671,#3672));
#3669 = ORIENTED_EDGE('',*,*,#2515,.F.);
#3670 = ORIENTED_EDGE('',*,*,#2571,.F.);
#3671 = ORIENTED_EDGE('',*,*,#2687,.T.);
#3672 = ORIENTED_EDGE('',*,*,#3655,.F.);
#3673 = PLANE('',#3674);
#3674 = AXIS2_PLACEMENT_3D('',#3675,#3676,#3677);
#3675 = CARTESIAN_POINT('',(0.75,-8.,3.35));
#3676 = DIRECTION('',(0.,1.,0.));
#3677 = DIRECTION('',(0.,-0.,1.));
#3678 = ADVANCED_FACE('',(#3679),#3704,.F.);
#3679 = FACE_BOUND('',#3680,.F.);
#3680 = EDGE_LOOP('',(#3681,#3682,#3690,#3698));
#3681 = ORIENTED_EDGE('',*,*,#2654,.F.);
#3682 = ORIENTED_EDGE('',*,*,#3683,.F.);
#3683 = EDGE_CURVE('',#3684,#2655,#3686,.T.);
#3684 = VERTEX_POINT('',#3685);
#3685 = CARTESIAN_POINT('',(11.75,-5.15,3.35));
#3686 = LINE('',#3687,#3688);
#3687 = CARTESIAN_POINT('',(11.75,-5.15,3.35));
#3688 = VECTOR('',#3689,1.);
#3689 = DIRECTION('',(0.,0.,1.));
#3690 = ORIENTED_EDGE('',*,*,#3691,.T.);
#3691 = EDGE_CURVE('',#3684,#3692,#3694,.T.);
#3692 = VERTEX_POINT('',#3693);
#3693 = CARTESIAN_POINT('',(11.75,0.15,3.35));
#3694 = LINE('',#3695,#3696);
#3695 = CARTESIAN_POINT('',(11.75,-8.,3.35));
#3696 = VECTOR('',#3697,1.);
#3697 = DIRECTION('',(0.,1.,0.));
#3698 = ORIENTED_EDGE('',*,*,#3699,.T.);
#3699 = EDGE_CURVE('',#3692,#2647,#3700,.T.);
#3700 = LINE('',#3701,#3702);
#3701 = CARTESIAN_POINT('',(11.75,0.15,3.35));
#3702 = VECTOR('',#3703,1.);
#3703 = DIRECTION('',(0.,0.,1.));
#3704 = PLANE('',#3705);
#3705 = AXIS2_PLACEMENT_3D('',#3706,#3707,#3708);
#3706 = CARTESIAN_POINT('',(11.75,-8.,3.35));
#3707 = DIRECTION('',(1.,0.,0.));
#3708 = DIRECTION('',(0.,0.,1.));
#3709 = ADVANCED_FACE('',(#3710),#3735,.F.);
#3710 = FACE_BOUND('',#3711,.F.);
#3711 = EDGE_LOOP('',(#3712,#3722,#3728,#3729));
#3712 = ORIENTED_EDGE('',*,*,#3713,.F.);
#3713 = EDGE_CURVE('',#3714,#3716,#3718,.T.);
#3714 = VERTEX_POINT('',#3715);
#3715 = CARTESIAN_POINT('',(7.05,3.,3.35));
#3716 = VERTEX_POINT('',#3717);
#3717 = CARTESIAN_POINT('',(8.9,3.,3.35));
#3718 = LINE('',#3719,#3720);
#3719 = CARTESIAN_POINT('',(0.75,3.,3.35));
#3720 = VECTOR('',#3721,1.);
#3721 = DIRECTION('',(1.,0.,0.));
#3722 = ORIENTED_EDGE('',*,*,#3723,.F.);
#3723 = EDGE_CURVE('',#2614,#3714,#3724,.T.);
#3724 = LINE('',#3725,#3726);
#3725 = CARTESIAN_POINT('',(7.05,3.,3.35));
#3726 = VECTOR('',#3727,1.);
#3727 = DIRECTION('',(0.,0.,-1.));
#3728 = ORIENTED_EDGE('',*,*,#2621,.T.);
#3729 = ORIENTED_EDGE('',*,*,#3730,.F.);
#3730 = EDGE_CURVE('',#3716,#2622,#3731,.T.);
#3731 = LINE('',#3732,#3733);
#3732 = CARTESIAN_POINT('',(8.9,3.,3.35));
#3733 = VECTOR('',#3734,1.);
#3734 = DIRECTION('',(0.,0.,1.));
#3735 = PLANE('',#3736);
#3736 = AXIS2_PLACEMENT_3D('',#3737,#3738,#3739);
#3737 = CARTESIAN_POINT('',(0.75,3.,3.35));
#3738 = DIRECTION('',(0.,1.,0.));
#3739 = DIRECTION('',(0.,-0.,1.));
#3740 = ADVANCED_FACE('',(#3741),#3752,.F.);
#3741 = FACE_BOUND('',#3742,.F.);
#3742 = EDGE_LOOP('',(#3743,#3744,#3745,#3751));
#3743 = ORIENTED_EDGE('',*,*,#2613,.F.);
#3744 = ORIENTED_EDGE('',*,*,#3723,.T.);
#3745 = ORIENTED_EDGE('',*,*,#3746,.T.);
#3746 = EDGE_CURVE('',#3714,#3172,#3747,.T.);
#3747 = LINE('',#3748,#3749);
#3748 = CARTESIAN_POINT('',(7.05,-8.5,3.35));
#3749 = VECTOR('',#3750,1.);
#3750 = DIRECTION('',(0.,1.,0.));
#3751 = ORIENTED_EDGE('',*,*,#3171,.T.);
#3752 = PLANE('',#3753);
#3753 = AXIS2_PLACEMENT_3D('',#3754,#3755,#3756);
#3754 = CARTESIAN_POINT('',(7.05,-8.5,3.35));
#3755 = DIRECTION('',(1.,0.,0.));
#3756 = DIRECTION('',(0.,0.,1.));
#3757 = ADVANCED_FACE('',(#3758),#3770,.T.);
#3758 = FACE_BOUND('',#3759,.T.);
#3759 = EDGE_LOOP('',(#3760,#3761,#3768,#3769));
#3760 = ORIENTED_EDGE('',*,*,#2743,.F.);
#3761 = ORIENTED_EDGE('',*,*,#3762,.T.);
#3762 = EDGE_CURVE('',#2744,#3157,#3763,.T.);
#3763 = CIRCLE('',#3764,1.);
#3764 = AXIS2_PLACEMENT_3D('',#3765,#3766,#3767);
#3765 = CARTESIAN_POINT('',(11.25,2.5,0.));
#3766 = DIRECTION('',(-0.,0.,1.));
#3767 = DIRECTION('',(0.,-1.,0.));
#3768 = ORIENTED_EDGE('',*,*,#3164,.F.);
#3769 = ORIENTED_EDGE('',*,*,#2596,.F.);
#3770 = CYLINDRICAL_SURFACE('',#3771,1.);
#3771 = AXIS2_PLACEMENT_3D('',#3772,#3773,#3774);
#3772 = CARTESIAN_POINT('',(11.25,2.5,0.));
#3773 = DIRECTION('',(0.,0.,1.));
#3774 = DIRECTION('',(1.,0.,-0.));
#3775 = ADVANCED_FACE('',(#3776),#3854,.F.);
#3776 = FACE_BOUND('',#3777,.F.);
#3777 = EDGE_LOOP('',(#3778,#3788,#3796,#3804,#3812,#3819,#3820,#3821,
    #3822,#3831,#3839,#3847));
#3778 = ORIENTED_EDGE('',*,*,#3779,.T.);
#3779 = EDGE_CURVE('',#3780,#3782,#3784,.T.);
#3780 = VERTEX_POINT('',#3781);
#3781 = CARTESIAN_POINT('',(13.196712149806,-0.5,-2.227019566797));
#3782 = VERTEX_POINT('',#3783);
#3783 = CARTESIAN_POINT('',(13.025180684591,-0.5,-2.635890488114));
#3784 = LINE('',#3785,#3786);
#3785 = CARTESIAN_POINT('',(13.196712149806,-0.5,-2.227019566797));
#3786 = VECTOR('',#3787,1.);
#3787 = DIRECTION('',(-0.386859909837,0.,-0.922138498362));
#3788 = ORIENTED_EDGE('',*,*,#3789,.T.);
#3789 = EDGE_CURVE('',#3782,#3790,#3792,.T.);
#3790 = VERTEX_POINT('',#3791);
#3791 = CARTESIAN_POINT('',(12.748539135082,-0.5,-2.519832515163));
#3792 = LINE('',#3793,#3794);
#3793 = CARTESIAN_POINT('',(13.025180684591,-0.5,-2.635890488114));
#3794 = VECTOR('',#3795,1.);
#3795 = DIRECTION('',(-0.922138498362,0.,0.386859909837));
#3796 = ORIENTED_EDGE('',*,*,#3797,.T.);
#3797 = EDGE_CURVE('',#3790,#3798,#3800,.T.);
#3798 = VERTEX_POINT('',#3799);
#3799 = CARTESIAN_POINT('',(12.920070600298,-0.5,-2.110961593846));
#3800 = LINE('',#3801,#3802);
#3801 = CARTESIAN_POINT('',(12.361679225246,-0.5,-3.441971013524));
#3802 = VECTOR('',#3803,1.);
#3803 = DIRECTION('',(0.386859909837,0.,0.922138498362));
#3804 = ORIENTED_EDGE('',*,*,#3805,.T.);
#3805 = EDGE_CURVE('',#3798,#3806,#3808,.T.);
#3806 = VERTEX_POINT('',#3807);
#3807 = CARTESIAN_POINT('',(12.2816718427,-0.5,-0.83416407865));
#3808 = LINE('',#3809,#3810);
#3809 = CARTESIAN_POINT('',(12.920070600298,-0.5,-2.110961593846));
#3810 = VECTOR('',#3811,1.);
#3811 = DIRECTION('',(-0.4472135955,0.,0.894427191));
#3812 = ORIENTED_EDGE('',*,*,#3813,.T.);
#3813 = EDGE_CURVE('',#3806,#3276,#3814,.T.);
#3814 = CIRCLE('',#3815,0.3);
#3815 = AXIS2_PLACEMENT_3D('',#3816,#3817,#3818);
#3816 = CARTESIAN_POINT('',(12.55,-0.5,-0.7));
#3817 = DIRECTION('',(0.,1.,0.));
#3818 = DIRECTION('',(-0.894427191,0.,-0.4472135955));
#3819 = ORIENTED_EDGE('',*,*,#3285,.T.);
#3820 = ORIENTED_EDGE('',*,*,#2791,.T.);
#3821 = ORIENTED_EDGE('',*,*,#2783,.F.);
#3822 = ORIENTED_EDGE('',*,*,#3823,.T.);
#3823 = EDGE_CURVE('',#2776,#3824,#3826,.T.);
#3824 = VERTEX_POINT('',#3825);
#3825 = CARTESIAN_POINT('',(12.55,-0.5,0.7));
#3826 = CIRCLE('',#3827,0.3);
#3827 = AXIS2_PLACEMENT_3D('',#3828,#3829,#3830);
#3828 = CARTESIAN_POINT('',(12.25,-0.5,0.7));
#3829 = DIRECTION('',(0.,1.,0.));
#3830 = DIRECTION('',(0.,-0.,1.));
#3831 = ORIENTED_EDGE('',*,*,#3832,.T.);
#3832 = EDGE_CURVE('',#3824,#3833,#3835,.T.);
#3833 = VERTEX_POINT('',#3834);
#3834 = CARTESIAN_POINT('',(12.55,-0.5,-0.7));
#3835 = LINE('',#3836,#3837);
#3836 = CARTESIAN_POINT('',(12.55,-0.5,0.7));
#3837 = VECTOR('',#3838,1.);
#3838 = DIRECTION('',(9.91270557701E-18,0.,-1.));
#3839 = ORIENTED_EDGE('',*,*,#3840,.T.);
#3840 = EDGE_CURVE('',#3833,#3841,#3843,.T.);
#3841 = VERTEX_POINT('',#3842);
#3842 = CARTESIAN_POINT('',(13.188398757598,-0.5,-1.976797515196));
#3843 = LINE('',#3844,#3845);
#3844 = CARTESIAN_POINT('',(12.55,-0.5,-0.7));
#3845 = VECTOR('',#3846,1.);
#3846 = DIRECTION('',(0.4472135955,0.,-0.894427191));
#3847 = ORIENTED_EDGE('',*,*,#3848,.T.);
#3848 = EDGE_CURVE('',#3841,#3780,#3849,.T.);
#3849 = CIRCLE('',#3850,0.3);
#3850 = AXIS2_PLACEMENT_3D('',#3851,#3852,#3853);
#3851 = CARTESIAN_POINT('',(12.920070600298,-0.5,-2.110961593846));
#3852 = DIRECTION('',(-0.,1.,0.));
#3853 = DIRECTION('',(0.894427191,0.,0.4472135955));
#3854 = PLANE('',#3855);
#3855 = AXIS2_PLACEMENT_3D('',#3856,#3857,#3858);
#3856 = CARTESIAN_POINT('',(12.593221718572,-0.5,-1.218562781109));
#3857 = DIRECTION('',(0.,1.,0.));
#3858 = DIRECTION('',(0.,-0.,1.));
#3859 = ADVANCED_FACE('',(#3860),#3879,.T.);
#3860 = FACE_BOUND('',#3861,.T.);
#3861 = EDGE_LOOP('',(#3862,#3863,#3864,#3872));
#3862 = ORIENTED_EDGE('',*,*,#2775,.F.);
#3863 = ORIENTED_EDGE('',*,*,#3823,.T.);
#3864 = ORIENTED_EDGE('',*,*,#3865,.T.);
#3865 = EDGE_CURVE('',#3824,#3866,#3868,.T.);
#3866 = VERTEX_POINT('',#3867);
#3867 = CARTESIAN_POINT('',(12.55,0.5,0.7));
#3868 = LINE('',#3869,#3870);
#3869 = CARTESIAN_POINT('',(12.55,-0.5,0.7));
#3870 = VECTOR('',#3871,1.);
#3871 = DIRECTION('',(0.,1.,0.));
#3872 = ORIENTED_EDGE('',*,*,#3873,.F.);
#3873 = EDGE_CURVE('',#2768,#3866,#3874,.T.);
#3874 = CIRCLE('',#3875,0.3);
#3875 = AXIS2_PLACEMENT_3D('',#3876,#3877,#3878);
#3876 = CARTESIAN_POINT('',(12.25,0.5,0.7));
#3877 = DIRECTION('',(0.,1.,0.));
#3878 = DIRECTION('',(0.,-0.,1.));
#3879 = CYLINDRICAL_SURFACE('',#3880,0.3);
#3880 = AXIS2_PLACEMENT_3D('',#3881,#3882,#3883);
#3881 = CARTESIAN_POINT('',(12.25,0.,0.7));
#3882 = DIRECTION('',(0.,1.,0.));
#3883 = DIRECTION('',(0.,-0.,1.));
#3884 = ADVANCED_FACE('',(#3885),#3955,.T.);
#3885 = FACE_BOUND('',#3886,.T.);
#3886 = EDGE_LOOP('',(#3887,#3897,#3905,#3913,#3921,#3928,#3929,#3930,
    #3931,#3932,#3940,#3948));
#3887 = ORIENTED_EDGE('',*,*,#3888,.T.);
#3888 = EDGE_CURVE('',#3889,#3891,#3893,.T.);
#3889 = VERTEX_POINT('',#3890);
#3890 = CARTESIAN_POINT('',(13.196712149806,0.5,-2.227019566797));
#3891 = VERTEX_POINT('',#3892);
#3892 = CARTESIAN_POINT('',(13.025180684591,0.5,-2.635890488114));
#3893 = LINE('',#3894,#3895);
#3894 = CARTESIAN_POINT('',(13.196712149806,0.5,-2.227019566797));
#3895 = VECTOR('',#3896,1.);
#3896 = DIRECTION('',(-0.386859909837,0.,-0.922138498362));
#3897 = ORIENTED_EDGE('',*,*,#3898,.T.);
#3898 = EDGE_CURVE('',#3891,#3899,#3901,.T.);
#3899 = VERTEX_POINT('',#3900);
#3900 = CARTESIAN_POINT('',(12.748539135082,0.5,-2.519832515163));
#3901 = LINE('',#3902,#3903);
#3902 = CARTESIAN_POINT('',(13.025180684591,0.5,-2.635890488114));
#3903 = VECTOR('',#3904,1.);
#3904 = DIRECTION('',(-0.922138498362,0.,0.386859909837));
#3905 = ORIENTED_EDGE('',*,*,#3906,.T.);
#3906 = EDGE_CURVE('',#3899,#3907,#3909,.T.);
#3907 = VERTEX_POINT('',#3908);
#3908 = CARTESIAN_POINT('',(12.920070600298,0.5,-2.110961593846));
#3909 = LINE('',#3910,#3911);
#3910 = CARTESIAN_POINT('',(12.361679225246,0.5,-3.441971013524));
#3911 = VECTOR('',#3912,1.);
#3912 = DIRECTION('',(0.386859909837,0.,0.922138498362));
#3913 = ORIENTED_EDGE('',*,*,#3914,.T.);
#3914 = EDGE_CURVE('',#3907,#3915,#3917,.T.);
#3915 = VERTEX_POINT('',#3916);
#3916 = CARTESIAN_POINT('',(12.2816718427,0.5,-0.83416407865));
#3917 = LINE('',#3918,#3919);
#3918 = CARTESIAN_POINT('',(12.920070600298,0.5,-2.110961593846));
#3919 = VECTOR('',#3920,1.);
#3920 = DIRECTION('',(-0.4472135955,0.,0.894427191));
#3921 = ORIENTED_EDGE('',*,*,#3922,.T.);
#3922 = EDGE_CURVE('',#3915,#3278,#3923,.T.);
#3923 = CIRCLE('',#3924,0.3);
#3924 = AXIS2_PLACEMENT_3D('',#3925,#3926,#3927);
#3925 = CARTESIAN_POINT('',(12.55,0.5,-0.7));
#3926 = DIRECTION('',(0.,1.,0.));
#3927 = DIRECTION('',(-0.894427191,0.,-0.4472135955));
#3928 = ORIENTED_EDGE('',*,*,#3299,.T.);
#3929 = ORIENTED_EDGE('',*,*,#2759,.T.);
#3930 = ORIENTED_EDGE('',*,*,#2767,.F.);
#3931 = ORIENTED_EDGE('',*,*,#3873,.T.);
#3932 = ORIENTED_EDGE('',*,*,#3933,.T.);
#3933 = EDGE_CURVE('',#3866,#3934,#3936,.T.);
#3934 = VERTEX_POINT('',#3935);
#3935 = CARTESIAN_POINT('',(12.55,0.5,-0.7));
#3936 = LINE('',#3937,#3938);
#3937 = CARTESIAN_POINT('',(12.55,0.5,0.7));
#3938 = VECTOR('',#3939,1.);
#3939 = DIRECTION('',(9.91270557701E-18,0.,-1.));
#3940 = ORIENTED_EDGE('',*,*,#3941,.T.);
#3941 = EDGE_CURVE('',#3934,#3942,#3944,.T.);
#3942 = VERTEX_POINT('',#3943);
#3943 = CARTESIAN_POINT('',(13.188398757598,0.5,-1.976797515196));
#3944 = LINE('',#3945,#3946);
#3945 = CARTESIAN_POINT('',(12.55,0.5,-0.7));
#3946 = VECTOR('',#3947,1.);
#3947 = DIRECTION('',(0.4472135955,0.,-0.894427191));
#3948 = ORIENTED_EDGE('',*,*,#3949,.T.);
#3949 = EDGE_CURVE('',#3942,#3889,#3950,.T.);
#3950 = CIRCLE('',#3951,0.3);
#3951 = AXIS2_PLACEMENT_3D('',#3952,#3953,#3954);
#3952 = CARTESIAN_POINT('',(12.920070600298,0.5,-2.110961593846));
#3953 = DIRECTION('',(-0.,1.,0.));
#3954 = DIRECTION('',(0.894427191,0.,0.4472135955));
#3955 = PLANE('',#3956);
#3956 = AXIS2_PLACEMENT_3D('',#3957,#3958,#3959);
#3957 = CARTESIAN_POINT('',(12.593221718572,0.5,-1.218562781109));
#3958 = DIRECTION('',(0.,1.,0.));
#3959 = DIRECTION('',(0.,-0.,1.));
#3960 = ADVANCED_FACE('',(#3961),#3970,.F.);
#3961 = FACE_BOUND('',#3962,.F.);
#3962 = EDGE_LOOP('',(#3963,#3964,#3965,#3966,#3967,#3968,#3969));
#3963 = ORIENTED_EDGE('',*,*,#3211,.F.);
#3964 = ORIENTED_EDGE('',*,*,#3226,.T.);
#3965 = ORIENTED_EDGE('',*,*,#3251,.T.);
#3966 = ORIENTED_EDGE('',*,*,#3293,.T.);
#3967 = ORIENTED_EDGE('',*,*,#2751,.T.);
#3968 = ORIENTED_EDGE('',*,*,#3762,.T.);
#3969 = ORIENTED_EDGE('',*,*,#3156,.F.);
#3970 = PLANE('',#3971);
#3971 = AXIS2_PLACEMENT_3D('',#3972,#3973,#3974);
#3972 = CARTESIAN_POINT('',(8.75,0.,0.));
#3973 = DIRECTION('',(0.,0.,1.));
#3974 = DIRECTION('',(1.,0.,-0.));
#3975 = ADVANCED_FACE('',(#3976),#4054,.F.);
#3976 = FACE_BOUND('',#3977,.F.);
#3977 = EDGE_LOOP('',(#3978,#3988,#3996,#4004,#4012,#4019,#4020,#4021,
    #4022,#4031,#4039,#4047));
#3978 = ORIENTED_EDGE('',*,*,#3979,.T.);
#3979 = EDGE_CURVE('',#3980,#3982,#3984,.T.);
#3980 = VERTEX_POINT('',#3981);
#3981 = CARTESIAN_POINT('',(13.196712149806,-5.5,-2.227019566797));
#3982 = VERTEX_POINT('',#3983);
#3983 = CARTESIAN_POINT('',(13.025180684591,-5.5,-2.635890488114));
#3984 = LINE('',#3985,#3986);
#3985 = CARTESIAN_POINT('',(13.196712149806,-5.5,-2.227019566797));
#3986 = VECTOR('',#3987,1.);
#3987 = DIRECTION('',(-0.386859909837,0.,-0.922138498362));
#3988 = ORIENTED_EDGE('',*,*,#3989,.T.);
#3989 = EDGE_CURVE('',#3982,#3990,#3992,.T.);
#3990 = VERTEX_POINT('',#3991);
#3991 = CARTESIAN_POINT('',(12.748539135082,-5.5,-2.519832515163));
#3992 = LINE('',#3993,#3994);
#3993 = CARTESIAN_POINT('',(13.025180684591,-5.5,-2.635890488114));
#3994 = VECTOR('',#3995,1.);
#3995 = DIRECTION('',(-0.922138498362,0.,0.386859909837));
#3996 = ORIENTED_EDGE('',*,*,#3997,.T.);
#3997 = EDGE_CURVE('',#3990,#3998,#4000,.T.);
#3998 = VERTEX_POINT('',#3999);
#3999 = CARTESIAN_POINT('',(12.920070600298,-5.5,-2.110961593846));
#4000 = LINE('',#4001,#4002);
#4001 = CARTESIAN_POINT('',(12.361679225246,-5.5,-3.441971013524));
#4002 = VECTOR('',#4003,1.);
#4003 = DIRECTION('',(0.386859909837,0.,0.922138498362));
#4004 = ORIENTED_EDGE('',*,*,#4005,.T.);
#4005 = EDGE_CURVE('',#3998,#4006,#4008,.T.);
#4006 = VERTEX_POINT('',#4007);
#4007 = CARTESIAN_POINT('',(12.2816718427,-5.5,-0.83416407865));
#4008 = LINE('',#4009,#4010);
#4009 = CARTESIAN_POINT('',(12.920070600298,-5.5,-2.110961593846));
#4010 = VECTOR('',#4011,1.);
#4011 = DIRECTION('',(-0.4472135955,0.,0.894427191));
#4012 = ORIENTED_EDGE('',*,*,#4013,.T.);
#4013 = EDGE_CURVE('',#4006,#2840,#4014,.T.);
#4014 = CIRCLE('',#4015,0.3);
#4015 = AXIS2_PLACEMENT_3D('',#4016,#4017,#4018);
#4016 = CARTESIAN_POINT('',(12.55,-5.5,-0.7));
#4017 = DIRECTION('',(0.,1.,0.));
#4018 = DIRECTION('',(-0.894427191,0.,-0.4472135955));
#4019 = ORIENTED_EDGE('',*,*,#2849,.T.);
#4020 = ORIENTED_EDGE('',*,*,#2734,.T.);
#4021 = ORIENTED_EDGE('',*,*,#2726,.F.);
#4022 = ORIENTED_EDGE('',*,*,#4023,.T.);
#4023 = EDGE_CURVE('',#2719,#4024,#4026,.T.);
#4024 = VERTEX_POINT('',#4025);
#4025 = CARTESIAN_POINT('',(12.55,-5.5,0.7));
#4026 = CIRCLE('',#4027,0.3);
#4027 = AXIS2_PLACEMENT_3D('',#4028,#4029,#4030);
#4028 = CARTESIAN_POINT('',(12.25,-5.5,0.7));
#4029 = DIRECTION('',(0.,1.,0.));
#4030 = DIRECTION('',(0.,-0.,1.));
#4031 = ORIENTED_EDGE('',*,*,#4032,.T.);
#4032 = EDGE_CURVE('',#4024,#4033,#4035,.T.);
#4033 = VERTEX_POINT('',#4034);
#4034 = CARTESIAN_POINT('',(12.55,-5.5,-0.7));
#4035 = LINE('',#4036,#4037);
#4036 = CARTESIAN_POINT('',(12.55,-5.5,0.7));
#4037 = VECTOR('',#4038,1.);
#4038 = DIRECTION('',(9.91270557701E-18,0.,-1.));
#4039 = ORIENTED_EDGE('',*,*,#4040,.T.);
#4040 = EDGE_CURVE('',#4033,#4041,#4043,.T.);
#4041 = VERTEX_POINT('',#4042);
#4042 = CARTESIAN_POINT('',(13.188398757598,-5.5,-1.976797515196));
#4043 = LINE('',#4044,#4045);
#4044 = CARTESIAN_POINT('',(12.55,-5.5,-0.7));
#4045 = VECTOR('',#4046,1.);
#4046 = DIRECTION('',(0.4472135955,0.,-0.894427191));
#4047 = ORIENTED_EDGE('',*,*,#4048,.T.);
#4048 = EDGE_CURVE('',#4041,#3980,#4049,.T.);
#4049 = CIRCLE('',#4050,0.3);
#4050 = AXIS2_PLACEMENT_3D('',#4051,#4052,#4053);
#4051 = CARTESIAN_POINT('',(12.920070600298,-5.5,-2.110961593846));
#4052 = DIRECTION('',(-0.,1.,0.));
#4053 = DIRECTION('',(0.894427191,0.,0.4472135955));
#4054 = PLANE('',#4055);
#4055 = AXIS2_PLACEMENT_3D('',#4056,#4057,#4058);
#4056 = CARTESIAN_POINT('',(12.593221718572,-5.5,-1.218562781109));
#4057 = DIRECTION('',(0.,1.,0.));
#4058 = DIRECTION('',(0.,-0.,1.));
#4059 = ADVANCED_FACE('',(#4060),#4079,.T.);
#4060 = FACE_BOUND('',#4061,.T.);
#4061 = EDGE_LOOP('',(#4062,#4063,#4064,#4072));
#4062 = ORIENTED_EDGE('',*,*,#2718,.F.);
#4063 = ORIENTED_EDGE('',*,*,#4023,.T.);
#4064 = ORIENTED_EDGE('',*,*,#4065,.T.);
#4065 = EDGE_CURVE('',#4024,#4066,#4068,.T.);
#4066 = VERTEX_POINT('',#4067);
#4067 = CARTESIAN_POINT('',(12.55,-4.5,0.7));
#4068 = LINE('',#4069,#4070);
#4069 = CARTESIAN_POINT('',(12.55,-5.5,0.7));
#4070 = VECTOR('',#4071,1.);
#4071 = DIRECTION('',(0.,1.,0.));
#4072 = ORIENTED_EDGE('',*,*,#4073,.F.);
#4073 = EDGE_CURVE('',#2711,#4066,#4074,.T.);
#4074 = CIRCLE('',#4075,0.3);
#4075 = AXIS2_PLACEMENT_3D('',#4076,#4077,#4078);
#4076 = CARTESIAN_POINT('',(12.25,-4.5,0.7));
#4077 = DIRECTION('',(0.,1.,0.));
#4078 = DIRECTION('',(0.,-0.,1.));
#4079 = CYLINDRICAL_SURFACE('',#4080,0.3);
#4080 = AXIS2_PLACEMENT_3D('',#4081,#4082,#4083);
#4081 = CARTESIAN_POINT('',(12.25,-5.,0.7));
#4082 = DIRECTION('',(0.,1.,0.));
#4083 = DIRECTION('',(0.,-0.,1.));
#4084 = ADVANCED_FACE('',(#4085),#4155,.T.);
#4085 = FACE_BOUND('',#4086,.T.);
#4086 = EDGE_LOOP('',(#4087,#4097,#4105,#4113,#4121,#4128,#4129,#4130,
    #4131,#4132,#4140,#4148));
#4087 = ORIENTED_EDGE('',*,*,#4088,.T.);
#4088 = EDGE_CURVE('',#4089,#4091,#4093,.T.);
#4089 = VERTEX_POINT('',#4090);
#4090 = CARTESIAN_POINT('',(13.196712149806,-4.5,-2.227019566797));
#4091 = VERTEX_POINT('',#4092);
#4092 = CARTESIAN_POINT('',(13.025180684591,-4.5,-2.635890488114));
#4093 = LINE('',#4094,#4095);
#4094 = CARTESIAN_POINT('',(13.196712149806,-4.5,-2.227019566797));
#4095 = VECTOR('',#4096,1.);
#4096 = DIRECTION('',(-0.386859909837,0.,-0.922138498362));
#4097 = ORIENTED_EDGE('',*,*,#4098,.T.);
#4098 = EDGE_CURVE('',#4091,#4099,#4101,.T.);
#4099 = VERTEX_POINT('',#4100);
#4100 = CARTESIAN_POINT('',(12.748539135082,-4.5,-2.519832515163));
#4101 = LINE('',#4102,#4103);
#4102 = CARTESIAN_POINT('',(13.025180684591,-4.5,-2.635890488114));
#4103 = VECTOR('',#4104,1.);
#4104 = DIRECTION('',(-0.922138498362,0.,0.386859909837));
#4105 = ORIENTED_EDGE('',*,*,#4106,.T.);
#4106 = EDGE_CURVE('',#4099,#4107,#4109,.T.);
#4107 = VERTEX_POINT('',#4108);
#4108 = CARTESIAN_POINT('',(12.920070600298,-4.5,-2.110961593846));
#4109 = LINE('',#4110,#4111);
#4110 = CARTESIAN_POINT('',(12.361679225246,-4.5,-3.441971013524));
#4111 = VECTOR('',#4112,1.);
#4112 = DIRECTION('',(0.386859909837,0.,0.922138498362));
#4113 = ORIENTED_EDGE('',*,*,#4114,.T.);
#4114 = EDGE_CURVE('',#4107,#4115,#4117,.T.);
#4115 = VERTEX_POINT('',#4116);
#4116 = CARTESIAN_POINT('',(12.2816718427,-4.5,-0.83416407865));
#4117 = LINE('',#4118,#4119);
#4118 = CARTESIAN_POINT('',(12.920070600298,-4.5,-2.110961593846));
#4119 = VECTOR('',#4120,1.);
#4120 = DIRECTION('',(-0.4472135955,0.,0.894427191));
#4121 = ORIENTED_EDGE('',*,*,#4122,.T.);
#4122 = EDGE_CURVE('',#4115,#2842,#4123,.T.);
#4123 = CIRCLE('',#4124,0.3);
#4124 = AXIS2_PLACEMENT_3D('',#4125,#4126,#4127);
#4125 = CARTESIAN_POINT('',(12.55,-4.5,-0.7));
#4126 = DIRECTION('',(0.,1.,0.));
#4127 = DIRECTION('',(-0.894427191,0.,-0.4472135955));
#4128 = ORIENTED_EDGE('',*,*,#2858,.T.);
#4129 = ORIENTED_EDGE('',*,*,#2702,.T.);
#4130 = ORIENTED_EDGE('',*,*,#2710,.F.);
#4131 = ORIENTED_EDGE('',*,*,#4073,.T.);
#4132 = ORIENTED_EDGE('',*,*,#4133,.T.);
#4133 = EDGE_CURVE('',#4066,#4134,#4136,.T.);
#4134 = VERTEX_POINT('',#4135);
#4135 = CARTESIAN_POINT('',(12.55,-4.5,-0.7));
#4136 = LINE('',#4137,#4138);
#4137 = CARTESIAN_POINT('',(12.55,-4.5,0.7));
#4138 = VECTOR('',#4139,1.);
#4139 = DIRECTION('',(9.91270557701E-18,0.,-1.));
#4140 = ORIENTED_EDGE('',*,*,#4141,.T.);
#4141 = EDGE_CURVE('',#4134,#4142,#4144,.T.);
#4142 = VERTEX_POINT('',#4143);
#4143 = CARTESIAN_POINT('',(13.188398757598,-4.5,-1.976797515196));
#4144 = LINE('',#4145,#4146);
#4145 = CARTESIAN_POINT('',(12.55,-4.5,-0.7));
#4146 = VECTOR('',#4147,1.);
#4147 = DIRECTION('',(0.4472135955,0.,-0.894427191));
#4148 = ORIENTED_EDGE('',*,*,#4149,.T.);
#4149 = EDGE_CURVE('',#4142,#4089,#4150,.T.);
#4150 = CIRCLE('',#4151,0.3);
#4151 = AXIS2_PLACEMENT_3D('',#4152,#4153,#4154);
#4152 = CARTESIAN_POINT('',(12.920070600298,-4.5,-2.110961593846));
#4153 = DIRECTION('',(-0.,1.,0.));
#4154 = DIRECTION('',(0.894427191,0.,0.4472135955));
#4155 = PLANE('',#4156);
#4156 = AXIS2_PLACEMENT_3D('',#4157,#4158,#4159);
#4157 = CARTESIAN_POINT('',(12.593221718572,-4.5,-1.218562781109));
#4158 = DIRECTION('',(0.,1.,0.));
#4159 = DIRECTION('',(0.,-0.,1.));
#4160 = ADVANCED_FACE('',(#4161),#4172,.T.);
#4161 = FACE_BOUND('',#4162,.T.);
#4162 = EDGE_LOOP('',(#4163,#4169,#4170,#4171));
#4163 = ORIENTED_EDGE('',*,*,#4164,.F.);
#4164 = EDGE_CURVE('',#4006,#4115,#4165,.T.);
#4165 = LINE('',#4166,#4167);
#4166 = CARTESIAN_POINT('',(12.2816718427,-5.5,-0.83416407865));
#4167 = VECTOR('',#4168,1.);
#4168 = DIRECTION('',(0.,1.,0.));
#4169 = ORIENTED_EDGE('',*,*,#4013,.T.);
#4170 = ORIENTED_EDGE('',*,*,#2839,.T.);
#4171 = ORIENTED_EDGE('',*,*,#4122,.F.);
#4172 = CYLINDRICAL_SURFACE('',#4173,0.3);
#4173 = AXIS2_PLACEMENT_3D('',#4174,#4175,#4176);
#4174 = CARTESIAN_POINT('',(12.55,-5.,-0.7));
#4175 = DIRECTION('',(0.,1.,0.));
#4176 = DIRECTION('',(-0.894427191,0.,-0.4472135955));
#4177 = ADVANCED_FACE('',(#4178),#4205,.T.);
#4178 = FACE_BOUND('',#4179,.T.);
#4179 = EDGE_LOOP('',(#4180,#4190,#4197,#4198));
#4180 = ORIENTED_EDGE('',*,*,#4181,.F.);
#4181 = EDGE_CURVE('',#4182,#4184,#4186,.T.);
#4182 = VERTEX_POINT('',#4183);
#4183 = CARTESIAN_POINT('',(0.2183281573,-4.5,-0.83416407865));
#4184 = VERTEX_POINT('',#4185);
#4185 = CARTESIAN_POINT('',(0.2183281573,-5.5,-0.83416407865));
#4186 = LINE('',#4187,#4188);
#4187 = CARTESIAN_POINT('',(0.2183281573,-4.5,-0.83416407865));
#4188 = VECTOR('',#4189,1.);
#4189 = DIRECTION('',(-1.224646799147E-16,-1.,0.));
#4190 = ORIENTED_EDGE('',*,*,#4191,.T.);
#4191 = EDGE_CURVE('',#4182,#2873,#4192,.T.);
#4192 = CIRCLE('',#4193,0.3);
#4193 = AXIS2_PLACEMENT_3D('',#4194,#4195,#4196);
#4194 = CARTESIAN_POINT('',(-5.E-02,-4.5,-0.7));
#4195 = DIRECTION('',(-1.224646799147E-16,-1.,0.));
#4196 = DIRECTION('',(0.894427191,-1.095357396528E-16,-0.4472135955));
#4197 = ORIENTED_EDGE('',*,*,#2872,.T.);
#4198 = ORIENTED_EDGE('',*,*,#4199,.F.);
#4199 = EDGE_CURVE('',#4184,#2875,#4200,.T.);
#4200 = CIRCLE('',#4201,0.3);
#4201 = AXIS2_PLACEMENT_3D('',#4202,#4203,#4204);
#4202 = CARTESIAN_POINT('',(-5.E-02,-5.5,-0.7));
#4203 = DIRECTION('',(-1.224646799147E-16,-1.,0.));
#4204 = DIRECTION('',(0.894427191,-1.095357396528E-16,-0.4472135955));
#4205 = CYLINDRICAL_SURFACE('',#4206,0.3);
#4206 = AXIS2_PLACEMENT_3D('',#4207,#4208,#4209);
#4207 = CARTESIAN_POINT('',(-5.E-02,-5.,-0.7));
#4208 = DIRECTION('',(-1.224646799147E-16,-1.,0.));
#4209 = DIRECTION('',(0.894427191,-1.095357396528E-16,-0.4472135955));
#4210 = ADVANCED_FACE('',(#4211),#4281,.T.);
#4211 = FACE_BOUND('',#4212,.T.);
#4212 = EDGE_LOOP('',(#4213,#4223,#4231,#4239,#4245,#4246,#4247,#4248,
    #4249,#4258,#4266,#4274));
#4213 = ORIENTED_EDGE('',*,*,#4214,.T.);
#4214 = EDGE_CURVE('',#4215,#4217,#4219,.T.);
#4215 = VERTEX_POINT('',#4216);
#4216 = CARTESIAN_POINT('',(-0.696712149806,-5.5,-2.227019566797));
#4217 = VERTEX_POINT('',#4218);
#4218 = CARTESIAN_POINT('',(-0.525180684591,-5.5,-2.635890488114));
#4219 = LINE('',#4220,#4221);
#4220 = CARTESIAN_POINT('',(-0.696712149806,-5.5,-2.227019566797));
#4221 = VECTOR('',#4222,1.);
#4222 = DIRECTION('',(0.386859909837,-4.737667502999E-17,-0.922138498362
    ));
#4223 = ORIENTED_EDGE('',*,*,#4224,.T.);
#4224 = EDGE_CURVE('',#4217,#4225,#4227,.T.);
#4225 = VERTEX_POINT('',#4226);
#4226 = CARTESIAN_POINT('',(-0.248539135082,-5.5,-2.519832515163));
#4227 = LINE('',#4228,#4229);
#4228 = CARTESIAN_POINT('',(-0.525180684591,-5.5,-2.635890488114));
#4229 = VECTOR('',#4230,1.);
#4230 = DIRECTION('',(0.922138498362,-1.129293960389E-16,0.386859909837)
  );
#4231 = ORIENTED_EDGE('',*,*,#4232,.T.);
#4232 = EDGE_CURVE('',#4225,#4233,#4235,.T.);
#4233 = VERTEX_POINT('',#4234);
#4234 = CARTESIAN_POINT('',(-0.420070600298,-5.5,-2.110961593846));
#4235 = LINE('',#4236,#4237);
#4236 = CARTESIAN_POINT('',(0.138320774754,-5.5,-3.441971013524));
#4237 = VECTOR('',#4238,1.);
#4238 = DIRECTION('',(-0.386859909837,4.737667502999E-17,0.922138498362)
  );
#4239 = ORIENTED_EDGE('',*,*,#4240,.T.);
#4240 = EDGE_CURVE('',#4233,#4184,#4241,.T.);
#4241 = LINE('',#4242,#4243);
#4242 = CARTESIAN_POINT('',(-0.420070600298,-5.5,-2.110961593846));
#4243 = VECTOR('',#4244,1.);
#4244 = DIRECTION('',(0.4472135955,-5.476786982641E-17,0.894427191));
#4245 = ORIENTED_EDGE('',*,*,#4199,.T.);
#4246 = ORIENTED_EDGE('',*,*,#2896,.T.);
#4247 = ORIENTED_EDGE('',*,*,#2913,.T.);
#4248 = ORIENTED_EDGE('',*,*,#2921,.F.);
#4249 = ORIENTED_EDGE('',*,*,#4250,.T.);
#4250 = EDGE_CURVE('',#2922,#4251,#4253,.T.);
#4251 = VERTEX_POINT('',#4252);
#4252 = CARTESIAN_POINT('',(-5.E-02,-5.5,0.7));
#4253 = CIRCLE('',#4254,0.3);
#4254 = AXIS2_PLACEMENT_3D('',#4255,#4256,#4257);
#4255 = CARTESIAN_POINT('',(0.25,-5.5,0.7));
#4256 = DIRECTION('',(-1.224646799147E-16,-1.,0.));
#4257 = DIRECTION('',(0.,0.,1.));
#4258 = ORIENTED_EDGE('',*,*,#4259,.T.);
#4259 = EDGE_CURVE('',#4251,#4260,#4262,.T.);
#4260 = VERTEX_POINT('',#4261);
#4261 = CARTESIAN_POINT('',(-5.E-02,-5.5,-0.7));
#4262 = LINE('',#4263,#4264);
#4263 = CARTESIAN_POINT('',(-5.E-02,-5.5,0.7));
#4264 = VECTOR('',#4265,1.);
#4265 = DIRECTION('',(-9.91270557701E-18,1.213956315578E-33,-1.));
#4266 = ORIENTED_EDGE('',*,*,#4267,.T.);
#4267 = EDGE_CURVE('',#4260,#4268,#4270,.T.);
#4268 = VERTEX_POINT('',#4269);
#4269 = CARTESIAN_POINT('',(-0.688398757598,-5.5,-1.976797515196));
#4270 = LINE('',#4271,#4272);
#4271 = CARTESIAN_POINT('',(-5.E-02,-5.5,-0.7));
#4272 = VECTOR('',#4273,1.);
#4273 = DIRECTION('',(-0.4472135955,5.476786982641E-17,-0.894427191));
#4274 = ORIENTED_EDGE('',*,*,#4275,.T.);
#4275 = EDGE_CURVE('',#4268,#4215,#4276,.T.);
#4276 = CIRCLE('',#4277,0.3);
#4277 = AXIS2_PLACEMENT_3D('',#4278,#4279,#4280);
#4278 = CARTESIAN_POINT('',(-0.420070600298,-5.5,-2.110961593846));
#4279 = DIRECTION('',(-1.224646799147E-16,-1.,0.));
#4280 = DIRECTION('',(-0.894427191,1.095357396528E-16,0.4472135955));
#4281 = PLANE('',#4282);
#4282 = AXIS2_PLACEMENT_3D('',#4283,#4284,#4285);
#4283 = CARTESIAN_POINT('',(-9.3221718572E-02,-5.5,-1.218562781109));
#4284 = DIRECTION('',(-1.224646799147E-16,-1.,0.));
#4285 = DIRECTION('',(0.,0.,1.));
#4286 = ADVANCED_FACE('',(#4287),#4357,.F.);
#4287 = FACE_BOUND('',#4288,.F.);
#4288 = EDGE_LOOP('',(#4289,#4299,#4307,#4315,#4321,#4322,#4323,#4324,
    #4325,#4334,#4342,#4350));
#4289 = ORIENTED_EDGE('',*,*,#4290,.T.);
#4290 = EDGE_CURVE('',#4291,#4293,#4295,.T.);
#4291 = VERTEX_POINT('',#4292);
#4292 = CARTESIAN_POINT('',(-0.696712149806,-4.5,-2.227019566797));
#4293 = VERTEX_POINT('',#4294);
#4294 = CARTESIAN_POINT('',(-0.525180684591,-4.5,-2.635890488114));
#4295 = LINE('',#4296,#4297);
#4296 = CARTESIAN_POINT('',(-0.696712149806,-4.5,-2.227019566797));
#4297 = VECTOR('',#4298,1.);
#4298 = DIRECTION('',(0.386859909837,-4.737667502999E-17,-0.922138498362
    ));
#4299 = ORIENTED_EDGE('',*,*,#4300,.T.);
#4300 = EDGE_CURVE('',#4293,#4301,#4303,.T.);
#4301 = VERTEX_POINT('',#4302);
#4302 = CARTESIAN_POINT('',(-0.248539135082,-4.5,-2.519832515163));
#4303 = LINE('',#4304,#4305);
#4304 = CARTESIAN_POINT('',(-0.525180684591,-4.5,-2.635890488114));
#4305 = VECTOR('',#4306,1.);
#4306 = DIRECTION('',(0.922138498362,-1.129293960389E-16,0.386859909837)
  );
#4307 = ORIENTED_EDGE('',*,*,#4308,.T.);
#4308 = EDGE_CURVE('',#4301,#4309,#4311,.T.);
#4309 = VERTEX_POINT('',#4310);
#4310 = CARTESIAN_POINT('',(-0.420070600298,-4.5,-2.110961593846));
#4311 = LINE('',#4312,#4313);
#4312 = CARTESIAN_POINT('',(0.138320774754,-4.5,-3.441971013524));
#4313 = VECTOR('',#4314,1.);
#4314 = DIRECTION('',(-0.386859909837,4.737667502999E-17,0.922138498362)
  );
#4315 = ORIENTED_EDGE('',*,*,#4316,.T.);
#4316 = EDGE_CURVE('',#4309,#4182,#4317,.T.);
#4317 = LINE('',#4318,#4319);
#4318 = CARTESIAN_POINT('',(-0.420070600298,-4.5,-2.110961593846));
#4319 = VECTOR('',#4320,1.);
#4320 = DIRECTION('',(0.4472135955,-5.476786982641E-17,0.894427191));
#4321 = ORIENTED_EDGE('',*,*,#4191,.T.);
#4322 = ORIENTED_EDGE('',*,*,#2882,.T.);
#4323 = ORIENTED_EDGE('',*,*,#2945,.T.);
#4324 = ORIENTED_EDGE('',*,*,#2937,.F.);
#4325 = ORIENTED_EDGE('',*,*,#4326,.T.);
#4326 = EDGE_CURVE('',#2930,#4327,#4329,.T.);
#4327 = VERTEX_POINT('',#4328);
#4328 = CARTESIAN_POINT('',(-5.E-02,-4.5,0.7));
#4329 = CIRCLE('',#4330,0.3);
#4330 = AXIS2_PLACEMENT_3D('',#4331,#4332,#4333);
#4331 = CARTESIAN_POINT('',(0.25,-4.5,0.7));
#4332 = DIRECTION('',(-1.224646799147E-16,-1.,0.));
#4333 = DIRECTION('',(0.,0.,1.));
#4334 = ORIENTED_EDGE('',*,*,#4335,.T.);
#4335 = EDGE_CURVE('',#4327,#4336,#4338,.T.);
#4336 = VERTEX_POINT('',#4337);
#4337 = CARTESIAN_POINT('',(-5.E-02,-4.5,-0.7));
#4338 = LINE('',#4339,#4340);
#4339 = CARTESIAN_POINT('',(-5.E-02,-4.5,0.7));
#4340 = VECTOR('',#4341,1.);
#4341 = DIRECTION('',(-9.91270557701E-18,1.213956315578E-33,-1.));
#4342 = ORIENTED_EDGE('',*,*,#4343,.T.);
#4343 = EDGE_CURVE('',#4336,#4344,#4346,.T.);
#4344 = VERTEX_POINT('',#4345);
#4345 = CARTESIAN_POINT('',(-0.688398757598,-4.5,-1.976797515196));
#4346 = LINE('',#4347,#4348);
#4347 = CARTESIAN_POINT('',(-5.E-02,-4.5,-0.7));
#4348 = VECTOR('',#4349,1.);
#4349 = DIRECTION('',(-0.4472135955,5.476786982641E-17,-0.894427191));
#4350 = ORIENTED_EDGE('',*,*,#4351,.T.);
#4351 = EDGE_CURVE('',#4344,#4291,#4352,.T.);
#4352 = CIRCLE('',#4353,0.3);
#4353 = AXIS2_PLACEMENT_3D('',#4354,#4355,#4356);
#4354 = CARTESIAN_POINT('',(-0.420070600298,-4.5,-2.110961593846));
#4355 = DIRECTION('',(-1.224646799147E-16,-1.,0.));
#4356 = DIRECTION('',(-0.894427191,1.095357396528E-16,0.4472135955));
#4357 = PLANE('',#4358);
#4358 = AXIS2_PLACEMENT_3D('',#4359,#4360,#4361);
#4359 = CARTESIAN_POINT('',(-9.3221718572E-02,-4.5,-1.218562781109));
#4360 = DIRECTION('',(-1.224646799147E-16,-1.,0.));
#4361 = DIRECTION('',(0.,0.,1.));
#4362 = ADVANCED_FACE('',(#4363),#4372,.F.);
#4363 = FACE_BOUND('',#4364,.F.);
#4364 = EDGE_LOOP('',(#4365,#4366,#4367,#4368,#4369,#4370,#4371));
#4365 = ORIENTED_EDGE('',*,*,#3030,.F.);
#4366 = ORIENTED_EDGE('',*,*,#3059,.T.);
#4367 = ORIENTED_EDGE('',*,*,#3093,.F.);
#4368 = ORIENTED_EDGE('',*,*,#3110,.T.);
#4369 = ORIENTED_EDGE('',*,*,#3140,.F.);
#4370 = ORIENTED_EDGE('',*,*,#3343,.F.);
#4371 = ORIENTED_EDGE('',*,*,#2992,.F.);
#4372 = PLANE('',#4373);
#4373 = AXIS2_PLACEMENT_3D('',#4374,#4375,#4376);
#4374 = CARTESIAN_POINT('',(0.25,0.,0.));
#4375 = DIRECTION('',(0.,0.,1.));
#4376 = DIRECTION('',(1.,0.,-0.));
#4377 = ADVANCED_FACE('',(#4378),#4456,.F.);
#4378 = FACE_BOUND('',#4379,.F.);
#4379 = EDGE_LOOP('',(#4380,#4390,#4398,#4406,#4414,#4421,#4422,#4423,
    #4424,#4433,#4441,#4449));
#4380 = ORIENTED_EDGE('',*,*,#4381,.T.);
#4381 = EDGE_CURVE('',#4382,#4384,#4386,.T.);
#4382 = VERTEX_POINT('',#4383);
#4383 = CARTESIAN_POINT('',(-0.696712149806,0.5,-2.227019566797));
#4384 = VERTEX_POINT('',#4385);
#4385 = CARTESIAN_POINT('',(-0.525180684591,0.5,-2.635890488114));
#4386 = LINE('',#4387,#4388);
#4387 = CARTESIAN_POINT('',(-0.696712149806,0.5,-2.227019566797));
#4388 = VECTOR('',#4389,1.);
#4389 = DIRECTION('',(0.386859909837,-4.737667502999E-17,-0.922138498362
    ));
#4390 = ORIENTED_EDGE('',*,*,#4391,.T.);
#4391 = EDGE_CURVE('',#4384,#4392,#4394,.T.);
#4392 = VERTEX_POINT('',#4393);
#4393 = CARTESIAN_POINT('',(-0.248539135082,0.5,-2.519832515163));
#4394 = LINE('',#4395,#4396);
#4395 = CARTESIAN_POINT('',(-0.525180684591,0.5,-2.635890488114));
#4396 = VECTOR('',#4397,1.);
#4397 = DIRECTION('',(0.922138498362,-1.129293960389E-16,0.386859909837)
  );
#4398 = ORIENTED_EDGE('',*,*,#4399,.T.);
#4399 = EDGE_CURVE('',#4392,#4400,#4402,.T.);
#4400 = VERTEX_POINT('',#4401);
#4401 = CARTESIAN_POINT('',(-0.420070600298,0.5,-2.110961593846));
#4402 = LINE('',#4403,#4404);
#4403 = CARTESIAN_POINT('',(0.138320774754,0.5,-3.441971013524));
#4404 = VECTOR('',#4405,1.);
#4405 = DIRECTION('',(-0.386859909837,4.737667502999E-17,0.922138498362)
  );
#4406 = ORIENTED_EDGE('',*,*,#4407,.T.);
#4407 = EDGE_CURVE('',#4400,#4408,#4410,.T.);
#4408 = VERTEX_POINT('',#4409);
#4409 = CARTESIAN_POINT('',(0.2183281573,0.5,-0.83416407865));
#4410 = LINE('',#4411,#4412);
#4411 = CARTESIAN_POINT('',(-0.420070600298,0.5,-2.110961593846));
#4412 = VECTOR('',#4413,1.);
#4413 = DIRECTION('',(0.4472135955,-5.476786982641E-17,0.894427191));
#4414 = ORIENTED_EDGE('',*,*,#4415,.T.);
#4415 = EDGE_CURVE('',#4408,#3015,#4416,.T.);
#4416 = CIRCLE('',#4417,0.3);
#4417 = AXIS2_PLACEMENT_3D('',#4418,#4419,#4420);
#4418 = CARTESIAN_POINT('',(-5.E-02,0.5,-0.7));
#4419 = DIRECTION('',(-1.224646799147E-16,-1.,0.));
#4420 = DIRECTION('',(0.894427191,-1.095357396528E-16,-0.4472135955));
#4421 = ORIENTED_EDGE('',*,*,#3024,.T.);
#4422 = ORIENTED_EDGE('',*,*,#2984,.T.);
#4423 = ORIENTED_EDGE('',*,*,#2976,.F.);
#4424 = ORIENTED_EDGE('',*,*,#4425,.T.);
#4425 = EDGE_CURVE('',#2969,#4426,#4428,.T.);
#4426 = VERTEX_POINT('',#4427);
#4427 = CARTESIAN_POINT('',(-5.E-02,0.5,0.7));
#4428 = CIRCLE('',#4429,0.3);
#4429 = AXIS2_PLACEMENT_3D('',#4430,#4431,#4432);
#4430 = CARTESIAN_POINT('',(0.25,0.5,0.7));
#4431 = DIRECTION('',(-1.224646799147E-16,-1.,0.));
#4432 = DIRECTION('',(0.,0.,1.));
#4433 = ORIENTED_EDGE('',*,*,#4434,.T.);
#4434 = EDGE_CURVE('',#4426,#4435,#4437,.T.);
#4435 = VERTEX_POINT('',#4436);
#4436 = CARTESIAN_POINT('',(-5.E-02,0.5,-0.7));
#4437 = LINE('',#4438,#4439);
#4438 = CARTESIAN_POINT('',(-5.E-02,0.5,0.7));
#4439 = VECTOR('',#4440,1.);
#4440 = DIRECTION('',(-9.91270557701E-18,1.213956315578E-33,-1.));
#4441 = ORIENTED_EDGE('',*,*,#4442,.T.);
#4442 = EDGE_CURVE('',#4435,#4443,#4445,.T.);
#4443 = VERTEX_POINT('',#4444);
#4444 = CARTESIAN_POINT('',(-0.688398757598,0.5,-1.976797515196));
#4445 = LINE('',#4446,#4447);
#4446 = CARTESIAN_POINT('',(-5.E-02,0.5,-0.7));
#4447 = VECTOR('',#4448,1.);
#4448 = DIRECTION('',(-0.4472135955,5.476786982641E-17,-0.894427191));
#4449 = ORIENTED_EDGE('',*,*,#4450,.T.);
#4450 = EDGE_CURVE('',#4443,#4382,#4451,.T.);
#4451 = CIRCLE('',#4452,0.3);
#4452 = AXIS2_PLACEMENT_3D('',#4453,#4454,#4455);
#4453 = CARTESIAN_POINT('',(-0.420070600298,0.5,-2.110961593846));
#4454 = DIRECTION('',(-1.224646799147E-16,-1.,0.));
#4455 = DIRECTION('',(-0.894427191,1.095357396528E-16,0.4472135955));
#4456 = PLANE('',#4457);
#4457 = AXIS2_PLACEMENT_3D('',#4458,#4459,#4460);
#4458 = CARTESIAN_POINT('',(-9.3221718572E-02,0.5,-1.218562781109));
#4459 = DIRECTION('',(-1.224646799147E-16,-1.,0.));
#4460 = DIRECTION('',(0.,0.,1.));
#4461 = ADVANCED_FACE('',(#4462),#4481,.T.);
#4462 = FACE_BOUND('',#4463,.T.);
#4463 = EDGE_LOOP('',(#4464,#4465,#4466,#4474));
#4464 = ORIENTED_EDGE('',*,*,#2968,.F.);
#4465 = ORIENTED_EDGE('',*,*,#4425,.T.);
#4466 = ORIENTED_EDGE('',*,*,#4467,.T.);
#4467 = EDGE_CURVE('',#4426,#4468,#4470,.T.);
#4468 = VERTEX_POINT('',#4469);
#4469 = CARTESIAN_POINT('',(-5.E-02,-0.5,0.7));
#4470 = LINE('',#4471,#4472);
#4471 = CARTESIAN_POINT('',(-5.E-02,0.5,0.7));
#4472 = VECTOR('',#4473,1.);
#4473 = DIRECTION('',(-1.224646799147E-16,-1.,0.));
#4474 = ORIENTED_EDGE('',*,*,#4475,.F.);
#4475 = EDGE_CURVE('',#2961,#4468,#4476,.T.);
#4476 = CIRCLE('',#4477,0.3);
#4477 = AXIS2_PLACEMENT_3D('',#4478,#4479,#4480);
#4478 = CARTESIAN_POINT('',(0.25,-0.5,0.7));
#4479 = DIRECTION('',(-1.224646799147E-16,-1.,0.));
#4480 = DIRECTION('',(0.,0.,1.));
#4481 = CYLINDRICAL_SURFACE('',#4482,0.3);
#4482 = AXIS2_PLACEMENT_3D('',#4483,#4484,#4485);
#4483 = CARTESIAN_POINT('',(0.25,0.,0.7));
#4484 = DIRECTION('',(-1.224646799147E-16,-1.,0.));
#4485 = DIRECTION('',(0.,0.,1.));
#4486 = ADVANCED_FACE('',(#4487),#4557,.T.);
#4487 = FACE_BOUND('',#4488,.T.);
#4488 = EDGE_LOOP('',(#4489,#4499,#4507,#4515,#4523,#4530,#4531,#4532,
    #4533,#4534,#4542,#4550));
#4489 = ORIENTED_EDGE('',*,*,#4490,.T.);
#4490 = EDGE_CURVE('',#4491,#4493,#4495,.T.);
#4491 = VERTEX_POINT('',#4492);
#4492 = CARTESIAN_POINT('',(-0.696712149806,-0.5,-2.227019566797));
#4493 = VERTEX_POINT('',#4494);
#4494 = CARTESIAN_POINT('',(-0.525180684591,-0.5,-2.635890488114));
#4495 = LINE('',#4496,#4497);
#4496 = CARTESIAN_POINT('',(-0.696712149806,-0.5,-2.227019566797));
#4497 = VECTOR('',#4498,1.);
#4498 = DIRECTION('',(0.386859909837,-4.737667502999E-17,-0.922138498362
    ));
#4499 = ORIENTED_EDGE('',*,*,#4500,.T.);
#4500 = EDGE_CURVE('',#4493,#4501,#4503,.T.);
#4501 = VERTEX_POINT('',#4502);
#4502 = CARTESIAN_POINT('',(-0.248539135082,-0.5,-2.519832515163));
#4503 = LINE('',#4504,#4505);
#4504 = CARTESIAN_POINT('',(-0.525180684591,-0.5,-2.635890488114));
#4505 = VECTOR('',#4506,1.);
#4506 = DIRECTION('',(0.922138498362,-1.129293960389E-16,0.386859909837)
  );
#4507 = ORIENTED_EDGE('',*,*,#4508,.T.);
#4508 = EDGE_CURVE('',#4501,#4509,#4511,.T.);
#4509 = VERTEX_POINT('',#4510);
#4510 = CARTESIAN_POINT('',(-0.420070600298,-0.5,-2.110961593846));
#4511 = LINE('',#4512,#4513);
#4512 = CARTESIAN_POINT('',(0.138320774754,-0.5,-3.441971013524));
#4513 = VECTOR('',#4514,1.);
#4514 = DIRECTION('',(-0.386859909837,4.737667502999E-17,0.922138498362)
  );
#4515 = ORIENTED_EDGE('',*,*,#4516,.T.);
#4516 = EDGE_CURVE('',#4509,#4517,#4519,.T.);
#4517 = VERTEX_POINT('',#4518);
#4518 = CARTESIAN_POINT('',(0.2183281573,-0.5,-0.83416407865));
#4519 = LINE('',#4520,#4521);
#4520 = CARTESIAN_POINT('',(-0.420070600298,-0.5,-2.110961593846));
#4521 = VECTOR('',#4522,1.);
#4522 = DIRECTION('',(0.4472135955,-5.476786982641E-17,0.894427191));
#4523 = ORIENTED_EDGE('',*,*,#4524,.T.);
#4524 = EDGE_CURVE('',#4517,#3017,#4525,.T.);
#4525 = CIRCLE('',#4526,0.3);
#4526 = AXIS2_PLACEMENT_3D('',#4527,#4528,#4529);
#4527 = CARTESIAN_POINT('',(-5.E-02,-0.5,-0.7));
#4528 = DIRECTION('',(-1.224646799147E-16,-1.,0.));
#4529 = DIRECTION('',(0.894427191,-1.095357396528E-16,-0.4472135955));
#4530 = ORIENTED_EDGE('',*,*,#3045,.T.);
#4531 = ORIENTED_EDGE('',*,*,#2952,.T.);
#4532 = ORIENTED_EDGE('',*,*,#2960,.F.);
#4533 = ORIENTED_EDGE('',*,*,#4475,.T.);
#4534 = ORIENTED_EDGE('',*,*,#4535,.T.);
#4535 = EDGE_CURVE('',#4468,#4536,#4538,.T.);
#4536 = VERTEX_POINT('',#4537);
#4537 = CARTESIAN_POINT('',(-5.E-02,-0.5,-0.7));
#4538 = LINE('',#4539,#4540);
#4539 = CARTESIAN_POINT('',(-5.E-02,-0.5,0.7));
#4540 = VECTOR('',#4541,1.);
#4541 = DIRECTION('',(-9.91270557701E-18,1.213956315578E-33,-1.));
#4542 = ORIENTED_EDGE('',*,*,#4543,.T.);
#4543 = EDGE_CURVE('',#4536,#4544,#4546,.T.);
#4544 = VERTEX_POINT('',#4545);
#4545 = CARTESIAN_POINT('',(-0.688398757598,-0.5,-1.976797515196));
#4546 = LINE('',#4547,#4548);
#4547 = CARTESIAN_POINT('',(-5.E-02,-0.5,-0.7));
#4548 = VECTOR('',#4549,1.);
#4549 = DIRECTION('',(-0.4472135955,5.476786982641E-17,-0.894427191));
#4550 = ORIENTED_EDGE('',*,*,#4551,.T.);
#4551 = EDGE_CURVE('',#4544,#4491,#4552,.T.);
#4552 = CIRCLE('',#4553,0.3);
#4553 = AXIS2_PLACEMENT_3D('',#4554,#4555,#4556);
#4554 = CARTESIAN_POINT('',(-0.420070600298,-0.5,-2.110961593846));
#4555 = DIRECTION('',(-1.224646799147E-16,-1.,0.));
#4556 = DIRECTION('',(-0.894427191,1.095357396528E-16,0.4472135955));
#4557 = PLANE('',#4558);
#4558 = AXIS2_PLACEMENT_3D('',#4559,#4560,#4561);
#4559 = CARTESIAN_POINT('',(-9.3221718572E-02,-0.5,-1.218562781109));
#4560 = DIRECTION('',(-1.224646799147E-16,-1.,0.));
#4561 = DIRECTION('',(0.,0.,1.));
#4562 = ADVANCED_FACE('',(#4563),#4574,.T.);
#4563 = FACE_BOUND('',#4564,.T.);
#4564 = EDGE_LOOP('',(#4565,#4566,#4567,#4573));
#4565 = ORIENTED_EDGE('',*,*,#2929,.F.);
#4566 = ORIENTED_EDGE('',*,*,#4326,.T.);
#4567 = ORIENTED_EDGE('',*,*,#4568,.T.);
#4568 = EDGE_CURVE('',#4327,#4251,#4569,.T.);
#4569 = LINE('',#4570,#4571);
#4570 = CARTESIAN_POINT('',(-5.E-02,-4.5,0.7));
#4571 = VECTOR('',#4572,1.);
#4572 = DIRECTION('',(-1.224646799147E-16,-1.,0.));
#4573 = ORIENTED_EDGE('',*,*,#4250,.F.);
#4574 = CYLINDRICAL_SURFACE('',#4575,0.3);
#4575 = AXIS2_PLACEMENT_3D('',#4576,#4577,#4578);
#4576 = CARTESIAN_POINT('',(0.25,-5.,0.7));
#4577 = DIRECTION('',(-1.224646799147E-16,-1.,0.));
#4578 = DIRECTION('',(0.,0.,1.));
#4579 = ADVANCED_FACE('',(#4580),#4591,.T.);
#4580 = FACE_BOUND('',#4581,.T.);
#4581 = EDGE_LOOP('',(#4582,#4588,#4589,#4590));
#4582 = ORIENTED_EDGE('',*,*,#4583,.F.);
#4583 = EDGE_CURVE('',#4408,#4517,#4584,.T.);
#4584 = LINE('',#4585,#4586);
#4585 = CARTESIAN_POINT('',(0.2183281573,0.5,-0.83416407865));
#4586 = VECTOR('',#4587,1.);
#4587 = DIRECTION('',(-1.224646799147E-16,-1.,0.));
#4588 = ORIENTED_EDGE('',*,*,#4415,.T.);
#4589 = ORIENTED_EDGE('',*,*,#3014,.T.);
#4590 = ORIENTED_EDGE('',*,*,#4524,.F.);
#4591 = CYLINDRICAL_SURFACE('',#4592,0.3);
#4592 = AXIS2_PLACEMENT_3D('',#4593,#4594,#4595);
#4593 = CARTESIAN_POINT('',(-5.E-02,0.,-0.7));
#4594 = DIRECTION('',(-1.224646799147E-16,-1.,0.));
#4595 = DIRECTION('',(0.894427191,-1.095357396528E-16,-0.4472135955));
#4596 = ADVANCED_FACE('',(#4597),#4626,.T.);
#4597 = FACE_BOUND('',#4598,.T.);
#4598 = EDGE_LOOP('',(#4599,#4600,#4608,#4616,#4622,#4623,#4624,#4625));
#4599 = ORIENTED_EDGE('',*,*,#3547,.F.);
#4600 = ORIENTED_EDGE('',*,*,#4601,.T.);
#4601 = EDGE_CURVE('',#3548,#4602,#4604,.T.);
#4602 = VERTEX_POINT('',#4603);
#4603 = CARTESIAN_POINT('',(3.75,2.8,3.35));
#4604 = LINE('',#4605,#4606);
#4605 = CARTESIAN_POINT('',(3.6,3.,3.35));
#4606 = VECTOR('',#4607,1.);
#4607 = DIRECTION('',(0.6,-0.8,0.));
#4608 = ORIENTED_EDGE('',*,*,#4609,.T.);
#4609 = EDGE_CURVE('',#4602,#4610,#4612,.T.);
#4610 = VERTEX_POINT('',#4611);
#4611 = CARTESIAN_POINT('',(8.75,2.8,3.35));
#4612 = LINE('',#4613,#4614);
#4613 = CARTESIAN_POINT('',(3.75,2.8,3.35));
#4614 = VECTOR('',#4615,1.);
#4615 = DIRECTION('',(1.,-1.110223024625E-16,0.));
#4616 = ORIENTED_EDGE('',*,*,#4617,.T.);
#4617 = EDGE_CURVE('',#4610,#3716,#4618,.T.);
#4618 = LINE('',#4619,#4620);
#4619 = CARTESIAN_POINT('',(8.75,2.8,3.35));
#4620 = VECTOR('',#4621,1.);
#4621 = DIRECTION('',(0.6,0.8,0.));
#4622 = ORIENTED_EDGE('',*,*,#3713,.F.);
#4623 = ORIENTED_EDGE('',*,*,#3746,.T.);
#4624 = ORIENTED_EDGE('',*,*,#3179,.F.);
#4625 = ORIENTED_EDGE('',*,*,#3369,.F.);
#4626 = PLANE('',#4627);
#4627 = AXIS2_PLACEMENT_3D('',#4628,#4629,#4630);
#4628 = CARTESIAN_POINT('',(5.45,-8.5,3.35));
#4629 = DIRECTION('',(0.,0.,1.));
#4630 = DIRECTION('',(1.,0.,-0.));
#4631 = ADVANCED_FACE('',(#4632),#4643,.T.);
#4632 = FACE_BOUND('',#4633,.T.);
#4633 = EDGE_LOOP('',(#4634,#4640,#4641,#4642));
#4634 = ORIENTED_EDGE('',*,*,#4635,.F.);
#4635 = EDGE_CURVE('',#3806,#3915,#4636,.T.);
#4636 = LINE('',#4637,#4638);
#4637 = CARTESIAN_POINT('',(12.2816718427,-0.5,-0.83416407865));
#4638 = VECTOR('',#4639,1.);
#4639 = DIRECTION('',(0.,1.,0.));
#4640 = ORIENTED_EDGE('',*,*,#3813,.T.);
#4641 = ORIENTED_EDGE('',*,*,#3275,.T.);
#4642 = ORIENTED_EDGE('',*,*,#3922,.F.);
#4643 = CYLINDRICAL_SURFACE('',#4644,0.3);
#4644 = AXIS2_PLACEMENT_3D('',#4645,#4646,#4647);
#4645 = CARTESIAN_POINT('',(12.55,0.,-0.7));
#4646 = DIRECTION('',(0.,1.,0.));
#4647 = DIRECTION('',(-0.894427191,0.,-0.4472135955));
#4648 = ADVANCED_FACE('',(#4649),#4667,.T.);
#4649 = FACE_BOUND('',#4650,.F.);
#4650 = EDGE_LOOP('',(#4651,#4652,#4653,#4661));
#4651 = ORIENTED_EDGE('',*,*,#3588,.T.);
#4652 = ORIENTED_EDGE('',*,*,#3386,.T.);
#4653 = ORIENTED_EDGE('',*,*,#4654,.F.);
#4654 = EDGE_CURVE('',#4655,#3387,#4657,.T.);
#4655 = VERTEX_POINT('',#4656);
#4656 = CARTESIAN_POINT('',(0.95,0.,3.35));
#4657 = LINE('',#4658,#4659);
#4658 = CARTESIAN_POINT('',(0.95,0.,3.35));
#4659 = VECTOR('',#4660,1.);
#4660 = DIRECTION('',(0.,0.,1.));
#4661 = ORIENTED_EDGE('',*,*,#4662,.F.);
#4662 = EDGE_CURVE('',#3581,#4655,#4663,.T.);
#4663 = LINE('',#4664,#4665);
#4664 = CARTESIAN_POINT('',(0.75,0.15,3.35));
#4665 = VECTOR('',#4666,1.);
#4666 = DIRECTION('',(0.8,-0.6,0.));
#4667 = PLANE('',#4668);
#4668 = AXIS2_PLACEMENT_3D('',#4669,#4670,#4671);
#4669 = CARTESIAN_POINT('',(0.75,0.15,3.35));
#4670 = DIRECTION('',(-0.6,-0.8,-0.));
#4671 = DIRECTION('',(-0.8,0.6,0.));
#4672 = ADVANCED_FACE('',(#4673),#4684,.T.);
#4673 = FACE_BOUND('',#4674,.T.);
#4674 = EDGE_LOOP('',(#4675,#4676,#4677,#4683));
#4675 = ORIENTED_EDGE('',*,*,#3555,.T.);
#4676 = ORIENTED_EDGE('',*,*,#3477,.T.);
#4677 = ORIENTED_EDGE('',*,*,#4678,.F.);
#4678 = EDGE_CURVE('',#4602,#3470,#4679,.T.);
#4679 = LINE('',#4680,#4681);
#4680 = CARTESIAN_POINT('',(3.75,2.8,3.35));
#4681 = VECTOR('',#4682,1.);
#4682 = DIRECTION('',(0.,0.,1.));
#4683 = ORIENTED_EDGE('',*,*,#4601,.F.);
#4684 = PLANE('',#4685);
#4685 = AXIS2_PLACEMENT_3D('',#4686,#4687,#4688);
#4686 = CARTESIAN_POINT('',(3.6,3.,3.35));
#4687 = DIRECTION('',(0.8,0.6,0.));
#4688 = DIRECTION('',(0.6,-0.8,0.));
#4689 = ADVANCED_FACE('',(#4690),#4708,.T.);
#4690 = FACE_BOUND('',#4691,.F.);
#4691 = EDGE_LOOP('',(#4692,#4693,#4694,#4702));
#4692 = ORIENTED_EDGE('',*,*,#4654,.T.);
#4693 = ORIENTED_EDGE('',*,*,#3394,.T.);
#4694 = ORIENTED_EDGE('',*,*,#4695,.F.);
#4695 = EDGE_CURVE('',#4696,#3395,#4698,.T.);
#4696 = VERTEX_POINT('',#4697);
#4697 = CARTESIAN_POINT('',(0.95,-5.,3.35));
#4698 = LINE('',#4699,#4700);
#4699 = CARTESIAN_POINT('',(0.95,-5.,3.35));
#4700 = VECTOR('',#4701,1.);
#4701 = DIRECTION('',(0.,0.,1.));
#4702 = ORIENTED_EDGE('',*,*,#4703,.F.);
#4703 = EDGE_CURVE('',#4655,#4696,#4704,.T.);
#4704 = LINE('',#4705,#4706);
#4705 = CARTESIAN_POINT('',(0.95,0.,3.35));
#4706 = VECTOR('',#4707,1.);
#4707 = DIRECTION('',(-0.,-1.,-0.));
#4708 = PLANE('',#4709);
#4709 = AXIS2_PLACEMENT_3D('',#4710,#4711,#4712);
#4710 = CARTESIAN_POINT('',(0.95,0.,3.35));
#4711 = DIRECTION('',(-1.,-0.,-0.));
#4712 = DIRECTION('',(0.,1.,0.));
#4713 = ADVANCED_FACE('',(#4714),#4725,.T.);
#4714 = FACE_BOUND('',#4715,.T.);
#4715 = EDGE_LOOP('',(#4716,#4717,#4718,#4724));
#4716 = ORIENTED_EDGE('',*,*,#4678,.T.);
#4717 = ORIENTED_EDGE('',*,*,#3469,.T.);
#4718 = ORIENTED_EDGE('',*,*,#4719,.F.);
#4719 = EDGE_CURVE('',#4610,#3462,#4720,.T.);
#4720 = LINE('',#4721,#4722);
#4721 = CARTESIAN_POINT('',(8.75,2.8,3.35));
#4722 = VECTOR('',#4723,1.);
#4723 = DIRECTION('',(0.,0.,1.));
#4724 = ORIENTED_EDGE('',*,*,#4609,.F.);
#4725 = PLANE('',#4726);
#4726 = AXIS2_PLACEMENT_3D('',#4727,#4728,#4729);
#4727 = CARTESIAN_POINT('',(3.75,2.8,3.35));
#4728 = DIRECTION('',(1.110223024625E-16,1.,0.));
#4729 = DIRECTION('',(1.,-1.110223024625E-16,0.));
#4730 = ADVANCED_FACE('',(#4731),#4742,.T.);
#4731 = FACE_BOUND('',#4732,.F.);
#4732 = EDGE_LOOP('',(#4733,#4734,#4735,#4736));
#4733 = ORIENTED_EDGE('',*,*,#4695,.T.);
#4734 = ORIENTED_EDGE('',*,*,#3402,.T.);
#4735 = ORIENTED_EDGE('',*,*,#3572,.F.);
#4736 = ORIENTED_EDGE('',*,*,#4737,.F.);
#4737 = EDGE_CURVE('',#4696,#3573,#4738,.T.);
#4738 = LINE('',#4739,#4740);
#4739 = CARTESIAN_POINT('',(0.95,-5.,3.35));
#4740 = VECTOR('',#4741,1.);
#4741 = DIRECTION('',(-0.8,-0.6,-0.));
#4742 = PLANE('',#4743);
#4743 = AXIS2_PLACEMENT_3D('',#4744,#4745,#4746);
#4744 = CARTESIAN_POINT('',(0.95,-5.,3.35));
#4745 = DIRECTION('',(-0.6,0.8,0.));
#4746 = DIRECTION('',(0.8,0.6,0.));
#4747 = ADVANCED_FACE('',(#4748),#4754,.T.);
#4748 = FACE_BOUND('',#4749,.T.);
#4749 = EDGE_LOOP('',(#4750,#4751,#4752,#4753));
#4750 = ORIENTED_EDGE('',*,*,#4719,.T.);
#4751 = ORIENTED_EDGE('',*,*,#3461,.T.);
#4752 = ORIENTED_EDGE('',*,*,#3730,.F.);
#4753 = ORIENTED_EDGE('',*,*,#4617,.F.);
#4754 = PLANE('',#4755);
#4755 = AXIS2_PLACEMENT_3D('',#4756,#4757,#4758);
#4756 = CARTESIAN_POINT('',(8.75,2.8,3.35));
#4757 = DIRECTION('',(-0.8,0.6,0.));
#4758 = DIRECTION('',(0.6,0.8,0.));
#4759 = ADVANCED_FACE('',(#4760),#4778,.T.);
#4760 = FACE_BOUND('',#4761,.T.);
#4761 = EDGE_LOOP('',(#4762,#4763,#4764,#4772));
#4762 = ORIENTED_EDGE('',*,*,#3699,.T.);
#4763 = ORIENTED_EDGE('',*,*,#3452,.T.);
#4764 = ORIENTED_EDGE('',*,*,#4765,.F.);
#4765 = EDGE_CURVE('',#4766,#3445,#4768,.T.);
#4766 = VERTEX_POINT('',#4767);
#4767 = CARTESIAN_POINT('',(11.55,0.,3.35));
#4768 = LINE('',#4769,#4770);
#4769 = CARTESIAN_POINT('',(11.55,0.,3.35));
#4770 = VECTOR('',#4771,1.);
#4771 = DIRECTION('',(0.,0.,1.));
#4772 = ORIENTED_EDGE('',*,*,#4773,.F.);
#4773 = EDGE_CURVE('',#3692,#4766,#4774,.T.);
#4774 = LINE('',#4775,#4776);
#4775 = CARTESIAN_POINT('',(11.75,0.15,3.35));
#4776 = VECTOR('',#4777,1.);
#4777 = DIRECTION('',(-0.8,-0.6,0.));
#4778 = PLANE('',#4779);
#4779 = AXIS2_PLACEMENT_3D('',#4780,#4781,#4782);
#4780 = CARTESIAN_POINT('',(11.75,0.15,3.35));
#4781 = DIRECTION('',(0.6,-0.8,0.));
#4782 = DIRECTION('',(-0.8,-0.6,0.));
#4783 = ADVANCED_FACE('',(#4784),#4802,.T.);
#4784 = FACE_BOUND('',#4785,.T.);
#4785 = EDGE_LOOP('',(#4786,#4787,#4788,#4796));
#4786 = ORIENTED_EDGE('',*,*,#4765,.T.);
#4787 = ORIENTED_EDGE('',*,*,#3444,.T.);
#4788 = ORIENTED_EDGE('',*,*,#4789,.F.);
#4789 = EDGE_CURVE('',#4790,#3437,#4792,.T.);
#4790 = VERTEX_POINT('',#4791);
#4791 = CARTESIAN_POINT('',(11.55,-5.,3.35));
#4792 = LINE('',#4793,#4794);
#4793 = CARTESIAN_POINT('',(11.55,-5.,3.35));
#4794 = VECTOR('',#4795,1.);
#4795 = DIRECTION('',(0.,0.,1.));
#4796 = ORIENTED_EDGE('',*,*,#4797,.F.);
#4797 = EDGE_CURVE('',#4766,#4790,#4798,.T.);
#4798 = LINE('',#4799,#4800);
#4799 = CARTESIAN_POINT('',(11.55,0.,3.35));
#4800 = VECTOR('',#4801,1.);
#4801 = DIRECTION('',(0.,-1.,0.));
#4802 = PLANE('',#4803);
#4803 = AXIS2_PLACEMENT_3D('',#4804,#4805,#4806);
#4804 = CARTESIAN_POINT('',(11.55,0.,3.35));
#4805 = DIRECTION('',(1.,0.,0.));
#4806 = DIRECTION('',(0.,-1.,0.));
#4807 = ADVANCED_FACE('',(#4808),#4819,.T.);
#4808 = FACE_BOUND('',#4809,.T.);
#4809 = EDGE_LOOP('',(#4810,#4811,#4812,#4813));
#4810 = ORIENTED_EDGE('',*,*,#4789,.T.);
#4811 = ORIENTED_EDGE('',*,*,#3436,.T.);
#4812 = ORIENTED_EDGE('',*,*,#3683,.F.);
#4813 = ORIENTED_EDGE('',*,*,#4814,.F.);
#4814 = EDGE_CURVE('',#4790,#3684,#4815,.T.);
#4815 = LINE('',#4816,#4817);
#4816 = CARTESIAN_POINT('',(11.55,-5.,3.35));
#4817 = VECTOR('',#4818,1.);
#4818 = DIRECTION('',(0.8,-0.6,0.));
#4819 = PLANE('',#4820);
#4820 = AXIS2_PLACEMENT_3D('',#4821,#4822,#4823);
#4821 = CARTESIAN_POINT('',(11.55,-5.,3.35));
#4822 = DIRECTION('',(0.6,0.8,0.));
#4823 = DIRECTION('',(0.8,-0.6,0.));
#4824 = ADVANCED_FACE('',(#4825),#4844,.T.);
#4825 = FACE_BOUND('',#4826,.T.);
#4826 = EDGE_LOOP('',(#4827,#4835,#4842,#4843));
#4827 = ORIENTED_EDGE('',*,*,#4828,.T.);
#4828 = EDGE_CURVE('',#3487,#4829,#4831,.T.);
#4829 = VERTEX_POINT('',#4830);
#4830 = CARTESIAN_POINT('',(2.65,-6.75,3.6));
#4831 = LINE('',#4832,#4833);
#4832 = CARTESIAN_POINT('',(2.65,-6.75,3.5));
#4833 = VECTOR('',#4834,1.);
#4834 = DIRECTION('',(0.,0.,1.));
#4835 = ORIENTED_EDGE('',*,*,#4836,.F.);
#4836 = EDGE_CURVE('',#4829,#4829,#4837,.T.);
#4837 = CIRCLE('',#4838,0.65);
#4838 = AXIS2_PLACEMENT_3D('',#4839,#4840,#4841);
#4839 = CARTESIAN_POINT('',(2.,-6.75,3.6));
#4840 = DIRECTION('',(0.,0.,1.));
#4841 = DIRECTION('',(1.,0.,-0.));
#4842 = ORIENTED_EDGE('',*,*,#4828,.F.);
#4843 = ORIENTED_EDGE('',*,*,#3486,.T.);
#4844 = CYLINDRICAL_SURFACE('',#4845,0.65);
#4845 = AXIS2_PLACEMENT_3D('',#4846,#4847,#4848);
#4846 = CARTESIAN_POINT('',(2.,-6.75,3.5));
#4847 = DIRECTION('',(0.,0.,1.));
#4848 = DIRECTION('',(1.,0.,-0.));
#4849 = ADVANCED_FACE('',(#4850),#4869,.T.);
#4850 = FACE_BOUND('',#4851,.T.);
#4851 = EDGE_LOOP('',(#4852,#4860,#4867,#4868));
#4852 = ORIENTED_EDGE('',*,*,#4853,.T.);
#4853 = EDGE_CURVE('',#3498,#4854,#4856,.T.);
#4854 = VERTEX_POINT('',#4855);
#4855 = CARTESIAN_POINT('',(11.15,-6.75,3.6));
#4856 = LINE('',#4857,#4858);
#4857 = CARTESIAN_POINT('',(11.15,-6.75,3.5));
#4858 = VECTOR('',#4859,1.);
#4859 = DIRECTION('',(0.,0.,1.));
#4860 = ORIENTED_EDGE('',*,*,#4861,.F.);
#4861 = EDGE_CURVE('',#4854,#4854,#4862,.T.);
#4862 = CIRCLE('',#4863,0.65);
#4863 = AXIS2_PLACEMENT_3D('',#4864,#4865,#4866);
#4864 = CARTESIAN_POINT('',(10.5,-6.75,3.6));
#4865 = DIRECTION('',(0.,0.,1.));
#4866 = DIRECTION('',(1.,0.,-0.));
#4867 = ORIENTED_EDGE('',*,*,#4853,.F.);
#4868 = ORIENTED_EDGE('',*,*,#3497,.T.);
#4869 = CYLINDRICAL_SURFACE('',#4870,0.65);
#4870 = AXIS2_PLACEMENT_3D('',#4871,#4872,#4873);
#4871 = CARTESIAN_POINT('',(10.5,-6.75,3.5));
#4872 = DIRECTION('',(0.,0.,1.));
#4873 = DIRECTION('',(1.,0.,-0.));
#4874 = ADVANCED_FACE('',(#4875),#4894,.T.);
#4875 = FACE_BOUND('',#4876,.T.);
#4876 = EDGE_LOOP('',(#4877,#4885,#4892,#4893));
#4877 = ORIENTED_EDGE('',*,*,#4878,.T.);
#4878 = EDGE_CURVE('',#3509,#4879,#4881,.T.);
#4879 = VERTEX_POINT('',#4880);
#4880 = CARTESIAN_POINT('',(2.65,1.75,3.6));
#4881 = LINE('',#4882,#4883);
#4882 = CARTESIAN_POINT('',(2.65,1.75,3.5));
#4883 = VECTOR('',#4884,1.);
#4884 = DIRECTION('',(0.,0.,1.));
#4885 = ORIENTED_EDGE('',*,*,#4886,.F.);
#4886 = EDGE_CURVE('',#4879,#4879,#4887,.T.);
#4887 = CIRCLE('',#4888,0.65);
#4888 = AXIS2_PLACEMENT_3D('',#4889,#4890,#4891);
#4889 = CARTESIAN_POINT('',(2.,1.75,3.6));
#4890 = DIRECTION('',(0.,0.,1.));
#4891 = DIRECTION('',(1.,0.,-0.));
#4892 = ORIENTED_EDGE('',*,*,#4878,.F.);
#4893 = ORIENTED_EDGE('',*,*,#3508,.T.);
#4894 = CYLINDRICAL_SURFACE('',#4895,0.65);
#4895 = AXIS2_PLACEMENT_3D('',#4896,#4897,#4898);
#4896 = CARTESIAN_POINT('',(2.,1.75,3.5));
#4897 = DIRECTION('',(0.,0.,1.));
#4898 = DIRECTION('',(1.,0.,-0.));
#4899 = ADVANCED_FACE('',(#4900),#4919,.F.);
#4900 = FACE_BOUND('',#4901,.F.);
#4901 = EDGE_LOOP('',(#4902,#4910,#4917,#4918));
#4902 = ORIENTED_EDGE('',*,*,#4903,.F.);
#4903 = EDGE_CURVE('',#4904,#3520,#4906,.T.);
#4904 = VERTEX_POINT('',#4905);
#4905 = CARTESIAN_POINT('',(9.8,-2.5,3.35));
#4906 = LINE('',#4907,#4908);
#4907 = CARTESIAN_POINT('',(9.8,-2.5,3.35));
#4908 = VECTOR('',#4909,1.);
#4909 = DIRECTION('',(0.,0.,1.));
#4910 = ORIENTED_EDGE('',*,*,#4911,.T.);
#4911 = EDGE_CURVE('',#4904,#4904,#4912,.T.);
#4912 = CIRCLE('',#4913,3.55);
#4913 = AXIS2_PLACEMENT_3D('',#4914,#4915,#4916);
#4914 = CARTESIAN_POINT('',(6.25,-2.5,3.35));
#4915 = DIRECTION('',(0.,0.,1.));
#4916 = DIRECTION('',(1.,0.,-0.));
#4917 = ORIENTED_EDGE('',*,*,#4903,.T.);
#4918 = ORIENTED_EDGE('',*,*,#3519,.F.);
#4919 = CYLINDRICAL_SURFACE('',#4920,3.55);
#4920 = AXIS2_PLACEMENT_3D('',#4921,#4922,#4923);
#4921 = CARTESIAN_POINT('',(6.25,-2.5,3.35));
#4922 = DIRECTION('',(0.,0.,1.));
#4923 = DIRECTION('',(1.,0.,-0.));
#4924 = ADVANCED_FACE('',(#4925),#4944,.T.);
#4925 = FACE_BOUND('',#4926,.T.);
#4926 = EDGE_LOOP('',(#4927,#4935,#4942,#4943));
#4927 = ORIENTED_EDGE('',*,*,#4928,.T.);
#4928 = EDGE_CURVE('',#3531,#4929,#4931,.T.);
#4929 = VERTEX_POINT('',#4930);
#4930 = CARTESIAN_POINT('',(11.15,1.75,3.6));
#4931 = LINE('',#4932,#4933);
#4932 = CARTESIAN_POINT('',(11.15,1.75,3.5));
#4933 = VECTOR('',#4934,1.);
#4934 = DIRECTION('',(0.,0.,1.));
#4935 = ORIENTED_EDGE('',*,*,#4936,.F.);
#4936 = EDGE_CURVE('',#4929,#4929,#4937,.T.);
#4937 = CIRCLE('',#4938,0.65);
#4938 = AXIS2_PLACEMENT_3D('',#4939,#4940,#4941);
#4939 = CARTESIAN_POINT('',(10.5,1.75,3.6));
#4940 = DIRECTION('',(0.,0.,1.));
#4941 = DIRECTION('',(1.,0.,-0.));
#4942 = ORIENTED_EDGE('',*,*,#4928,.F.);
#4943 = ORIENTED_EDGE('',*,*,#3530,.T.);
#4944 = CYLINDRICAL_SURFACE('',#4945,0.65);
#4945 = AXIS2_PLACEMENT_3D('',#4946,#4947,#4948);
#4946 = CARTESIAN_POINT('',(10.5,1.75,3.5));
#4947 = DIRECTION('',(0.,0.,1.));
#4948 = DIRECTION('',(1.,0.,-0.));
#4949 = ADVANCED_FACE('',(#4950),#4956,.T.);
#4950 = FACE_BOUND('',#4951,.T.);
#4951 = EDGE_LOOP('',(#4952,#4953,#4954,#4955));
#4952 = ORIENTED_EDGE('',*,*,#3580,.F.);
#4953 = ORIENTED_EDGE('',*,*,#4737,.F.);
#4954 = ORIENTED_EDGE('',*,*,#4703,.F.);
#4955 = ORIENTED_EDGE('',*,*,#4662,.F.);
#4956 = PLANE('',#4957);
#4957 = AXIS2_PLACEMENT_3D('',#4958,#4959,#4960);
#4958 = CARTESIAN_POINT('',(5.45,-8.5,3.35));
#4959 = DIRECTION('',(0.,0.,1.));
#4960 = DIRECTION('',(1.,0.,-0.));
#4961 = ADVANCED_FACE('',(#4962),#4968,.T.);
#4962 = FACE_BOUND('',#4963,.T.);
#4963 = EDGE_LOOP('',(#4964,#4965,#4966,#4967));
#4964 = ORIENTED_EDGE('',*,*,#4814,.T.);
#4965 = ORIENTED_EDGE('',*,*,#3691,.T.);
#4966 = ORIENTED_EDGE('',*,*,#4773,.T.);
#4967 = ORIENTED_EDGE('',*,*,#4797,.T.);
#4968 = PLANE('',#4969);
#4969 = AXIS2_PLACEMENT_3D('',#4970,#4971,#4972);
#4970 = CARTESIAN_POINT('',(5.45,-8.5,3.35));
#4971 = DIRECTION('',(0.,0.,1.));
#4972 = DIRECTION('',(1.,0.,-0.));
#4973 = ADVANCED_FACE('',(#4974),#5006,.T.);
#4974 = FACE_BOUND('',#4975,.T.);
#4975 = EDGE_LOOP('',(#4976,#4977,#4985,#4993,#4999,#5000));
#4976 = ORIENTED_EDGE('',*,*,#3779,.T.);
#4977 = ORIENTED_EDGE('',*,*,#4978,.T.);
#4978 = EDGE_CURVE('',#3782,#4979,#4981,.T.);
#4979 = VERTEX_POINT('',#4980);
#4980 = CARTESIAN_POINT('',(12.638320774754,-0.3,-3.558028986476));
#4981 = LINE('',#4982,#4983);
#4982 = CARTESIAN_POINT('',(12.992333723589,-0.483018679286,
    -2.714186136031));
#4983 = VECTOR('',#4984,1.);
#4984 = DIRECTION('',(-0.379347351785,0.196116135138,-0.904231191804));
#4985 = ORIENTED_EDGE('',*,*,#4986,.T.);
#4986 = EDGE_CURVE('',#4979,#4987,#4989,.T.);
#4987 = VERTEX_POINT('',#4988);
#4988 = CARTESIAN_POINT('',(12.638320774754,0.3,-3.558028986476));
#4989 = LINE('',#4990,#4991);
#4990 = CARTESIAN_POINT('',(12.638320774754,-0.5,-3.558028986476));
#4991 = VECTOR('',#4992,1.);
#4992 = DIRECTION('',(0.,1.,0.));
#4993 = ORIENTED_EDGE('',*,*,#4994,.F.);
#4994 = EDGE_CURVE('',#3891,#4987,#4995,.T.);
#4995 = LINE('',#4996,#4997);
#4996 = CARTESIAN_POINT('',(12.992333723589,0.483018679286,
    -2.714186136031));
#4997 = VECTOR('',#4998,1.);
#4998 = DIRECTION('',(-0.379347351785,-0.196116135138,-0.904231191804));
#4999 = ORIENTED_EDGE('',*,*,#3888,.F.);
#5000 = ORIENTED_EDGE('',*,*,#5001,.F.);
#5001 = EDGE_CURVE('',#3780,#3889,#5002,.T.);
#5002 = LINE('',#5003,#5004);
#5003 = CARTESIAN_POINT('',(13.196712149806,-0.5,-2.227019566797));
#5004 = VECTOR('',#5005,1.);
#5005 = DIRECTION('',(0.,1.,0.));
#5006 = PLANE('',#5007);
#5007 = AXIS2_PLACEMENT_3D('',#5008,#5009,#5010);
#5008 = CARTESIAN_POINT('',(13.196712149806,0.,-2.227019566797));
#5009 = DIRECTION('',(0.922138498362,0.,-0.386859909837));
#5010 = DIRECTION('',(-0.386859909837,0.,-0.922138498362));
#5011 = ADVANCED_FACE('',(#5012),#5023,.T.);
#5012 = FACE_BOUND('',#5013,.T.);
#5013 = EDGE_LOOP('',(#5014,#5020,#5021,#5022));
#5014 = ORIENTED_EDGE('',*,*,#5015,.F.);
#5015 = EDGE_CURVE('',#3841,#3942,#5016,.T.);
#5016 = LINE('',#5017,#5018);
#5017 = CARTESIAN_POINT('',(13.188398757598,-0.5,-1.976797515196));
#5018 = VECTOR('',#5019,1.);
#5019 = DIRECTION('',(0.,1.,0.));
#5020 = ORIENTED_EDGE('',*,*,#3848,.T.);
#5021 = ORIENTED_EDGE('',*,*,#5001,.T.);
#5022 = ORIENTED_EDGE('',*,*,#3949,.F.);
#5023 = CYLINDRICAL_SURFACE('',#5024,0.3);
#5024 = AXIS2_PLACEMENT_3D('',#5025,#5026,#5027);
#5025 = CARTESIAN_POINT('',(12.920070600298,0.,-2.110961593846));
#5026 = DIRECTION('',(0.,1.,0.));
#5027 = DIRECTION('',(0.894427191,-0.,0.4472135955));
#5028 = ADVANCED_FACE('',(#5029),#5040,.T.);
#5029 = FACE_BOUND('',#5030,.T.);
#5030 = EDGE_LOOP('',(#5031,#5037,#5038,#5039));
#5031 = ORIENTED_EDGE('',*,*,#5032,.F.);
#5032 = EDGE_CURVE('',#3833,#3934,#5033,.T.);
#5033 = LINE('',#5034,#5035);
#5034 = CARTESIAN_POINT('',(12.55,-0.5,-0.7));
#5035 = VECTOR('',#5036,1.);
#5036 = DIRECTION('',(0.,1.,0.));
#5037 = ORIENTED_EDGE('',*,*,#3840,.T.);
#5038 = ORIENTED_EDGE('',*,*,#5015,.T.);
#5039 = ORIENTED_EDGE('',*,*,#3941,.F.);
#5040 = PLANE('',#5041);
#5041 = AXIS2_PLACEMENT_3D('',#5042,#5043,#5044);
#5042 = CARTESIAN_POINT('',(12.55,0.,-0.7));
#5043 = DIRECTION('',(0.894427191,0.,0.4472135955));
#5044 = DIRECTION('',(0.4472135955,0.,-0.894427191));
#5045 = ADVANCED_FACE('',(#5046),#5052,.T.);
#5046 = FACE_BOUND('',#5047,.T.);
#5047 = EDGE_LOOP('',(#5048,#5049,#5050,#5051));
#5048 = ORIENTED_EDGE('',*,*,#3865,.F.);
#5049 = ORIENTED_EDGE('',*,*,#3832,.T.);
#5050 = ORIENTED_EDGE('',*,*,#5032,.T.);
#5051 = ORIENTED_EDGE('',*,*,#3933,.F.);
#5052 = PLANE('',#5053);
#5053 = AXIS2_PLACEMENT_3D('',#5054,#5055,#5056);
#5054 = CARTESIAN_POINT('',(12.55,0.,0.7));
#5055 = DIRECTION('',(1.,0.,9.91270557701E-18));
#5056 = DIRECTION('',(9.91270557701E-18,0.,-1.));
#5057 = ADVANCED_FACE('',(#5058),#5069,.T.);
#5058 = FACE_BOUND('',#5059,.T.);
#5059 = EDGE_LOOP('',(#5060,#5066,#5067,#5068));
#5060 = ORIENTED_EDGE('',*,*,#5061,.F.);
#5061 = EDGE_CURVE('',#3798,#3907,#5062,.T.);
#5062 = LINE('',#5063,#5064);
#5063 = CARTESIAN_POINT('',(12.920070600298,-0.5,-2.110961593846));
#5064 = VECTOR('',#5065,1.);
#5065 = DIRECTION('',(0.,1.,0.));
#5066 = ORIENTED_EDGE('',*,*,#3805,.T.);
#5067 = ORIENTED_EDGE('',*,*,#4635,.T.);
#5068 = ORIENTED_EDGE('',*,*,#3914,.F.);
#5069 = PLANE('',#5070);
#5070 = AXIS2_PLACEMENT_3D('',#5071,#5072,#5073);
#5071 = CARTESIAN_POINT('',(12.920070600298,0.,-2.110961593846));
#5072 = DIRECTION('',(-0.894427191,-0.,-0.4472135955));
#5073 = DIRECTION('',(-0.4472135955,0.,0.894427191));
#5074 = ADVANCED_FACE('',(#5075),#5102,.T.);
#5075 = FACE_BOUND('',#5076,.T.);
#5076 = EDGE_LOOP('',(#5077,#5087,#5093,#5094,#5095,#5096));
#5077 = ORIENTED_EDGE('',*,*,#5078,.F.);
#5078 = EDGE_CURVE('',#5079,#5081,#5083,.T.);
#5079 = VERTEX_POINT('',#5080);
#5080 = CARTESIAN_POINT('',(12.361679225246,-0.3,-3.441971013524));
#5081 = VERTEX_POINT('',#5082);
#5082 = CARTESIAN_POINT('',(12.361679225246,0.3,-3.441971013524));
#5083 = LINE('',#5084,#5085);
#5084 = CARTESIAN_POINT('',(12.361679225246,-0.5,-3.441971013524));
#5085 = VECTOR('',#5086,1.);
#5086 = DIRECTION('',(0.,1.,0.));
#5087 = ORIENTED_EDGE('',*,*,#5088,.F.);
#5088 = EDGE_CURVE('',#3790,#5079,#5089,.T.);
#5089 = LINE('',#5090,#5091);
#5090 = CARTESIAN_POINT('',(12.447234782229,-0.344230769231,
    -3.238036537925));
#5091 = VECTOR('',#5092,1.);
#5092 = DIRECTION('',(-0.379347351785,0.196116135138,-0.904231191804));
#5093 = ORIENTED_EDGE('',*,*,#3797,.T.);
#5094 = ORIENTED_EDGE('',*,*,#5061,.T.);
#5095 = ORIENTED_EDGE('',*,*,#3906,.F.);
#5096 = ORIENTED_EDGE('',*,*,#5097,.T.);
#5097 = EDGE_CURVE('',#3899,#5081,#5098,.T.);
#5098 = LINE('',#5099,#5100);
#5099 = CARTESIAN_POINT('',(12.447234782229,0.344230769231,
    -3.238036537925));
#5100 = VECTOR('',#5101,1.);
#5101 = DIRECTION('',(-0.379347351785,-0.196116135138,-0.904231191804));
#5102 = PLANE('',#5103);
#5103 = AXIS2_PLACEMENT_3D('',#5104,#5105,#5106);
#5104 = CARTESIAN_POINT('',(12.361679225246,0.,-3.441971013524));
#5105 = DIRECTION('',(-0.922138498362,0.,0.386859909837));
#5106 = DIRECTION('',(0.386859909837,0.,0.922138498362));
#5107 = ADVANCED_FACE('',(#5108),#5119,.F.);
#5108 = FACE_BOUND('',#5109,.T.);
#5109 = EDGE_LOOP('',(#5110,#5111,#5112,#5113));
#5110 = ORIENTED_EDGE('',*,*,#4978,.F.);
#5111 = ORIENTED_EDGE('',*,*,#3789,.T.);
#5112 = ORIENTED_EDGE('',*,*,#5088,.T.);
#5113 = ORIENTED_EDGE('',*,*,#5114,.F.);
#5114 = EDGE_CURVE('',#4979,#5079,#5115,.T.);
#5115 = LINE('',#5116,#5117);
#5116 = CARTESIAN_POINT('',(12.638320774754,-0.3,-3.558028986476));
#5117 = VECTOR('',#5118,1.);
#5118 = DIRECTION('',(-0.922138498362,0.,0.386859909837));
#5119 = PLANE('',#5120);
#5120 = AXIS2_PLACEMENT_3D('',#5121,#5122,#5123);
#5121 = CARTESIAN_POINT('',(12.831750729673,-0.4,-3.096959737295));
#5122 = DIRECTION('',(7.586947035708E-02,0.980580675691,0.180846238361)
  );
#5123 = DIRECTION('',(0.922138498362,8.80823192162E-14,-0.386859909837)
  );
#5124 = ADVANCED_FACE('',(#5125),#5136,.T.);
#5125 = FACE_BOUND('',#5126,.F.);
#5126 = EDGE_LOOP('',(#5127,#5128,#5129,#5130));
#5127 = ORIENTED_EDGE('',*,*,#4994,.F.);
#5128 = ORIENTED_EDGE('',*,*,#3898,.T.);
#5129 = ORIENTED_EDGE('',*,*,#5097,.T.);
#5130 = ORIENTED_EDGE('',*,*,#5131,.F.);
#5131 = EDGE_CURVE('',#4987,#5081,#5132,.T.);
#5132 = LINE('',#5133,#5134);
#5133 = CARTESIAN_POINT('',(12.638320774754,0.3,-3.558028986476));
#5134 = VECTOR('',#5135,1.);
#5135 = DIRECTION('',(-0.922138498362,0.,0.386859909837));
#5136 = PLANE('',#5137);
#5137 = AXIS2_PLACEMENT_3D('',#5138,#5139,#5140);
#5138 = CARTESIAN_POINT('',(12.831750729673,0.4,-3.096959737295));
#5139 = DIRECTION('',(-7.586947035708E-02,0.980580675691,-0.180846238361
    ));
#5140 = DIRECTION('',(0.922138498362,-8.80823192162E-14,-0.386859909837)
  );
#5141 = ADVANCED_FACE('',(#5142),#5174,.T.);
#5142 = FACE_BOUND('',#5143,.T.);
#5143 = EDGE_LOOP('',(#5144,#5145,#5153,#5161,#5167,#5168));
#5144 = ORIENTED_EDGE('',*,*,#3979,.T.);
#5145 = ORIENTED_EDGE('',*,*,#5146,.T.);
#5146 = EDGE_CURVE('',#3982,#5147,#5149,.T.);
#5147 = VERTEX_POINT('',#5148);
#5148 = CARTESIAN_POINT('',(12.638320774754,-5.3,-3.558028986476));
#5149 = LINE('',#5150,#5151);
#5150 = CARTESIAN_POINT('',(12.992333723589,-5.483018679286,
    -2.714186136031));
#5151 = VECTOR('',#5152,1.);
#5152 = DIRECTION('',(-0.379347351785,0.196116135138,-0.904231191804));
#5153 = ORIENTED_EDGE('',*,*,#5154,.T.);
#5154 = EDGE_CURVE('',#5147,#5155,#5157,.T.);
#5155 = VERTEX_POINT('',#5156);
#5156 = CARTESIAN_POINT('',(12.638320774754,-4.7,-3.558028986476));
#5157 = LINE('',#5158,#5159);
#5158 = CARTESIAN_POINT('',(12.638320774754,-5.5,-3.558028986476));
#5159 = VECTOR('',#5160,1.);
#5160 = DIRECTION('',(0.,1.,0.));
#5161 = ORIENTED_EDGE('',*,*,#5162,.F.);
#5162 = EDGE_CURVE('',#4091,#5155,#5163,.T.);
#5163 = LINE('',#5164,#5165);
#5164 = CARTESIAN_POINT('',(12.992333723589,-4.516981320714,
    -2.714186136031));
#5165 = VECTOR('',#5166,1.);
#5166 = DIRECTION('',(-0.379347351785,-0.196116135138,-0.904231191804));
#5167 = ORIENTED_EDGE('',*,*,#4088,.F.);
#5168 = ORIENTED_EDGE('',*,*,#5169,.F.);
#5169 = EDGE_CURVE('',#3980,#4089,#5170,.T.);
#5170 = LINE('',#5171,#5172);
#5171 = CARTESIAN_POINT('',(13.196712149806,-5.5,-2.227019566797));
#5172 = VECTOR('',#5173,1.);
#5173 = DIRECTION('',(0.,1.,0.));
#5174 = PLANE('',#5175);
#5175 = AXIS2_PLACEMENT_3D('',#5176,#5177,#5178);
#5176 = CARTESIAN_POINT('',(13.196712149806,-5.,-2.227019566797));
#5177 = DIRECTION('',(0.922138498362,0.,-0.386859909837));
#5178 = DIRECTION('',(-0.386859909837,0.,-0.922138498362));
#5179 = ADVANCED_FACE('',(#5180),#5191,.T.);
#5180 = FACE_BOUND('',#5181,.T.);
#5181 = EDGE_LOOP('',(#5182,#5188,#5189,#5190));
#5182 = ORIENTED_EDGE('',*,*,#5183,.F.);
#5183 = EDGE_CURVE('',#4041,#4142,#5184,.T.);
#5184 = LINE('',#5185,#5186);
#5185 = CARTESIAN_POINT('',(13.188398757598,-5.5,-1.976797515196));
#5186 = VECTOR('',#5187,1.);
#5187 = DIRECTION('',(0.,1.,0.));
#5188 = ORIENTED_EDGE('',*,*,#4048,.T.);
#5189 = ORIENTED_EDGE('',*,*,#5169,.T.);
#5190 = ORIENTED_EDGE('',*,*,#4149,.F.);
#5191 = CYLINDRICAL_SURFACE('',#5192,0.3);
#5192 = AXIS2_PLACEMENT_3D('',#5193,#5194,#5195);
#5193 = CARTESIAN_POINT('',(12.920070600298,-5.,-2.110961593846));
#5194 = DIRECTION('',(0.,1.,0.));
#5195 = DIRECTION('',(0.894427191,-0.,0.4472135955));
#5196 = ADVANCED_FACE('',(#5197),#5208,.T.);
#5197 = FACE_BOUND('',#5198,.T.);
#5198 = EDGE_LOOP('',(#5199,#5205,#5206,#5207));
#5199 = ORIENTED_EDGE('',*,*,#5200,.F.);
#5200 = EDGE_CURVE('',#4033,#4134,#5201,.T.);
#5201 = LINE('',#5202,#5203);
#5202 = CARTESIAN_POINT('',(12.55,-5.5,-0.7));
#5203 = VECTOR('',#5204,1.);
#5204 = DIRECTION('',(0.,1.,0.));
#5205 = ORIENTED_EDGE('',*,*,#4040,.T.);
#5206 = ORIENTED_EDGE('',*,*,#5183,.T.);
#5207 = ORIENTED_EDGE('',*,*,#4141,.F.);
#5208 = PLANE('',#5209);
#5209 = AXIS2_PLACEMENT_3D('',#5210,#5211,#5212);
#5210 = CARTESIAN_POINT('',(12.55,-5.,-0.7));
#5211 = DIRECTION('',(0.894427191,0.,0.4472135955));
#5212 = DIRECTION('',(0.4472135955,0.,-0.894427191));
#5213 = ADVANCED_FACE('',(#5214),#5220,.T.);
#5214 = FACE_BOUND('',#5215,.T.);
#5215 = EDGE_LOOP('',(#5216,#5217,#5218,#5219));
#5216 = ORIENTED_EDGE('',*,*,#4065,.F.);
#5217 = ORIENTED_EDGE('',*,*,#4032,.T.);
#5218 = ORIENTED_EDGE('',*,*,#5200,.T.);
#5219 = ORIENTED_EDGE('',*,*,#4133,.F.);
#5220 = PLANE('',#5221);
#5221 = AXIS2_PLACEMENT_3D('',#5222,#5223,#5224);
#5222 = CARTESIAN_POINT('',(12.55,-5.,0.7));
#5223 = DIRECTION('',(1.,0.,9.91270557701E-18));
#5224 = DIRECTION('',(9.91270557701E-18,0.,-1.));
#5225 = ADVANCED_FACE('',(#5226),#5237,.T.);
#5226 = FACE_BOUND('',#5227,.T.);
#5227 = EDGE_LOOP('',(#5228,#5234,#5235,#5236));
#5228 = ORIENTED_EDGE('',*,*,#5229,.F.);
#5229 = EDGE_CURVE('',#3998,#4107,#5230,.T.);
#5230 = LINE('',#5231,#5232);
#5231 = CARTESIAN_POINT('',(12.920070600298,-5.5,-2.110961593846));
#5232 = VECTOR('',#5233,1.);
#5233 = DIRECTION('',(0.,1.,0.));
#5234 = ORIENTED_EDGE('',*,*,#4005,.T.);
#5235 = ORIENTED_EDGE('',*,*,#4164,.T.);
#5236 = ORIENTED_EDGE('',*,*,#4114,.F.);
#5237 = PLANE('',#5238);
#5238 = AXIS2_PLACEMENT_3D('',#5239,#5240,#5241);
#5239 = CARTESIAN_POINT('',(12.920070600298,-5.,-2.110961593846));
#5240 = DIRECTION('',(-0.894427191,-0.,-0.4472135955));
#5241 = DIRECTION('',(-0.4472135955,0.,0.894427191));
#5242 = ADVANCED_FACE('',(#5243),#5270,.T.);
#5243 = FACE_BOUND('',#5244,.T.);
#5244 = EDGE_LOOP('',(#5245,#5255,#5261,#5262,#5263,#5264));
#5245 = ORIENTED_EDGE('',*,*,#5246,.F.);
#5246 = EDGE_CURVE('',#5247,#5249,#5251,.T.);
#5247 = VERTEX_POINT('',#5248);
#5248 = CARTESIAN_POINT('',(12.361679225246,-5.3,-3.441971013524));
#5249 = VERTEX_POINT('',#5250);
#5250 = CARTESIAN_POINT('',(12.361679225246,-4.7,-3.441971013524));
#5251 = LINE('',#5252,#5253);
#5252 = CARTESIAN_POINT('',(12.361679225246,-5.5,-3.441971013524));
#5253 = VECTOR('',#5254,1.);
#5254 = DIRECTION('',(0.,1.,0.));
#5255 = ORIENTED_EDGE('',*,*,#5256,.F.);
#5256 = EDGE_CURVE('',#3990,#5247,#5257,.T.);
#5257 = LINE('',#5258,#5259);
#5258 = CARTESIAN_POINT('',(12.447234782229,-5.344230769231,
    -3.238036537925));
#5259 = VECTOR('',#5260,1.);
#5260 = DIRECTION('',(-0.379347351785,0.196116135138,-0.904231191804));
#5261 = ORIENTED_EDGE('',*,*,#3997,.T.);
#5262 = ORIENTED_EDGE('',*,*,#5229,.T.);
#5263 = ORIENTED_EDGE('',*,*,#4106,.F.);
#5264 = ORIENTED_EDGE('',*,*,#5265,.T.);
#5265 = EDGE_CURVE('',#4099,#5249,#5266,.T.);
#5266 = LINE('',#5267,#5268);
#5267 = CARTESIAN_POINT('',(12.447234782229,-4.655769230769,
    -3.238036537925));
#5268 = VECTOR('',#5269,1.);
#5269 = DIRECTION('',(-0.379347351785,-0.196116135138,-0.904231191804));
#5270 = PLANE('',#5271);
#5271 = AXIS2_PLACEMENT_3D('',#5272,#5273,#5274);
#5272 = CARTESIAN_POINT('',(12.361679225246,-5.,-3.441971013524));
#5273 = DIRECTION('',(-0.922138498362,0.,0.386859909837));
#5274 = DIRECTION('',(0.386859909837,0.,0.922138498362));
#5275 = ADVANCED_FACE('',(#5276),#5287,.F.);
#5276 = FACE_BOUND('',#5277,.T.);
#5277 = EDGE_LOOP('',(#5278,#5279,#5280,#5281));
#5278 = ORIENTED_EDGE('',*,*,#5146,.F.);
#5279 = ORIENTED_EDGE('',*,*,#3989,.T.);
#5280 = ORIENTED_EDGE('',*,*,#5256,.T.);
#5281 = ORIENTED_EDGE('',*,*,#5282,.F.);
#5282 = EDGE_CURVE('',#5147,#5247,#5283,.T.);
#5283 = LINE('',#5284,#5285);
#5284 = CARTESIAN_POINT('',(12.638320774754,-5.3,-3.558028986476));
#5285 = VECTOR('',#5286,1.);
#5286 = DIRECTION('',(-0.922138498362,0.,0.386859909837));
#5287 = PLANE('',#5288);
#5288 = AXIS2_PLACEMENT_3D('',#5289,#5290,#5291);
#5289 = CARTESIAN_POINT('',(12.831750729673,-5.4,-3.096959737295));
#5290 = DIRECTION('',(7.586947035708E-02,0.980580675691,0.180846238361)
  );
#5291 = DIRECTION('',(0.922138498362,8.80823192162E-14,-0.386859909837)
  );
#5292 = ADVANCED_FACE('',(#5293),#5304,.T.);
#5293 = FACE_BOUND('',#5294,.F.);
#5294 = EDGE_LOOP('',(#5295,#5296,#5297,#5298));
#5295 = ORIENTED_EDGE('',*,*,#5162,.F.);
#5296 = ORIENTED_EDGE('',*,*,#4098,.T.);
#5297 = ORIENTED_EDGE('',*,*,#5265,.T.);
#5298 = ORIENTED_EDGE('',*,*,#5299,.F.);
#5299 = EDGE_CURVE('',#5155,#5249,#5300,.T.);
#5300 = LINE('',#5301,#5302);
#5301 = CARTESIAN_POINT('',(12.638320774754,-4.7,-3.558028986476));
#5302 = VECTOR('',#5303,1.);
#5303 = DIRECTION('',(-0.922138498362,0.,0.386859909837));
#5304 = PLANE('',#5305);
#5305 = AXIS2_PLACEMENT_3D('',#5306,#5307,#5308);
#5306 = CARTESIAN_POINT('',(12.831750729673,-4.6,-3.096959737295));
#5307 = DIRECTION('',(-7.586947035708E-02,0.980580675691,-0.180846238361
    ));
#5308 = DIRECTION('',(0.922138498362,-8.80823192162E-14,-0.386859909837)
  );
#5309 = ADVANCED_FACE('',(#5310),#5321,.T.);
#5310 = FACE_BOUND('',#5311,.T.);
#5311 = EDGE_LOOP('',(#5312,#5318,#5319,#5320));
#5312 = ORIENTED_EDGE('',*,*,#5313,.F.);
#5313 = EDGE_CURVE('',#4309,#4233,#5314,.T.);
#5314 = LINE('',#5315,#5316);
#5315 = CARTESIAN_POINT('',(-0.420070600298,-4.5,-2.110961593846));
#5316 = VECTOR('',#5317,1.);
#5317 = DIRECTION('',(-1.224646799147E-16,-1.,0.));
#5318 = ORIENTED_EDGE('',*,*,#4316,.T.);
#5319 = ORIENTED_EDGE('',*,*,#4181,.T.);
#5320 = ORIENTED_EDGE('',*,*,#4240,.F.);
#5321 = PLANE('',#5322);
#5322 = AXIS2_PLACEMENT_3D('',#5323,#5324,#5325);
#5323 = CARTESIAN_POINT('',(-0.420070600298,-5.,-2.110961593846));
#5324 = DIRECTION('',(0.894427191,-1.095357396528E-16,-0.4472135955));
#5325 = DIRECTION('',(0.4472135955,-5.476786982641E-17,0.894427191));
#5326 = ADVANCED_FACE('',(#5327),#5359,.T.);
#5327 = FACE_BOUND('',#5328,.T.);
#5328 = EDGE_LOOP('',(#5329,#5330,#5338,#5346,#5352,#5353));
#5329 = ORIENTED_EDGE('',*,*,#4290,.T.);
#5330 = ORIENTED_EDGE('',*,*,#5331,.T.);
#5331 = EDGE_CURVE('',#4293,#5332,#5334,.T.);
#5332 = VERTEX_POINT('',#5333);
#5333 = CARTESIAN_POINT('',(-0.138320774754,-4.7,-3.558028986476));
#5334 = LINE('',#5335,#5336);
#5335 = CARTESIAN_POINT('',(-0.492333723589,-4.516981320714,
    -2.714186136031));
#5336 = VECTOR('',#5337,1.);
#5337 = DIRECTION('',(0.379347351785,-0.196116135138,-0.904231191804));
#5338 = ORIENTED_EDGE('',*,*,#5339,.T.);
#5339 = EDGE_CURVE('',#5332,#5340,#5342,.T.);
#5340 = VERTEX_POINT('',#5341);
#5341 = CARTESIAN_POINT('',(-0.138320774754,-5.3,-3.558028986476));
#5342 = LINE('',#5343,#5344);
#5343 = CARTESIAN_POINT('',(-0.138320774754,-4.5,-3.558028986476));
#5344 = VECTOR('',#5345,1.);
#5345 = DIRECTION('',(-1.224646799147E-16,-1.,0.));
#5346 = ORIENTED_EDGE('',*,*,#5347,.F.);
#5347 = EDGE_CURVE('',#4217,#5340,#5348,.T.);
#5348 = LINE('',#5349,#5350);
#5349 = CARTESIAN_POINT('',(-0.492333723589,-5.483018679286,
    -2.714186136031));
#5350 = VECTOR('',#5351,1.);
#5351 = DIRECTION('',(0.379347351785,0.196116135138,-0.904231191804));
#5352 = ORIENTED_EDGE('',*,*,#4214,.F.);
#5353 = ORIENTED_EDGE('',*,*,#5354,.F.);
#5354 = EDGE_CURVE('',#4291,#4215,#5355,.T.);
#5355 = LINE('',#5356,#5357);
#5356 = CARTESIAN_POINT('',(-0.696712149806,-4.5,-2.227019566797));
#5357 = VECTOR('',#5358,1.);
#5358 = DIRECTION('',(-1.224646799147E-16,-1.,0.));
#5359 = PLANE('',#5360);
#5360 = AXIS2_PLACEMENT_3D('',#5361,#5362,#5363);
#5361 = CARTESIAN_POINT('',(-0.696712149806,-5.,-2.227019566797));
#5362 = DIRECTION('',(-0.922138498362,1.129293960389E-16,-0.386859909837
    ));
#5363 = DIRECTION('',(0.386859909837,-4.737667502999E-17,-0.922138498362
    ));
#5364 = ADVANCED_FACE('',(#5365),#5376,.T.);
#5365 = FACE_BOUND('',#5366,.T.);
#5366 = EDGE_LOOP('',(#5367,#5373,#5374,#5375));
#5367 = ORIENTED_EDGE('',*,*,#5368,.F.);
#5368 = EDGE_CURVE('',#4344,#4268,#5369,.T.);
#5369 = LINE('',#5370,#5371);
#5370 = CARTESIAN_POINT('',(-0.688398757598,-4.5,-1.976797515196));
#5371 = VECTOR('',#5372,1.);
#5372 = DIRECTION('',(-1.224646799147E-16,-1.,0.));
#5373 = ORIENTED_EDGE('',*,*,#4351,.T.);
#5374 = ORIENTED_EDGE('',*,*,#5354,.T.);
#5375 = ORIENTED_EDGE('',*,*,#4275,.F.);
#5376 = CYLINDRICAL_SURFACE('',#5377,0.3);
#5377 = AXIS2_PLACEMENT_3D('',#5378,#5379,#5380);
#5378 = CARTESIAN_POINT('',(-0.420070600298,-5.,-2.110961593846));
#5379 = DIRECTION('',(-1.224646799147E-16,-1.,0.));
#5380 = DIRECTION('',(-0.894427191,1.095357396528E-16,0.4472135955));
#5381 = ADVANCED_FACE('',(#5382),#5393,.T.);
#5382 = FACE_BOUND('',#5383,.T.);
#5383 = EDGE_LOOP('',(#5384,#5390,#5391,#5392));
#5384 = ORIENTED_EDGE('',*,*,#5385,.F.);
#5385 = EDGE_CURVE('',#4336,#4260,#5386,.T.);
#5386 = LINE('',#5387,#5388);
#5387 = CARTESIAN_POINT('',(-5.E-02,-4.5,-0.7));
#5388 = VECTOR('',#5389,1.);
#5389 = DIRECTION('',(-1.224646799147E-16,-1.,0.));
#5390 = ORIENTED_EDGE('',*,*,#4343,.T.);
#5391 = ORIENTED_EDGE('',*,*,#5368,.T.);
#5392 = ORIENTED_EDGE('',*,*,#4267,.F.);
#5393 = PLANE('',#5394);
#5394 = AXIS2_PLACEMENT_3D('',#5395,#5396,#5397);
#5395 = CARTESIAN_POINT('',(-5.E-02,-5.,-0.7));
#5396 = DIRECTION('',(-0.894427191,1.095357396528E-16,0.4472135955));
#5397 = DIRECTION('',(-0.4472135955,5.476786982641E-17,-0.894427191));
#5398 = ADVANCED_FACE('',(#5399),#5405,.T.);
#5399 = FACE_BOUND('',#5400,.T.);
#5400 = EDGE_LOOP('',(#5401,#5402,#5403,#5404));
#5401 = ORIENTED_EDGE('',*,*,#4568,.F.);
#5402 = ORIENTED_EDGE('',*,*,#4335,.T.);
#5403 = ORIENTED_EDGE('',*,*,#5385,.T.);
#5404 = ORIENTED_EDGE('',*,*,#4259,.F.);
#5405 = PLANE('',#5406);
#5406 = AXIS2_PLACEMENT_3D('',#5407,#5408,#5409);
#5407 = CARTESIAN_POINT('',(-5.E-02,-5.,0.7));
#5408 = DIRECTION('',(-1.,1.224646799147E-16,9.91270557701E-18));
#5409 = DIRECTION('',(-9.91270557701E-18,1.213956315578E-33,-1.));
#5410 = ADVANCED_FACE('',(#5411),#5438,.T.);
#5411 = FACE_BOUND('',#5412,.T.);
#5412 = EDGE_LOOP('',(#5413,#5423,#5429,#5430,#5431,#5432));
#5413 = ORIENTED_EDGE('',*,*,#5414,.F.);
#5414 = EDGE_CURVE('',#5415,#5417,#5419,.T.);
#5415 = VERTEX_POINT('',#5416);
#5416 = CARTESIAN_POINT('',(0.138320774754,-4.7,-3.441971013524));
#5417 = VERTEX_POINT('',#5418);
#5418 = CARTESIAN_POINT('',(0.138320774754,-5.3,-3.441971013524));
#5419 = LINE('',#5420,#5421);
#5420 = CARTESIAN_POINT('',(0.138320774754,-4.5,-3.441971013524));
#5421 = VECTOR('',#5422,1.);
#5422 = DIRECTION('',(-1.224646799147E-16,-1.,0.));
#5423 = ORIENTED_EDGE('',*,*,#5424,.F.);
#5424 = EDGE_CURVE('',#4301,#5415,#5425,.T.);
#5425 = LINE('',#5426,#5427);
#5426 = CARTESIAN_POINT('',(5.276521777116E-02,-4.655769230769,
    -3.238036537925));
#5427 = VECTOR('',#5428,1.);
#5428 = DIRECTION('',(0.379347351785,-0.196116135138,-0.904231191804));
#5429 = ORIENTED_EDGE('',*,*,#4308,.T.);
#5430 = ORIENTED_EDGE('',*,*,#5313,.T.);
#5431 = ORIENTED_EDGE('',*,*,#4232,.F.);
#5432 = ORIENTED_EDGE('',*,*,#5433,.T.);
#5433 = EDGE_CURVE('',#4225,#5417,#5434,.T.);
#5434 = LINE('',#5435,#5436);
#5435 = CARTESIAN_POINT('',(5.276521777116E-02,-5.344230769231,
    -3.238036537925));
#5436 = VECTOR('',#5437,1.);
#5437 = DIRECTION('',(0.379347351785,0.196116135138,-0.904231191804));
#5438 = PLANE('',#5439);
#5439 = AXIS2_PLACEMENT_3D('',#5440,#5441,#5442);
#5440 = CARTESIAN_POINT('',(0.138320774754,-5.,-3.441971013524));
#5441 = DIRECTION('',(0.922138498362,-1.129293960389E-16,0.386859909837)
  );
#5442 = DIRECTION('',(-0.386859909837,4.737667502999E-17,0.922138498362)
  );
#5443 = ADVANCED_FACE('',(#5444),#5455,.T.);
#5444 = FACE_BOUND('',#5445,.F.);
#5445 = EDGE_LOOP('',(#5446,#5447,#5448,#5449));
#5446 = ORIENTED_EDGE('',*,*,#5347,.F.);
#5447 = ORIENTED_EDGE('',*,*,#4224,.T.);
#5448 = ORIENTED_EDGE('',*,*,#5433,.T.);
#5449 = ORIENTED_EDGE('',*,*,#5450,.F.);
#5450 = EDGE_CURVE('',#5340,#5417,#5451,.T.);
#5451 = LINE('',#5452,#5453);
#5452 = CARTESIAN_POINT('',(-0.138320774754,-5.3,-3.558028986476));
#5453 = VECTOR('',#5454,1.);
#5454 = DIRECTION('',(0.922138498362,-1.129293960389E-16,0.386859909837)
  );
#5455 = PLANE('',#5456);
#5456 = AXIS2_PLACEMENT_3D('',#5457,#5458,#5459);
#5457 = CARTESIAN_POINT('',(-0.331750729673,-5.4,-3.096959737295));
#5458 = DIRECTION('',(7.586947035708E-02,-0.980580675691,-0.180846238361
    ));
#5459 = DIRECTION('',(-0.922138498362,8.80823192162E-14,-0.386859909837)
  );
#5460 = ADVANCED_FACE('',(#5461),#5472,.F.);
#5461 = FACE_BOUND('',#5462,.T.);
#5462 = EDGE_LOOP('',(#5463,#5464,#5465,#5466));
#5463 = ORIENTED_EDGE('',*,*,#5331,.F.);
#5464 = ORIENTED_EDGE('',*,*,#4300,.T.);
#5465 = ORIENTED_EDGE('',*,*,#5424,.T.);
#5466 = ORIENTED_EDGE('',*,*,#5467,.F.);
#5467 = EDGE_CURVE('',#5332,#5415,#5468,.T.);
#5468 = LINE('',#5469,#5470);
#5469 = CARTESIAN_POINT('',(-0.138320774754,-4.7,-3.558028986476));
#5470 = VECTOR('',#5471,1.);
#5471 = DIRECTION('',(0.922138498362,-1.129293960389E-16,0.386859909837)
  );
#5472 = PLANE('',#5473);
#5473 = AXIS2_PLACEMENT_3D('',#5474,#5475,#5476);
#5474 = CARTESIAN_POINT('',(-0.331750729673,-4.6,-3.096959737295));
#5475 = DIRECTION('',(-7.586947035708E-02,-0.980580675691,0.180846238361
    ));
#5476 = DIRECTION('',(-0.922138498362,-8.80823192162E-14,-0.386859909837
    ));
#5477 = ADVANCED_FACE('',(#5478),#5510,.T.);
#5478 = FACE_BOUND('',#5479,.T.);
#5479 = EDGE_LOOP('',(#5480,#5481,#5489,#5497,#5503,#5504));
#5480 = ORIENTED_EDGE('',*,*,#4381,.T.);
#5481 = ORIENTED_EDGE('',*,*,#5482,.T.);
#5482 = EDGE_CURVE('',#4384,#5483,#5485,.T.);
#5483 = VERTEX_POINT('',#5484);
#5484 = CARTESIAN_POINT('',(-0.138320774754,0.3,-3.558028986476));
#5485 = LINE('',#5486,#5487);
#5486 = CARTESIAN_POINT('',(-0.492333723589,0.483018679286,
    -2.714186136031));
#5487 = VECTOR('',#5488,1.);
#5488 = DIRECTION('',(0.379347351785,-0.196116135138,-0.904231191804));
#5489 = ORIENTED_EDGE('',*,*,#5490,.T.);
#5490 = EDGE_CURVE('',#5483,#5491,#5493,.T.);
#5491 = VERTEX_POINT('',#5492);
#5492 = CARTESIAN_POINT('',(-0.138320774754,-0.3,-3.558028986476));
#5493 = LINE('',#5494,#5495);
#5494 = CARTESIAN_POINT('',(-0.138320774754,0.5,-3.558028986476));
#5495 = VECTOR('',#5496,1.);
#5496 = DIRECTION('',(-1.224646799147E-16,-1.,0.));
#5497 = ORIENTED_EDGE('',*,*,#5498,.F.);
#5498 = EDGE_CURVE('',#4493,#5491,#5499,.T.);
#5499 = LINE('',#5500,#5501);
#5500 = CARTESIAN_POINT('',(-0.492333723589,-0.483018679286,
    -2.714186136031));
#5501 = VECTOR('',#5502,1.);
#5502 = DIRECTION('',(0.379347351785,0.196116135138,-0.904231191804));
#5503 = ORIENTED_EDGE('',*,*,#4490,.F.);
#5504 = ORIENTED_EDGE('',*,*,#5505,.F.);
#5505 = EDGE_CURVE('',#4382,#4491,#5506,.T.);
#5506 = LINE('',#5507,#5508);
#5507 = CARTESIAN_POINT('',(-0.696712149806,0.5,-2.227019566797));
#5508 = VECTOR('',#5509,1.);
#5509 = DIRECTION('',(-1.224646799147E-16,-1.,0.));
#5510 = PLANE('',#5511);
#5511 = AXIS2_PLACEMENT_3D('',#5512,#5513,#5514);
#5512 = CARTESIAN_POINT('',(-0.696712149806,0.,-2.227019566797));
#5513 = DIRECTION('',(-0.922138498362,1.129293960389E-16,-0.386859909837
    ));
#5514 = DIRECTION('',(0.386859909837,-4.737667502999E-17,-0.922138498362
    ));
#5515 = ADVANCED_FACE('',(#5516),#5527,.T.);
#5516 = FACE_BOUND('',#5517,.T.);
#5517 = EDGE_LOOP('',(#5518,#5524,#5525,#5526));
#5518 = ORIENTED_EDGE('',*,*,#5519,.F.);
#5519 = EDGE_CURVE('',#4443,#4544,#5520,.T.);
#5520 = LINE('',#5521,#5522);
#5521 = CARTESIAN_POINT('',(-0.688398757598,0.5,-1.976797515196));
#5522 = VECTOR('',#5523,1.);
#5523 = DIRECTION('',(-1.224646799147E-16,-1.,0.));
#5524 = ORIENTED_EDGE('',*,*,#4450,.T.);
#5525 = ORIENTED_EDGE('',*,*,#5505,.T.);
#5526 = ORIENTED_EDGE('',*,*,#4551,.F.);
#5527 = CYLINDRICAL_SURFACE('',#5528,0.3);
#5528 = AXIS2_PLACEMENT_3D('',#5529,#5530,#5531);
#5529 = CARTESIAN_POINT('',(-0.420070600298,0.,-2.110961593846));
#5530 = DIRECTION('',(-1.224646799147E-16,-1.,0.));
#5531 = DIRECTION('',(-0.894427191,1.095357396528E-16,0.4472135955));
#5532 = ADVANCED_FACE('',(#5533),#5544,.T.);
#5533 = FACE_BOUND('',#5534,.T.);
#5534 = EDGE_LOOP('',(#5535,#5541,#5542,#5543));
#5535 = ORIENTED_EDGE('',*,*,#5536,.F.);
#5536 = EDGE_CURVE('',#4435,#4536,#5537,.T.);
#5537 = LINE('',#5538,#5539);
#5538 = CARTESIAN_POINT('',(-5.E-02,0.5,-0.7));
#5539 = VECTOR('',#5540,1.);
#5540 = DIRECTION('',(-1.224646799147E-16,-1.,0.));
#5541 = ORIENTED_EDGE('',*,*,#4442,.T.);
#5542 = ORIENTED_EDGE('',*,*,#5519,.T.);
#5543 = ORIENTED_EDGE('',*,*,#4543,.F.);
#5544 = PLANE('',#5545);
#5545 = AXIS2_PLACEMENT_3D('',#5546,#5547,#5548);
#5546 = CARTESIAN_POINT('',(-5.E-02,0.,-0.7));
#5547 = DIRECTION('',(-0.894427191,1.095357396528E-16,0.4472135955));
#5548 = DIRECTION('',(-0.4472135955,5.476786982641E-17,-0.894427191));
#5549 = ADVANCED_FACE('',(#5550),#5556,.T.);
#5550 = FACE_BOUND('',#5551,.T.);
#5551 = EDGE_LOOP('',(#5552,#5553,#5554,#5555));
#5552 = ORIENTED_EDGE('',*,*,#4467,.F.);
#5553 = ORIENTED_EDGE('',*,*,#4434,.T.);
#5554 = ORIENTED_EDGE('',*,*,#5536,.T.);
#5555 = ORIENTED_EDGE('',*,*,#4535,.F.);
#5556 = PLANE('',#5557);
#5557 = AXIS2_PLACEMENT_3D('',#5558,#5559,#5560);
#5558 = CARTESIAN_POINT('',(-5.E-02,0.,0.7));
#5559 = DIRECTION('',(-1.,1.224646799147E-16,9.91270557701E-18));
#5560 = DIRECTION('',(-9.91270557701E-18,1.213956315578E-33,-1.));
#5561 = ADVANCED_FACE('',(#5562),#5573,.T.);
#5562 = FACE_BOUND('',#5563,.T.);
#5563 = EDGE_LOOP('',(#5564,#5570,#5571,#5572));
#5564 = ORIENTED_EDGE('',*,*,#5565,.F.);
#5565 = EDGE_CURVE('',#4400,#4509,#5566,.T.);
#5566 = LINE('',#5567,#5568);
#5567 = CARTESIAN_POINT('',(-0.420070600298,0.5,-2.110961593846));
#5568 = VECTOR('',#5569,1.);
#5569 = DIRECTION('',(-1.224646799147E-16,-1.,0.));
#5570 = ORIENTED_EDGE('',*,*,#4407,.T.);
#5571 = ORIENTED_EDGE('',*,*,#4583,.T.);
#5572 = ORIENTED_EDGE('',*,*,#4516,.F.);
#5573 = PLANE('',#5574);
#5574 = AXIS2_PLACEMENT_3D('',#5575,#5576,#5577);
#5575 = CARTESIAN_POINT('',(-0.420070600298,0.,-2.110961593846));
#5576 = DIRECTION('',(0.894427191,-1.095357396528E-16,-0.4472135955));
#5577 = DIRECTION('',(0.4472135955,-5.476786982641E-17,0.894427191));
#5578 = ADVANCED_FACE('',(#5579),#5606,.T.);
#5579 = FACE_BOUND('',#5580,.T.);
#5580 = EDGE_LOOP('',(#5581,#5591,#5597,#5598,#5599,#5600));
#5581 = ORIENTED_EDGE('',*,*,#5582,.F.);
#5582 = EDGE_CURVE('',#5583,#5585,#5587,.T.);
#5583 = VERTEX_POINT('',#5584);
#5584 = CARTESIAN_POINT('',(0.138320774754,0.3,-3.441971013524));
#5585 = VERTEX_POINT('',#5586);
#5586 = CARTESIAN_POINT('',(0.138320774754,-0.3,-3.441971013524));
#5587 = LINE('',#5588,#5589);
#5588 = CARTESIAN_POINT('',(0.138320774754,0.5,-3.441971013524));
#5589 = VECTOR('',#5590,1.);
#5590 = DIRECTION('',(-1.224646799147E-16,-1.,0.));
#5591 = ORIENTED_EDGE('',*,*,#5592,.F.);
#5592 = EDGE_CURVE('',#4392,#5583,#5593,.T.);
#5593 = LINE('',#5594,#5595);
#5594 = CARTESIAN_POINT('',(5.276521777116E-02,0.344230769231,
    -3.238036537925));
#5595 = VECTOR('',#5596,1.);
#5596 = DIRECTION('',(0.379347351785,-0.196116135138,-0.904231191804));
#5597 = ORIENTED_EDGE('',*,*,#4399,.T.);
#5598 = ORIENTED_EDGE('',*,*,#5565,.T.);
#5599 = ORIENTED_EDGE('',*,*,#4508,.F.);
#5600 = ORIENTED_EDGE('',*,*,#5601,.T.);
#5601 = EDGE_CURVE('',#4501,#5585,#5602,.T.);
#5602 = LINE('',#5603,#5604);
#5603 = CARTESIAN_POINT('',(5.276521777116E-02,-0.344230769231,
    -3.238036537925));
#5604 = VECTOR('',#5605,1.);
#5605 = DIRECTION('',(0.379347351785,0.196116135138,-0.904231191804));
#5606 = PLANE('',#5607);
#5607 = AXIS2_PLACEMENT_3D('',#5608,#5609,#5610);
#5608 = CARTESIAN_POINT('',(0.138320774754,0.,-3.441971013524));
#5609 = DIRECTION('',(0.922138498362,-1.129293960389E-16,0.386859909837)
  );
#5610 = DIRECTION('',(-0.386859909837,4.737667502999E-17,0.922138498362)
  );
#5611 = ADVANCED_FACE('',(#5612),#5623,.F.);
#5612 = FACE_BOUND('',#5613,.T.);
#5613 = EDGE_LOOP('',(#5614,#5615,#5616,#5617));
#5614 = ORIENTED_EDGE('',*,*,#5482,.F.);
#5615 = ORIENTED_EDGE('',*,*,#4391,.T.);
#5616 = ORIENTED_EDGE('',*,*,#5592,.T.);
#5617 = ORIENTED_EDGE('',*,*,#5618,.F.);
#5618 = EDGE_CURVE('',#5483,#5583,#5619,.T.);
#5619 = LINE('',#5620,#5621);
#5620 = CARTESIAN_POINT('',(-0.138320774754,0.3,-3.558028986476));
#5621 = VECTOR('',#5622,1.);
#5622 = DIRECTION('',(0.922138498362,-1.129293960389E-16,0.386859909837)
  );
#5623 = PLANE('',#5624);
#5624 = AXIS2_PLACEMENT_3D('',#5625,#5626,#5627);
#5625 = CARTESIAN_POINT('',(-0.331750729673,0.4,-3.096959737295));
#5626 = DIRECTION('',(-7.586947035708E-02,-0.980580675691,0.180846238361
    ));
#5627 = DIRECTION('',(-0.922138498362,-8.80823192162E-14,-0.386859909837
    ));
#5628 = ADVANCED_FACE('',(#5629),#5640,.T.);
#5629 = FACE_BOUND('',#5630,.F.);
#5630 = EDGE_LOOP('',(#5631,#5632,#5633,#5634));
#5631 = ORIENTED_EDGE('',*,*,#5498,.F.);
#5632 = ORIENTED_EDGE('',*,*,#4500,.T.);
#5633 = ORIENTED_EDGE('',*,*,#5601,.T.);
#5634 = ORIENTED_EDGE('',*,*,#5635,.F.);
#5635 = EDGE_CURVE('',#5491,#5585,#5636,.T.);
#5636 = LINE('',#5637,#5638);
#5637 = CARTESIAN_POINT('',(-0.138320774754,-0.3,-3.558028986476));
#5638 = VECTOR('',#5639,1.);
#5639 = DIRECTION('',(0.922138498362,-1.129293960389E-16,0.386859909837)
  );
#5640 = PLANE('',#5641);
#5641 = AXIS2_PLACEMENT_3D('',#5642,#5643,#5644);
#5642 = CARTESIAN_POINT('',(-0.331750729673,-0.4,-3.096959737295));
#5643 = DIRECTION('',(7.586947035708E-02,-0.980580675691,-0.180846238361
    ));
#5644 = DIRECTION('',(-0.922138498362,8.80823192162E-14,-0.386859909837)
  );
#5645 = ADVANCED_FACE('',(#5646),#5666,.T.);
#5646 = FACE_BOUND('',#5647,.T.);
#5647 = EDGE_LOOP('',(#5648,#5657,#5658,#5659));
#5648 = ORIENTED_EDGE('',*,*,#5649,.F.);
#5649 = EDGE_CURVE('',#4829,#5650,#5652,.T.);
#5650 = VERTEX_POINT('',#5651);
#5651 = CARTESIAN_POINT('',(2.25,-6.75,4.));
#5652 = CIRCLE('',#5653,0.4);
#5653 = AXIS2_PLACEMENT_3D('',#5654,#5655,#5656);
#5654 = CARTESIAN_POINT('',(2.25,-6.75,3.6));
#5655 = DIRECTION('',(0.,-1.,0.));
#5656 = DIRECTION('',(1.,0.,0.));
#5657 = ORIENTED_EDGE('',*,*,#4836,.T.);
#5658 = ORIENTED_EDGE('',*,*,#5649,.T.);
#5659 = ORIENTED_EDGE('',*,*,#5660,.F.);
#5660 = EDGE_CURVE('',#5650,#5650,#5661,.T.);
#5661 = CIRCLE('',#5662,0.25);
#5662 = AXIS2_PLACEMENT_3D('',#5663,#5664,#5665);
#5663 = CARTESIAN_POINT('',(2.,-6.75,4.));
#5664 = DIRECTION('',(0.,0.,1.));
#5665 = DIRECTION('',(1.,0.,-0.));
#5666 = SURFACE_OF_REVOLUTION('',#5667,#5675);
#5667 = B_SPLINE_CURVE_WITH_KNOTS('',6,(#5668,#5669,#5670,#5671,#5672,
    #5673,#5674),.UNSPECIFIED.,.F.,.F.,(7,7),(0.,1.570796326795),
  .PIECEWISE_BEZIER_KNOTS.);
#5668 = CARTESIAN_POINT('',(2.65,-6.75,3.6));
#5669 = CARTESIAN_POINT('',(2.65,-6.75,3.70471975512));
#5670 = CARTESIAN_POINT('',(2.617108925592,-6.75,3.809430600282));
#5671 = CARTESIAN_POINT('',(2.551276059856,-6.75,3.901276059856));
#5672 = CARTESIAN_POINT('',(2.459430600282,-6.75,3.967108925592));
#5673 = CARTESIAN_POINT('',(2.35471975512,-6.75,4.));
#5674 = CARTESIAN_POINT('',(2.25,-6.75,4.));
#5675 = AXIS1_PLACEMENT('',#5676,#5677);
#5676 = CARTESIAN_POINT('',(2.,-6.75,3.6));
#5677 = DIRECTION('',(0.,0.,1.));
#5678 = ADVANCED_FACE('',(#5679),#5699,.T.);
#5679 = FACE_BOUND('',#5680,.T.);
#5680 = EDGE_LOOP('',(#5681,#5690,#5691,#5692));
#5681 = ORIENTED_EDGE('',*,*,#5682,.F.);
#5682 = EDGE_CURVE('',#4854,#5683,#5685,.T.);
#5683 = VERTEX_POINT('',#5684);
#5684 = CARTESIAN_POINT('',(10.75,-6.75,4.));
#5685 = CIRCLE('',#5686,0.4);
#5686 = AXIS2_PLACEMENT_3D('',#5687,#5688,#5689);
#5687 = CARTESIAN_POINT('',(10.75,-6.75,3.6));
#5688 = DIRECTION('',(0.,-1.,0.));
#5689 = DIRECTION('',(1.,0.,0.));
#5690 = ORIENTED_EDGE('',*,*,#4861,.T.);
#5691 = ORIENTED_EDGE('',*,*,#5682,.T.);
#5692 = ORIENTED_EDGE('',*,*,#5693,.F.);
#5693 = EDGE_CURVE('',#5683,#5683,#5694,.T.);
#5694 = CIRCLE('',#5695,0.25);
#5695 = AXIS2_PLACEMENT_3D('',#5696,#5697,#5698);
#5696 = CARTESIAN_POINT('',(10.5,-6.75,4.));
#5697 = DIRECTION('',(0.,0.,1.));
#5698 = DIRECTION('',(1.,0.,-0.));
#5699 = SURFACE_OF_REVOLUTION('',#5700,#5708);
#5700 = B_SPLINE_CURVE_WITH_KNOTS('',6,(#5701,#5702,#5703,#5704,#5705,
    #5706,#5707),.UNSPECIFIED.,.F.,.F.,(7,7),(0.,1.570796326795),
  .PIECEWISE_BEZIER_KNOTS.);
#5701 = CARTESIAN_POINT('',(11.15,-6.75,3.6));
#5702 = CARTESIAN_POINT('',(11.15,-6.75,3.70471975512));
#5703 = CARTESIAN_POINT('',(11.117108925592,-6.75,3.809430600282));
#5704 = CARTESIAN_POINT('',(11.051276059856,-6.75,3.901276059856));
#5705 = CARTESIAN_POINT('',(10.959430600282,-6.75,3.967108925592));
#5706 = CARTESIAN_POINT('',(10.85471975512,-6.75,4.));
#5707 = CARTESIAN_POINT('',(10.75,-6.75,4.));
#5708 = AXIS1_PLACEMENT('',#5709,#5710);
#5709 = CARTESIAN_POINT('',(10.5,-6.75,3.6));
#5710 = DIRECTION('',(0.,0.,1.));
#5711 = ADVANCED_FACE('',(#5712),#5732,.T.);
#5712 = FACE_BOUND('',#5713,.T.);
#5713 = EDGE_LOOP('',(#5714,#5723,#5724,#5725));
#5714 = ORIENTED_EDGE('',*,*,#5715,.F.);
#5715 = EDGE_CURVE('',#4879,#5716,#5718,.T.);
#5716 = VERTEX_POINT('',#5717);
#5717 = CARTESIAN_POINT('',(2.25,1.75,4.));
#5718 = CIRCLE('',#5719,0.4);
#5719 = AXIS2_PLACEMENT_3D('',#5720,#5721,#5722);
#5720 = CARTESIAN_POINT('',(2.25,1.75,3.6));
#5721 = DIRECTION('',(0.,-1.,0.));
#5722 = DIRECTION('',(1.,0.,0.));
#5723 = ORIENTED_EDGE('',*,*,#4886,.T.);
#5724 = ORIENTED_EDGE('',*,*,#5715,.T.);
#5725 = ORIENTED_EDGE('',*,*,#5726,.F.);
#5726 = EDGE_CURVE('',#5716,#5716,#5727,.T.);
#5727 = CIRCLE('',#5728,0.25);
#5728 = AXIS2_PLACEMENT_3D('',#5729,#5730,#5731);
#5729 = CARTESIAN_POINT('',(2.,1.75,4.));
#5730 = DIRECTION('',(0.,0.,1.));
#5731 = DIRECTION('',(1.,0.,-0.));
#5732 = SURFACE_OF_REVOLUTION('',#5733,#5741);
#5733 = B_SPLINE_CURVE_WITH_KNOTS('',6,(#5734,#5735,#5736,#5737,#5738,
    #5739,#5740),.UNSPECIFIED.,.F.,.F.,(7,7),(0.,1.570796326795),
  .PIECEWISE_BEZIER_KNOTS.);
#5734 = CARTESIAN_POINT('',(2.65,1.75,3.6));
#5735 = CARTESIAN_POINT('',(2.65,1.75,3.70471975512));
#5736 = CARTESIAN_POINT('',(2.617108925592,1.75,3.809430600282));
#5737 = CARTESIAN_POINT('',(2.551276059856,1.75,3.901276059856));
#5738 = CARTESIAN_POINT('',(2.459430600282,1.75,3.967108925592));
#5739 = CARTESIAN_POINT('',(2.35471975512,1.75,4.));
#5740 = CARTESIAN_POINT('',(2.25,1.75,4.));
#5741 = AXIS1_PLACEMENT('',#5742,#5743);
#5742 = CARTESIAN_POINT('',(2.,1.75,3.6));
#5743 = DIRECTION('',(0.,0.,1.));
#5744 = ADVANCED_FACE('',(#5745,#5748),#5759,.T.);
#5745 = FACE_BOUND('',#5746,.T.);
#5746 = EDGE_LOOP('',(#5747));
#5747 = ORIENTED_EDGE('',*,*,#4911,.T.);
#5748 = FACE_BOUND('',#5749,.T.);
#5749 = EDGE_LOOP('',(#5750));
#5750 = ORIENTED_EDGE('',*,*,#5751,.F.);
#5751 = EDGE_CURVE('',#5752,#5752,#5754,.T.);
#5752 = VERTEX_POINT('',#5753);
#5753 = CARTESIAN_POINT('',(9.75,-2.5,3.35));
#5754 = CIRCLE('',#5755,3.5);
#5755 = AXIS2_PLACEMENT_3D('',#5756,#5757,#5758);
#5756 = CARTESIAN_POINT('',(6.25,-2.5,3.35));
#5757 = DIRECTION('',(0.,0.,1.));
#5758 = DIRECTION('',(1.,0.,-0.));
#5759 = PLANE('',#5760);
#5760 = AXIS2_PLACEMENT_3D('',#5761,#5762,#5763);
#5761 = CARTESIAN_POINT('',(5.45,-8.5,3.35));
#5762 = DIRECTION('',(0.,0.,1.));
#5763 = DIRECTION('',(1.,0.,-0.));
#5764 = ADVANCED_FACE('',(#5765),#5785,.T.);
#5765 = FACE_BOUND('',#5766,.T.);
#5766 = EDGE_LOOP('',(#5767,#5776,#5777,#5778));
#5767 = ORIENTED_EDGE('',*,*,#5768,.F.);
#5768 = EDGE_CURVE('',#4929,#5769,#5771,.T.);
#5769 = VERTEX_POINT('',#5770);
#5770 = CARTESIAN_POINT('',(10.75,1.75,4.));
#5771 = CIRCLE('',#5772,0.4);
#5772 = AXIS2_PLACEMENT_3D('',#5773,#5774,#5775);
#5773 = CARTESIAN_POINT('',(10.75,1.75,3.6));
#5774 = DIRECTION('',(0.,-1.,0.));
#5775 = DIRECTION('',(1.,0.,0.));
#5776 = ORIENTED_EDGE('',*,*,#4936,.T.);
#5777 = ORIENTED_EDGE('',*,*,#5768,.T.);
#5778 = ORIENTED_EDGE('',*,*,#5779,.F.);
#5779 = EDGE_CURVE('',#5769,#5769,#5780,.T.);
#5780 = CIRCLE('',#5781,0.25);
#5781 = AXIS2_PLACEMENT_3D('',#5782,#5783,#5784);
#5782 = CARTESIAN_POINT('',(10.5,1.75,4.));
#5783 = DIRECTION('',(0.,0.,1.));
#5784 = DIRECTION('',(1.,0.,-0.));
#5785 = SURFACE_OF_REVOLUTION('',#5786,#5794);
#5786 = B_SPLINE_CURVE_WITH_KNOTS('',6,(#5787,#5788,#5789,#5790,#5791,
    #5792,#5793),.UNSPECIFIED.,.F.,.F.,(7,7),(0.,1.570796326795),
  .PIECEWISE_BEZIER_KNOTS.);
#5787 = CARTESIAN_POINT('',(11.15,1.75,3.6));
#5788 = CARTESIAN_POINT('',(11.15,1.75,3.70471975512));
#5789 = CARTESIAN_POINT('',(11.117108925592,1.75,3.809430600282));
#5790 = CARTESIAN_POINT('',(11.051276059856,1.75,3.901276059856));
#5791 = CARTESIAN_POINT('',(10.959430600282,1.75,3.967108925592));
#5792 = CARTESIAN_POINT('',(10.85471975512,1.75,4.));
#5793 = CARTESIAN_POINT('',(10.75,1.75,4.));
#5794 = AXIS1_PLACEMENT('',#5795,#5796);
#5795 = CARTESIAN_POINT('',(10.5,1.75,3.6));
#5796 = DIRECTION('',(0.,0.,1.));
#5797 = ADVANCED_FACE('',(#5798),#5804,.T.);
#5798 = FACE_BOUND('',#5799,.T.);
#5799 = EDGE_LOOP('',(#5800,#5801,#5802,#5803));
#5800 = ORIENTED_EDGE('',*,*,#4986,.F.);
#5801 = ORIENTED_EDGE('',*,*,#5114,.T.);
#5802 = ORIENTED_EDGE('',*,*,#5078,.T.);
#5803 = ORIENTED_EDGE('',*,*,#5131,.F.);
#5804 = PLANE('',#5805);
#5805 = AXIS2_PLACEMENT_3D('',#5806,#5807,#5808);
#5806 = CARTESIAN_POINT('',(12.638320774754,0.,-3.558028986476));
#5807 = DIRECTION('',(-0.386859909837,-0.,-0.922138498362));
#5808 = DIRECTION('',(-0.922138498362,0.,0.386859909837));
#5809 = ADVANCED_FACE('',(#5810),#5816,.T.);
#5810 = FACE_BOUND('',#5811,.T.);
#5811 = EDGE_LOOP('',(#5812,#5813,#5814,#5815));
#5812 = ORIENTED_EDGE('',*,*,#5154,.F.);
#5813 = ORIENTED_EDGE('',*,*,#5282,.T.);
#5814 = ORIENTED_EDGE('',*,*,#5246,.T.);
#5815 = ORIENTED_EDGE('',*,*,#5299,.F.);
#5816 = PLANE('',#5817);
#5817 = AXIS2_PLACEMENT_3D('',#5818,#5819,#5820);
#5818 = CARTESIAN_POINT('',(12.638320774754,-5.,-3.558028986476));
#5819 = DIRECTION('',(-0.386859909837,-0.,-0.922138498362));
#5820 = DIRECTION('',(-0.922138498362,0.,0.386859909837));
#5821 = ADVANCED_FACE('',(#5822),#5828,.T.);
#5822 = FACE_BOUND('',#5823,.T.);
#5823 = EDGE_LOOP('',(#5824,#5825,#5826,#5827));
#5824 = ORIENTED_EDGE('',*,*,#5339,.F.);
#5825 = ORIENTED_EDGE('',*,*,#5467,.T.);
#5826 = ORIENTED_EDGE('',*,*,#5414,.T.);
#5827 = ORIENTED_EDGE('',*,*,#5450,.F.);
#5828 = PLANE('',#5829);
#5829 = AXIS2_PLACEMENT_3D('',#5830,#5831,#5832);
#5830 = CARTESIAN_POINT('',(-0.138320774754,-5.,-3.558028986476));
#5831 = DIRECTION('',(0.386859909837,-4.737667502999E-17,-0.922138498362
    ));
#5832 = DIRECTION('',(0.922138498362,-1.129293960389E-16,0.386859909837)
  );
#5833 = ADVANCED_FACE('',(#5834),#5840,.T.);
#5834 = FACE_BOUND('',#5835,.T.);
#5835 = EDGE_LOOP('',(#5836,#5837,#5838,#5839));
#5836 = ORIENTED_EDGE('',*,*,#5490,.F.);
#5837 = ORIENTED_EDGE('',*,*,#5618,.T.);
#5838 = ORIENTED_EDGE('',*,*,#5582,.T.);
#5839 = ORIENTED_EDGE('',*,*,#5635,.F.);
#5840 = PLANE('',#5841);
#5841 = AXIS2_PLACEMENT_3D('',#5842,#5843,#5844);
#5842 = CARTESIAN_POINT('',(-0.138320774754,0.,-3.558028986476));
#5843 = DIRECTION('',(0.386859909837,-4.737667502999E-17,-0.922138498362
    ));
#5844 = DIRECTION('',(0.922138498362,-1.129293960389E-16,0.386859909837)
  );
#5845 = ADVANCED_FACE('',(#5846),#5849,.T.);
#5846 = FACE_BOUND('',#5847,.T.);
#5847 = EDGE_LOOP('',(#5848));
#5848 = ORIENTED_EDGE('',*,*,#5660,.T.);
#5849 = PLANE('',#5850);
#5850 = AXIS2_PLACEMENT_3D('',#5851,#5852,#5853);
#5851 = CARTESIAN_POINT('',(2.,-6.75,4.));
#5852 = DIRECTION('',(0.,0.,1.));
#5853 = DIRECTION('',(1.,0.,-0.));
#5854 = ADVANCED_FACE('',(#5855),#5858,.T.);
#5855 = FACE_BOUND('',#5856,.T.);
#5856 = EDGE_LOOP('',(#5857));
#5857 = ORIENTED_EDGE('',*,*,#5693,.T.);
#5858 = PLANE('',#5859);
#5859 = AXIS2_PLACEMENT_3D('',#5860,#5861,#5862);
#5860 = CARTESIAN_POINT('',(10.5,-6.75,4.));
#5861 = DIRECTION('',(0.,0.,1.));
#5862 = DIRECTION('',(1.,0.,-0.));
#5863 = ADVANCED_FACE('',(#5864),#5867,.T.);
#5864 = FACE_BOUND('',#5865,.T.);
#5865 = EDGE_LOOP('',(#5866));
#5866 = ORIENTED_EDGE('',*,*,#5726,.T.);
#5867 = PLANE('',#5868);
#5868 = AXIS2_PLACEMENT_3D('',#5869,#5870,#5871);
#5869 = CARTESIAN_POINT('',(2.,1.75,4.));
#5870 = DIRECTION('',(0.,0.,1.));
#5871 = DIRECTION('',(1.,0.,-0.));
#5872 = ADVANCED_FACE('',(#5873),#5892,.T.);
#5873 = FACE_BOUND('',#5874,.T.);
#5874 = EDGE_LOOP('',(#5875,#5883,#5884,#5885));
#5875 = ORIENTED_EDGE('',*,*,#5876,.F.);
#5876 = EDGE_CURVE('',#5752,#5877,#5879,.T.);
#5877 = VERTEX_POINT('',#5878);
#5878 = CARTESIAN_POINT('',(9.75,-2.5,8.3));
#5879 = LINE('',#5880,#5881);
#5880 = CARTESIAN_POINT('',(9.75,-2.5,3.35));
#5881 = VECTOR('',#5882,1.);
#5882 = DIRECTION('',(0.,0.,1.));
#5883 = ORIENTED_EDGE('',*,*,#5751,.T.);
#5884 = ORIENTED_EDGE('',*,*,#5876,.T.);
#5885 = ORIENTED_EDGE('',*,*,#5886,.F.);
#5886 = EDGE_CURVE('',#5877,#5877,#5887,.T.);
#5887 = CIRCLE('',#5888,3.5);
#5888 = AXIS2_PLACEMENT_3D('',#5889,#5890,#5891);
#5889 = CARTESIAN_POINT('',(6.25,-2.5,8.3));
#5890 = DIRECTION('',(0.,0.,1.));
#5891 = DIRECTION('',(1.,0.,-0.));
#5892 = CYLINDRICAL_SURFACE('',#5893,3.5);
#5893 = AXIS2_PLACEMENT_3D('',#5894,#5895,#5896);
#5894 = CARTESIAN_POINT('',(6.25,-2.5,3.35));
#5895 = DIRECTION('',(0.,0.,1.));
#5896 = DIRECTION('',(1.,0.,-0.));
#5897 = ADVANCED_FACE('',(#5898),#5901,.T.);
#5898 = FACE_BOUND('',#5899,.T.);
#5899 = EDGE_LOOP('',(#5900));
#5900 = ORIENTED_EDGE('',*,*,#5779,.T.);
#5901 = PLANE('',#5902);
#5902 = AXIS2_PLACEMENT_3D('',#5903,#5904,#5905);
#5903 = CARTESIAN_POINT('',(10.5,1.75,4.));
#5904 = DIRECTION('',(0.,0.,1.));
#5905 = DIRECTION('',(1.,0.,-0.));
#5906 = ADVANCED_FACE('',(#5907),#5927,.T.);
#5907 = FACE_BOUND('',#5908,.T.);
#5908 = EDGE_LOOP('',(#5909,#5918,#5919,#5920));
#5909 = ORIENTED_EDGE('',*,*,#5910,.F.);
#5910 = EDGE_CURVE('',#5877,#5911,#5913,.T.);
#5911 = VERTEX_POINT('',#5912);
#5912 = CARTESIAN_POINT('',(9.55,-2.5,8.5));
#5913 = CIRCLE('',#5914,0.2);
#5914 = AXIS2_PLACEMENT_3D('',#5915,#5916,#5917);
#5915 = CARTESIAN_POINT('',(9.55,-2.5,8.3));
#5916 = DIRECTION('',(0.,-1.,0.));
#5917 = DIRECTION('',(1.,0.,0.));
#5918 = ORIENTED_EDGE('',*,*,#5886,.T.);
#5919 = ORIENTED_EDGE('',*,*,#5910,.T.);
#5920 = ORIENTED_EDGE('',*,*,#5921,.F.);
#5921 = EDGE_CURVE('',#5911,#5911,#5922,.T.);
#5922 = CIRCLE('',#5923,3.3);
#5923 = AXIS2_PLACEMENT_3D('',#5924,#5925,#5926);
#5924 = CARTESIAN_POINT('',(6.25,-2.5,8.5));
#5925 = DIRECTION('',(0.,0.,1.));
#5926 = DIRECTION('',(1.,0.,-0.));
#5927 = TOROIDAL_SURFACE('',#5928,3.3,0.2);
#5928 = AXIS2_PLACEMENT_3D('',#5929,#5930,#5931);
#5929 = CARTESIAN_POINT('',(6.25,-2.5,8.3));
#5930 = DIRECTION('',(0.,0.,1.));
#5931 = DIRECTION('',(1.,0.,-0.));
#5932 = ADVANCED_FACE('',(#5933),#5936,.T.);
#5933 = FACE_BOUND('',#5934,.T.);
#5934 = EDGE_LOOP('',(#5935));
#5935 = ORIENTED_EDGE('',*,*,#5921,.T.);
#5936 = PLANE('',#5937);
#5937 = AXIS2_PLACEMENT_3D('',#5938,#5939,#5940);
#5938 = CARTESIAN_POINT('',(6.25,-2.5,8.5));
#5939 = DIRECTION('',(0.,0.,1.));
#5940 = DIRECTION('',(1.,0.,-0.));
#5941 = ( GEOMETRIC_REPRESENTATION_CONTEXT(3) 
GLOBAL_UNCERTAINTY_ASSIGNED_CONTEXT((#5945)) 
GLOBAL_UNIT_ASSIGNED_CONTEXT((#5942,#5943,#5944)) REPRESENTATION_CONTEXT
('Context #1','3D Context with UNIT and UNCERTAINTY') );
#5942 = ( LENGTH_UNIT() NAMED_UNIT(*) SI_UNIT(.MILLI.,.METRE.) );
#5943 = ( NAMED_UNIT(*) PLANE_ANGLE_UNIT() SI_UNIT($,.RADIAN.) );
#5944 = ( NAMED_UNIT(*) SI_UNIT($,.STERADIAN.) SOLID_ANGLE_UNIT() );
#5945 = UNCERTAINTY_MEASURE_WITH_UNIT(LENGTH_MEASURE(1.E-07),#5942,
  'distance_accuracy_value','confusion accuracy');
#5946 = CONTEXT_DEPENDENT_SHAPE_REPRESENTATION(#5947,#5949);
#5947 = ( REPRESENTATION_RELATIONSHIP('','',#1886,#1863) 
REPRESENTATION_RELATIONSHIP_WITH_TRANSFORMATION(#5948) 
SHAPE_REPRESENTATION_RELATIONSHIP() );
#5948 = ITEM_DEFINED_TRANSFORMATION('','',#11,#1864);
#5949 = PRODUCT_DEFINITION_SHAPE('Placement','Placement of an item',
  #5950);
#5950 = NEXT_ASSEMBLY_USAGE_OCCURRENCE('8','=>[0:1:1:7]','',#1858,#1881,
  $);
#5951 = PRODUCT_RELATED_PRODUCT_CATEGORY('part',$,(#1883));
#5952 = CONTEXT_DEPENDENT_SHAPE_REPRESENTATION(#5953,#5955);
#5953 = ( REPRESENTATION_RELATIONSHIP('','',#120,#10) 
REPRESENTATION_RELATIONSHIP_WITH_TRANSFORMATION(#5954) 
SHAPE_REPRESENTATION_RELATIONSHIP() );
#5954 = ITEM_DEFINED_TRANSFORMATION('','',#11,#39);
#5955 = PRODUCT_DEFINITION_SHAPE('Placement','Placement of an item',
  #5956);
#5956 = NEXT_ASSEMBLY_USAGE_OCCURRENCE('10','R10','',#5,#115,$);
#5957 = CONTEXT_DEPENDENT_SHAPE_REPRESENTATION(#5958,#5960);
#5958 = ( REPRESENTATION_RELATIONSHIP('','',#120,#10) 
REPRESENTATION_RELATIONSHIP_WITH_TRANSFORMATION(#5959) 
SHAPE_REPRESENTATION_RELATIONSHIP() );
#5959 = ITEM_DEFINED_TRANSFORMATION('','',#11,#43);
#5960 = PRODUCT_DEFINITION_SHAPE('Placement','Placement of an item',
  #5961);
#5961 = NEXT_ASSEMBLY_USAGE_OCCURRENCE('11','R3','',#5,#115,$);
#5962 = CONTEXT_DEPENDENT_SHAPE_REPRESENTATION(#5963,#5965);
#5963 = ( REPRESENTATION_RELATIONSHIP('','',#120,#10) 
REPRESENTATION_RELATIONSHIP_WITH_TRANSFORMATION(#5964) 
SHAPE_REPRESENTATION_RELATIONSHIP() );
#5964 = ITEM_DEFINED_TRANSFORMATION('','',#11,#47);
#5965 = PRODUCT_DEFINITION_SHAPE('Placement','Placement of an item',
  #5966);
#5966 = NEXT_ASSEMBLY_USAGE_OCCURRENCE('12','R11','',#5,#115,$);
#5967 = CONTEXT_DEPENDENT_SHAPE_REPRESENTATION(#5968,#5970);
#5968 = ( REPRESENTATION_RELATIONSHIP('','',#120,#10) 
REPRESENTATION_RELATIONSHIP_WITH_TRANSFORMATION(#5969) 
SHAPE_REPRESENTATION_RELATIONSHIP() );
#5969 = ITEM_DEFINED_TRANSFORMATION('','',#11,#51);
#5970 = PRODUCT_DEFINITION_SHAPE('Placement','Placement of an item',
  #5971);
#5971 = NEXT_ASSEMBLY_USAGE_OCCURRENCE('13','R9','',#5,#115,$);
#5972 = SHAPE_DEFINITION_REPRESENTATION(#5973,#5979);
#5973 = PRODUCT_DEFINITION_SHAPE('','',#5974);
#5974 = PRODUCT_DEFINITION('design','',#5975,#5978);
#5975 = PRODUCT_DEFINITION_FORMATION('','',#5976);
#5976 = PRODUCT('SOT-23','SOT-23','',(#5977));
#5977 = PRODUCT_CONTEXT('',#2,'mechanical');
#5978 = PRODUCT_DEFINITION_CONTEXT('part definition',#2,'design');
#5979 = SHAPE_REPRESENTATION('',(#11,#5980),#5984);
#5980 = AXIS2_PLACEMENT_3D('',#5981,#5982,#5983);
#5981 = CARTESIAN_POINT('',(0.,0.,0.));
#5982 = DIRECTION('',(0.,0.,1.));
#5983 = DIRECTION('',(1.,0.,-0.));
#5984 = ( GEOMETRIC_REPRESENTATION_CONTEXT(3) 
GLOBAL_UNCERTAINTY_ASSIGNED_CONTEXT((#5988)) 
GLOBAL_UNIT_ASSIGNED_CONTEXT((#5985,#5986,#5987)) REPRESENTATION_CONTEXT
('Context #1','3D Context with UNIT and UNCERTAINTY') );
#5985 = ( LENGTH_UNIT() NAMED_UNIT(*) SI_UNIT(.MILLI.,.METRE.) );
#5986 = ( NAMED_UNIT(*) PLANE_ANGLE_UNIT() SI_UNIT($,.RADIAN.) );
#5987 = ( NAMED_UNIT(*) SI_UNIT($,.STERADIAN.) SOLID_ANGLE_UNIT() );
#5988 = UNCERTAINTY_MEASURE_WITH_UNIT(LENGTH_MEASURE(1.E-07),#5985,
  'distance_accuracy_value','confusion accuracy');
#5989 = CONTEXT_DEPENDENT_SHAPE_REPRESENTATION(#5990,#5992);
#5990 = ( REPRESENTATION_RELATIONSHIP('','',#5979,#10) 
REPRESENTATION_RELATIONSHIP_WITH_TRANSFORMATION(#5991) 
SHAPE_REPRESENTATION_RELATIONSHIP() );
#5991 = ITEM_DEFINED_TRANSFORMATION('','',#11,#55);
#5992 = PRODUCT_DEFINITION_SHAPE('Placement','Placement of an item',
  #5993);
#5993 = NEXT_ASSEMBLY_USAGE_OCCURRENCE('15','Q2','',#5,#5974,$);
#5994 = PRODUCT_RELATED_PRODUCT_CATEGORY('part',$,(#5976));
#5995 = SHAPE_DEFINITION_REPRESENTATION(#5996,#6002);
#5996 = PRODUCT_DEFINITION_SHAPE('','',#5997);
#5997 = PRODUCT_DEFINITION('design','',#5998,#6001);
#5998 = PRODUCT_DEFINITION_FORMATION('','',#5999);
#5999 = PRODUCT('SOT-23','SOT-23','',(#6000));
#6000 = PRODUCT_CONTEXT('',#2,'mechanical');
#6001 = PRODUCT_DEFINITION_CONTEXT('part definition',#2,'design');
#6002 = ADVANCED_BREP_SHAPE_REPRESENTATION('',(#11,#6003),#7985);
#6003 = MANIFOLD_SOLID_BREP('',#6004);
#6004 = CLOSED_SHELL('',(#6005,#6043,#6106,#6129,#6158,#6181,#6236,#6275
    ,#6298,#6321,#6338,#6361,#6449,#6465,#6495,#6528,#6559,#6592,#6609,
    #6626,#6659,#6689,#6712,#6735,#6752,#6781,#6835,#6858,#6881,#6904,
    #6943,#6965,#7009,#7084,#7108,#7176,#7193,#7268,#7292,#7360,#7435,
    #7459,#7527,#7544,#7561,#7607,#7623,#7639,#7656,#7668,#7685,#7702,
    #7719,#7736,#7753,#7770,#7782,#7799,#7816,#7833,#7850,#7867,#7879,
    #7896,#7913,#7930,#7947,#7964,#7976));
#6005 = ADVANCED_FACE('',(#6006),#6038,.F.);
#6006 = FACE_BOUND('',#6007,.F.);
#6007 = EDGE_LOOP('',(#6008,#6018,#6025,#6033));
#6008 = ORIENTED_EDGE('',*,*,#6009,.T.);
#6009 = EDGE_CURVE('',#6010,#6012,#6014,.T.);
#6010 = VERTEX_POINT('',#6011);
#6011 = CARTESIAN_POINT('',(-0.571621551758,1.433243103516,0.1));
#6012 = VERTEX_POINT('',#6013);
#6013 = CARTESIAN_POINT('',(0.571621551758,1.433243103516,0.1));
#6014 = LINE('',#6015,#6016);
#6015 = CARTESIAN_POINT('',(-0.571621551758,1.433243103516,0.1));
#6016 = VECTOR('',#6017,1.);
#6017 = DIRECTION('',(1.,1.110223024625E-16,0.));
#6018 = ORIENTED_EDGE('',*,*,#6019,.T.);
#6019 = EDGE_CURVE('',#6012,#6020,#6022,.T.);
#6020 = VERTEX_POINT('',#6021);
#6021 = CARTESIAN_POINT('',(0.605,1.5,0.575));
#6022 = B_SPLINE_CURVE_WITH_KNOTS('',1,(#6023,#6024),.UNSPECIFIED.,.F.,
  .F.,(2,2),(0.,1.),.PIECEWISE_BEZIER_KNOTS.);
#6023 = CARTESIAN_POINT('',(0.571621551758,1.433243103516,0.1));
#6024 = CARTESIAN_POINT('',(0.605,1.5,0.575));
#6025 = ORIENTED_EDGE('',*,*,#6026,.F.);
#6026 = EDGE_CURVE('',#6027,#6020,#6029,.T.);
#6027 = VERTEX_POINT('',#6028);
#6028 = CARTESIAN_POINT('',(-0.605,1.5,0.575));
#6029 = LINE('',#6030,#6031);
#6030 = CARTESIAN_POINT('',(-0.605,1.5,0.575));
#6031 = VECTOR('',#6032,1.);
#6032 = DIRECTION('',(1.,1.110223024625E-16,0.));
#6033 = ORIENTED_EDGE('',*,*,#6034,.F.);
#6034 = EDGE_CURVE('',#6010,#6027,#6035,.T.);
#6035 = B_SPLINE_CURVE_WITH_KNOTS('',1,(#6036,#6037),.UNSPECIFIED.,.F.,
  .F.,(2,2),(0.,1.),.PIECEWISE_BEZIER_KNOTS.);
#6036 = CARTESIAN_POINT('',(-0.571621551758,1.433243103516,0.1));
#6037 = CARTESIAN_POINT('',(-0.605,1.5,0.575));
#6038 = B_SPLINE_SURFACE_WITH_KNOTS('',1,1,(
    (#6039,#6040)
    ,(#6041,#6042
    )),.UNSPECIFIED.,.F.,.F.,.F.,(2,2),(2,2),(0.,1.21),(0.,1.),
  .PIECEWISE_BEZIER_KNOTS.);
#6039 = CARTESIAN_POINT('',(-0.571621551758,1.433243103516,0.1));
#6040 = CARTESIAN_POINT('',(-0.605,1.5,0.575));
#6041 = CARTESIAN_POINT('',(0.571621551758,1.433243103516,0.1));
#6042 = CARTESIAN_POINT('',(0.605,1.5,0.575));
#6043 = ADVANCED_FACE('',(#6044),#6101,.T.);
#6044 = FACE_BOUND('',#6045,.T.);
#6045 = EDGE_LOOP('',(#6046,#6047,#6055,#6063,#6071,#6079,#6087,#6095));
#6046 = ORIENTED_EDGE('',*,*,#6009,.T.);
#6047 = ORIENTED_EDGE('',*,*,#6048,.T.);
#6048 = EDGE_CURVE('',#6012,#6049,#6051,.T.);
#6049 = VERTEX_POINT('',#6050);
#6050 = CARTESIAN_POINT('',(0.633243103516,1.371621551758,0.1));
#6051 = LINE('',#6052,#6053);
#6052 = CARTESIAN_POINT('',(0.571621551758,1.433243103516,0.1));
#6053 = VECTOR('',#6054,1.);
#6054 = DIRECTION('',(0.707106781187,-0.707106781187,0.));
#6055 = ORIENTED_EDGE('',*,*,#6056,.T.);
#6056 = EDGE_CURVE('',#6049,#6057,#6059,.T.);
#6057 = VERTEX_POINT('',#6058);
#6058 = CARTESIAN_POINT('',(0.633243103516,-1.371621551758,0.1));
#6059 = LINE('',#6060,#6061);
#6060 = CARTESIAN_POINT('',(0.633243103516,1.371621551758,0.1));
#6061 = VECTOR('',#6062,1.);
#6062 = DIRECTION('',(1.110223024625E-16,-1.,0.));
#6063 = ORIENTED_EDGE('',*,*,#6064,.T.);
#6064 = EDGE_CURVE('',#6057,#6065,#6067,.T.);
#6065 = VERTEX_POINT('',#6066);
#6066 = CARTESIAN_POINT('',(0.571621551758,-1.433243103516,0.1));
#6067 = LINE('',#6068,#6069);
#6068 = CARTESIAN_POINT('',(0.633243103516,-1.371621551758,0.1));
#6069 = VECTOR('',#6070,1.);
#6070 = DIRECTION('',(-0.707106781187,-0.707106781187,0.));
#6071 = ORIENTED_EDGE('',*,*,#6072,.T.);
#6072 = EDGE_CURVE('',#6065,#6073,#6075,.T.);
#6073 = VERTEX_POINT('',#6074);
#6074 = CARTESIAN_POINT('',(-0.571621551758,-1.433243103516,0.1));
#6075 = LINE('',#6076,#6077);
#6076 = CARTESIAN_POINT('',(0.571621551758,-1.433243103516,0.1));
#6077 = VECTOR('',#6078,1.);
#6078 = DIRECTION('',(-1.,-1.110223024625E-16,0.));
#6079 = ORIENTED_EDGE('',*,*,#6080,.T.);
#6080 = EDGE_CURVE('',#6073,#6081,#6083,.T.);
#6081 = VERTEX_POINT('',#6082);
#6082 = CARTESIAN_POINT('',(-0.633243103516,-1.371621551758,0.1));
#6083 = LINE('',#6084,#6085);
#6084 = CARTESIAN_POINT('',(-0.571621551758,-1.433243103516,0.1));
#6085 = VECTOR('',#6086,1.);
#6086 = DIRECTION('',(-0.707106781187,0.707106781187,0.));
#6087 = ORIENTED_EDGE('',*,*,#6088,.T.);
#6088 = EDGE_CURVE('',#6081,#6089,#6091,.T.);
#6089 = VERTEX_POINT('',#6090);
#6090 = CARTESIAN_POINT('',(-0.633243103516,1.371621551758,0.1));
#6091 = LINE('',#6092,#6093);
#6092 = CARTESIAN_POINT('',(-0.633243103516,-1.371621551758,0.1));
#6093 = VECTOR('',#6094,1.);
#6094 = DIRECTION('',(-1.110223024625E-16,1.,0.));
#6095 = ORIENTED_EDGE('',*,*,#6096,.T.);
#6096 = EDGE_CURVE('',#6089,#6010,#6097,.T.);
#6097 = LINE('',#6098,#6099);
#6098 = CARTESIAN_POINT('',(-0.633243103516,1.371621551758,0.1));
#6099 = VECTOR('',#6100,1.);
#6100 = DIRECTION('',(0.707106781187,0.707106781187,0.));
#6101 = PLANE('',#6102);
#6102 = AXIS2_PLACEMENT_3D('',#6103,#6104,#6105);
#6103 = CARTESIAN_POINT('',(-0.571621551758,1.433243103516,0.1));
#6104 = DIRECTION('',(0.,0.,-1.));
#6105 = DIRECTION('',(0.370454302632,-0.928850692879,0.));
#6106 = ADVANCED_FACE('',(#6107),#6124,.F.);
#6107 = FACE_BOUND('',#6108,.F.);
#6108 = EDGE_LOOP('',(#6109,#6110,#6117,#6123));
#6109 = ORIENTED_EDGE('',*,*,#6048,.T.);
#6110 = ORIENTED_EDGE('',*,*,#6111,.T.);
#6111 = EDGE_CURVE('',#6049,#6112,#6114,.T.);
#6112 = VERTEX_POINT('',#6113);
#6113 = CARTESIAN_POINT('',(0.7,1.405,0.575));
#6114 = B_SPLINE_CURVE_WITH_KNOTS('',1,(#6115,#6116),.UNSPECIFIED.,.F.,
  .F.,(2,2),(0.,1.),.PIECEWISE_BEZIER_KNOTS.);
#6115 = CARTESIAN_POINT('',(0.633243103516,1.371621551758,0.1));
#6116 = CARTESIAN_POINT('',(0.7,1.405,0.575));
#6117 = ORIENTED_EDGE('',*,*,#6118,.F.);
#6118 = EDGE_CURVE('',#6020,#6112,#6119,.T.);
#6119 = LINE('',#6120,#6121);
#6120 = CARTESIAN_POINT('',(0.605,1.5,0.575));
#6121 = VECTOR('',#6122,1.);
#6122 = DIRECTION('',(0.707106781187,-0.707106781187,0.));
#6123 = ORIENTED_EDGE('',*,*,#6019,.F.);
#6124 = B_SPLINE_SURFACE_WITH_KNOTS('',1,1,(
    (#6125,#6126)
    ,(#6127,#6128
    )),.UNSPECIFIED.,.F.,.F.,.F.,(2,2),(2,2),(0.,0.134350288425),(0.,1.)
  ,.PIECEWISE_BEZIER_KNOTS.);
#6125 = CARTESIAN_POINT('',(0.571621551758,1.433243103516,0.1));
#6126 = CARTESIAN_POINT('',(0.605,1.5,0.575));
#6127 = CARTESIAN_POINT('',(0.633243103516,1.371621551758,0.1));
#6128 = CARTESIAN_POINT('',(0.7,1.405,0.575));
#6129 = ADVANCED_FACE('',(#6130),#6153,.F.);
#6130 = FACE_BOUND('',#6131,.F.);
#6131 = EDGE_LOOP('',(#6132,#6133,#6140,#6148));
#6132 = ORIENTED_EDGE('',*,*,#6026,.T.);
#6133 = ORIENTED_EDGE('',*,*,#6134,.T.);
#6134 = EDGE_CURVE('',#6020,#6135,#6137,.T.);
#6135 = VERTEX_POINT('',#6136);
#6136 = CARTESIAN_POINT('',(0.605,1.5,0.725));
#6137 = B_SPLINE_CURVE_WITH_KNOTS('',1,(#6138,#6139),.UNSPECIFIED.,.F.,
  .F.,(2,2),(0.,1.),.PIECEWISE_BEZIER_KNOTS.);
#6138 = CARTESIAN_POINT('',(0.605,1.5,0.575));
#6139 = CARTESIAN_POINT('',(0.605,1.5,0.725));
#6140 = ORIENTED_EDGE('',*,*,#6141,.F.);
#6141 = EDGE_CURVE('',#6142,#6135,#6144,.T.);
#6142 = VERTEX_POINT('',#6143);
#6143 = CARTESIAN_POINT('',(-0.605,1.5,0.725));
#6144 = LINE('',#6145,#6146);
#6145 = CARTESIAN_POINT('',(-0.605,1.5,0.725));
#6146 = VECTOR('',#6147,1.);
#6147 = DIRECTION('',(1.,1.110223024625E-16,0.));
#6148 = ORIENTED_EDGE('',*,*,#6149,.F.);
#6149 = EDGE_CURVE('',#6027,#6142,#6150,.T.);
#6150 = B_SPLINE_CURVE_WITH_KNOTS('',1,(#6151,#6152),.UNSPECIFIED.,.F.,
  .F.,(2,2),(0.,1.),.PIECEWISE_BEZIER_KNOTS.);
#6151 = CARTESIAN_POINT('',(-0.605,1.5,0.575));
#6152 = CARTESIAN_POINT('',(-0.605,1.5,0.725));
#6153 = PLANE('',#6154);
#6154 = AXIS2_PLACEMENT_3D('',#6155,#6156,#6157);
#6155 = CARTESIAN_POINT('',(-0.605,1.5,0.725));
#6156 = DIRECTION('',(1.110223024625E-16,-1.,0.));
#6157 = DIRECTION('',(1.,1.110223024625E-16,0.));
#6158 = ADVANCED_FACE('',(#6159),#6176,.F.);
#6159 = FACE_BOUND('',#6160,.F.);
#6160 = EDGE_LOOP('',(#6161,#6162,#6163,#6171));
#6161 = ORIENTED_EDGE('',*,*,#6096,.T.);
#6162 = ORIENTED_EDGE('',*,*,#6034,.T.);
#6163 = ORIENTED_EDGE('',*,*,#6164,.F.);
#6164 = EDGE_CURVE('',#6165,#6027,#6167,.T.);
#6165 = VERTEX_POINT('',#6166);
#6166 = CARTESIAN_POINT('',(-0.7,1.405,0.575));
#6167 = LINE('',#6168,#6169);
#6168 = CARTESIAN_POINT('',(-0.7,1.405,0.575));
#6169 = VECTOR('',#6170,1.);
#6170 = DIRECTION('',(0.707106781187,0.707106781187,0.));
#6171 = ORIENTED_EDGE('',*,*,#6172,.F.);
#6172 = EDGE_CURVE('',#6089,#6165,#6173,.T.);
#6173 = B_SPLINE_CURVE_WITH_KNOTS('',1,(#6174,#6175),.UNSPECIFIED.,.F.,
  .F.,(2,2),(0.,1.),.PIECEWISE_BEZIER_KNOTS.);
#6174 = CARTESIAN_POINT('',(-0.633243103516,1.371621551758,0.1));
#6175 = CARTESIAN_POINT('',(-0.7,1.405,0.575));
#6176 = B_SPLINE_SURFACE_WITH_KNOTS('',1,1,(
    (#6177,#6178)
    ,(#6179,#6180
    )),.UNSPECIFIED.,.F.,.F.,.F.,(2,2),(2,2),(0.,0.134350288425),(0.,1.)
  ,.PIECEWISE_BEZIER_KNOTS.);
#6177 = CARTESIAN_POINT('',(-0.633243103516,1.371621551758,0.1));
#6178 = CARTESIAN_POINT('',(-0.7,1.405,0.575));
#6179 = CARTESIAN_POINT('',(-0.571621551758,1.433243103516,0.1));
#6180 = CARTESIAN_POINT('',(-0.605,1.5,0.575));
#6181 = ADVANCED_FACE('',(#6182),#6231,.F.);
#6182 = FACE_BOUND('',#6183,.F.);
#6183 = EDGE_LOOP('',(#6184,#6185,#6186,#6194,#6202,#6210,#6218,#6226));
#6184 = ORIENTED_EDGE('',*,*,#6088,.T.);
#6185 = ORIENTED_EDGE('',*,*,#6172,.T.);
#6186 = ORIENTED_EDGE('',*,*,#6187,.F.);
#6187 = EDGE_CURVE('',#6188,#6165,#6190,.T.);
#6188 = VERTEX_POINT('',#6189);
#6189 = CARTESIAN_POINT('',(-0.7,1.15,0.575));
#6190 = LINE('',#6191,#6192);
#6191 = CARTESIAN_POINT('',(-0.7,-1.405,0.575));
#6192 = VECTOR('',#6193,1.);
#6193 = DIRECTION('',(-1.110223024625E-16,1.,0.));
#6194 = ORIENTED_EDGE('',*,*,#6195,.F.);
#6195 = EDGE_CURVE('',#6196,#6188,#6198,.T.);
#6196 = VERTEX_POINT('',#6197);
#6197 = CARTESIAN_POINT('',(-0.7,0.75,0.575));
#6198 = LINE('',#6199,#6200);
#6199 = CARTESIAN_POINT('',(-0.7,0.75,0.575));
#6200 = VECTOR('',#6201,1.);
#6201 = DIRECTION('',(1.144237745222E-17,1.,0.));
#6202 = ORIENTED_EDGE('',*,*,#6203,.F.);
#6203 = EDGE_CURVE('',#6204,#6196,#6206,.T.);
#6204 = VERTEX_POINT('',#6205);
#6205 = CARTESIAN_POINT('',(-0.7,-0.75,0.575));
#6206 = LINE('',#6207,#6208);
#6207 = CARTESIAN_POINT('',(-0.7,-1.405,0.575));
#6208 = VECTOR('',#6209,1.);
#6209 = DIRECTION('',(-1.110223024625E-16,1.,0.));
#6210 = ORIENTED_EDGE('',*,*,#6211,.F.);
#6211 = EDGE_CURVE('',#6212,#6204,#6214,.T.);
#6212 = VERTEX_POINT('',#6213);
#6213 = CARTESIAN_POINT('',(-0.7,-1.15,0.575));
#6214 = LINE('',#6215,#6216);
#6215 = CARTESIAN_POINT('',(-0.7,-1.15,0.575));
#6216 = VECTOR('',#6217,1.);
#6217 = DIRECTION('',(1.144237745222E-17,1.,0.));
#6218 = ORIENTED_EDGE('',*,*,#6219,.F.);
#6219 = EDGE_CURVE('',#6220,#6212,#6222,.T.);
#6220 = VERTEX_POINT('',#6221);
#6221 = CARTESIAN_POINT('',(-0.7,-1.405,0.575));
#6222 = LINE('',#6223,#6224);
#6223 = CARTESIAN_POINT('',(-0.7,-1.405,0.575));
#6224 = VECTOR('',#6225,1.);
#6225 = DIRECTION('',(-1.110223024625E-16,1.,0.));
#6226 = ORIENTED_EDGE('',*,*,#6227,.F.);
#6227 = EDGE_CURVE('',#6081,#6220,#6228,.T.);
#6228 = B_SPLINE_CURVE_WITH_KNOTS('',1,(#6229,#6230),.UNSPECIFIED.,.F.,
  .F.,(2,2),(0.,1.),.PIECEWISE_BEZIER_KNOTS.);
#6229 = CARTESIAN_POINT('',(-0.633243103516,-1.371621551758,0.1));
#6230 = CARTESIAN_POINT('',(-0.7,-1.405,0.575));
#6231 = B_SPLINE_SURFACE_WITH_KNOTS('',1,1,(
    (#6232,#6233)
    ,(#6234,#6235
    )),.UNSPECIFIED.,.F.,.F.,.F.,(2,2),(2,2),(0.,2.81),(0.,1.),
  .PIECEWISE_BEZIER_KNOTS.);
#6232 = CARTESIAN_POINT('',(-0.633243103516,-1.371621551758,0.1));
#6233 = CARTESIAN_POINT('',(-0.7,-1.405,0.575));
#6234 = CARTESIAN_POINT('',(-0.633243103516,1.371621551758,0.1));
#6235 = CARTESIAN_POINT('',(-0.7,1.405,0.575));
#6236 = ADVANCED_FACE('',(#6237),#6270,.F.);
#6237 = FACE_BOUND('',#6238,.F.);
#6238 = EDGE_LOOP('',(#6239,#6240,#6247,#6255,#6263,#6269));
#6239 = ORIENTED_EDGE('',*,*,#6056,.T.);
#6240 = ORIENTED_EDGE('',*,*,#6241,.T.);
#6241 = EDGE_CURVE('',#6057,#6242,#6244,.T.);
#6242 = VERTEX_POINT('',#6243);
#6243 = CARTESIAN_POINT('',(0.7,-1.405,0.575));
#6244 = B_SPLINE_CURVE_WITH_KNOTS('',1,(#6245,#6246),.UNSPECIFIED.,.F.,
  .F.,(2,2),(0.,1.),.PIECEWISE_BEZIER_KNOTS.);
#6245 = CARTESIAN_POINT('',(0.633243103516,-1.371621551758,0.1));
#6246 = CARTESIAN_POINT('',(0.7,-1.405,0.575));
#6247 = ORIENTED_EDGE('',*,*,#6248,.F.);
#6248 = EDGE_CURVE('',#6249,#6242,#6251,.T.);
#6249 = VERTEX_POINT('',#6250);
#6250 = CARTESIAN_POINT('',(0.7,-0.2,0.575));
#6251 = LINE('',#6252,#6253);
#6252 = CARTESIAN_POINT('',(0.7,1.405,0.575));
#6253 = VECTOR('',#6254,1.);
#6254 = DIRECTION('',(1.110223024625E-16,-1.,0.));
#6255 = ORIENTED_EDGE('',*,*,#6256,.F.);
#6256 = EDGE_CURVE('',#6257,#6249,#6259,.T.);
#6257 = VERTEX_POINT('',#6258);
#6258 = CARTESIAN_POINT('',(0.7,0.2,0.575));
#6259 = LINE('',#6260,#6261);
#6260 = CARTESIAN_POINT('',(0.7,0.2,0.575));
#6261 = VECTOR('',#6262,1.);
#6262 = DIRECTION('',(1.110223024625E-16,-1.,0.));
#6263 = ORIENTED_EDGE('',*,*,#6264,.F.);
#6264 = EDGE_CURVE('',#6112,#6257,#6265,.T.);
#6265 = LINE('',#6266,#6267);
#6266 = CARTESIAN_POINT('',(0.7,1.405,0.575));
#6267 = VECTOR('',#6268,1.);
#6268 = DIRECTION('',(1.110223024625E-16,-1.,0.));
#6269 = ORIENTED_EDGE('',*,*,#6111,.F.);
#6270 = B_SPLINE_SURFACE_WITH_KNOTS('',1,1,(
    (#6271,#6272)
    ,(#6273,#6274
    )),.UNSPECIFIED.,.F.,.F.,.F.,(2,2),(2,2),(0.,2.81),(0.,1.),
  .PIECEWISE_BEZIER_KNOTS.);
#6271 = CARTESIAN_POINT('',(0.633243103516,1.371621551758,0.1));
#6272 = CARTESIAN_POINT('',(0.7,1.405,0.575));
#6273 = CARTESIAN_POINT('',(0.633243103516,-1.371621551758,0.1));
#6274 = CARTESIAN_POINT('',(0.7,-1.405,0.575));
#6275 = ADVANCED_FACE('',(#6276),#6293,.F.);
#6276 = FACE_BOUND('',#6277,.F.);
#6277 = EDGE_LOOP('',(#6278,#6279,#6280,#6288));
#6278 = ORIENTED_EDGE('',*,*,#6080,.T.);
#6279 = ORIENTED_EDGE('',*,*,#6227,.T.);
#6280 = ORIENTED_EDGE('',*,*,#6281,.F.);
#6281 = EDGE_CURVE('',#6282,#6220,#6284,.T.);
#6282 = VERTEX_POINT('',#6283);
#6283 = CARTESIAN_POINT('',(-0.605,-1.5,0.575));
#6284 = LINE('',#6285,#6286);
#6285 = CARTESIAN_POINT('',(-0.605,-1.5,0.575));
#6286 = VECTOR('',#6287,1.);
#6287 = DIRECTION('',(-0.707106781187,0.707106781187,0.));
#6288 = ORIENTED_EDGE('',*,*,#6289,.F.);
#6289 = EDGE_CURVE('',#6073,#6282,#6290,.T.);
#6290 = B_SPLINE_CURVE_WITH_KNOTS('',1,(#6291,#6292),.UNSPECIFIED.,.F.,
  .F.,(2,2),(0.,1.),.PIECEWISE_BEZIER_KNOTS.);
#6291 = CARTESIAN_POINT('',(-0.571621551758,-1.433243103516,0.1));
#6292 = CARTESIAN_POINT('',(-0.605,-1.5,0.575));
#6293 = B_SPLINE_SURFACE_WITH_KNOTS('',1,1,(
    (#6294,#6295)
    ,(#6296,#6297
    )),.UNSPECIFIED.,.F.,.F.,.F.,(2,2),(2,2),(0.,0.134350288425),(0.,1.)
  ,.PIECEWISE_BEZIER_KNOTS.);
#6294 = CARTESIAN_POINT('',(-0.571621551758,-1.433243103516,0.1));
#6295 = CARTESIAN_POINT('',(-0.605,-1.5,0.575));
#6296 = CARTESIAN_POINT('',(-0.633243103516,-1.371621551758,0.1));
#6297 = CARTESIAN_POINT('',(-0.7,-1.405,0.575));
#6298 = ADVANCED_FACE('',(#6299),#6316,.F.);
#6299 = FACE_BOUND('',#6300,.F.);
#6300 = EDGE_LOOP('',(#6301,#6302,#6309,#6315));
#6301 = ORIENTED_EDGE('',*,*,#6064,.T.);
#6302 = ORIENTED_EDGE('',*,*,#6303,.T.);
#6303 = EDGE_CURVE('',#6065,#6304,#6306,.T.);
#6304 = VERTEX_POINT('',#6305);
#6305 = CARTESIAN_POINT('',(0.605,-1.5,0.575));
#6306 = B_SPLINE_CURVE_WITH_KNOTS('',1,(#6307,#6308),.UNSPECIFIED.,.F.,
  .F.,(2,2),(0.,1.),.PIECEWISE_BEZIER_KNOTS.);
#6307 = CARTESIAN_POINT('',(0.571621551758,-1.433243103516,0.1));
#6308 = CARTESIAN_POINT('',(0.605,-1.5,0.575));
#6309 = ORIENTED_EDGE('',*,*,#6310,.F.);
#6310 = EDGE_CURVE('',#6242,#6304,#6311,.T.);
#6311 = LINE('',#6312,#6313);
#6312 = CARTESIAN_POINT('',(0.7,-1.405,0.575));
#6313 = VECTOR('',#6314,1.);
#6314 = DIRECTION('',(-0.707106781187,-0.707106781187,0.));
#6315 = ORIENTED_EDGE('',*,*,#6241,.F.);
#6316 = B_SPLINE_SURFACE_WITH_KNOTS('',1,1,(
    (#6317,#6318)
    ,(#6319,#6320
    )),.UNSPECIFIED.,.F.,.F.,.F.,(2,2),(2,2),(0.,0.134350288425),(0.,1.)
  ,.PIECEWISE_BEZIER_KNOTS.);
#6317 = CARTESIAN_POINT('',(0.633243103516,-1.371621551758,0.1));
#6318 = CARTESIAN_POINT('',(0.7,-1.405,0.575));
#6319 = CARTESIAN_POINT('',(0.571621551758,-1.433243103516,0.1));
#6320 = CARTESIAN_POINT('',(0.605,-1.5,0.575));
#6321 = ADVANCED_FACE('',(#6322),#6333,.F.);
#6322 = FACE_BOUND('',#6323,.F.);
#6323 = EDGE_LOOP('',(#6324,#6325,#6326,#6332));
#6324 = ORIENTED_EDGE('',*,*,#6072,.T.);
#6325 = ORIENTED_EDGE('',*,*,#6289,.T.);
#6326 = ORIENTED_EDGE('',*,*,#6327,.F.);
#6327 = EDGE_CURVE('',#6304,#6282,#6328,.T.);
#6328 = LINE('',#6329,#6330);
#6329 = CARTESIAN_POINT('',(0.605,-1.5,0.575));
#6330 = VECTOR('',#6331,1.);
#6331 = DIRECTION('',(-1.,-1.110223024625E-16,0.));
#6332 = ORIENTED_EDGE('',*,*,#6303,.F.);
#6333 = B_SPLINE_SURFACE_WITH_KNOTS('',1,1,(
    (#6334,#6335)
    ,(#6336,#6337
    )),.UNSPECIFIED.,.F.,.F.,.F.,(2,2),(2,2),(0.,1.21),(0.,1.),
  .PIECEWISE_BEZIER_KNOTS.);
#6334 = CARTESIAN_POINT('',(0.571621551758,-1.433243103516,0.1));
#6335 = CARTESIAN_POINT('',(0.605,-1.5,0.575));
#6336 = CARTESIAN_POINT('',(-0.571621551758,-1.433243103516,0.1));
#6337 = CARTESIAN_POINT('',(-0.605,-1.5,0.575));
#6338 = ADVANCED_FACE('',(#6339),#6356,.F.);
#6339 = FACE_BOUND('',#6340,.F.);
#6340 = EDGE_LOOP('',(#6341,#6342,#6349,#6355));
#6341 = ORIENTED_EDGE('',*,*,#6118,.T.);
#6342 = ORIENTED_EDGE('',*,*,#6343,.T.);
#6343 = EDGE_CURVE('',#6112,#6344,#6346,.T.);
#6344 = VERTEX_POINT('',#6345);
#6345 = CARTESIAN_POINT('',(0.7,1.405,0.725));
#6346 = B_SPLINE_CURVE_WITH_KNOTS('',1,(#6347,#6348),.UNSPECIFIED.,.F.,
  .F.,(2,2),(0.,1.),.PIECEWISE_BEZIER_KNOTS.);
#6347 = CARTESIAN_POINT('',(0.7,1.405,0.575));
#6348 = CARTESIAN_POINT('',(0.7,1.405,0.725));
#6349 = ORIENTED_EDGE('',*,*,#6350,.F.);
#6350 = EDGE_CURVE('',#6135,#6344,#6351,.T.);
#6351 = LINE('',#6352,#6353);
#6352 = CARTESIAN_POINT('',(0.605,1.5,0.725));
#6353 = VECTOR('',#6354,1.);
#6354 = DIRECTION('',(0.707106781187,-0.707106781187,0.));
#6355 = ORIENTED_EDGE('',*,*,#6134,.F.);
#6356 = PLANE('',#6357);
#6357 = AXIS2_PLACEMENT_3D('',#6358,#6359,#6360);
#6358 = CARTESIAN_POINT('',(0.605,1.5,0.725));
#6359 = DIRECTION('',(-0.707106781187,-0.707106781187,0.));
#6360 = DIRECTION('',(0.707106781187,-0.707106781187,0.));
#6361 = ADVANCED_FACE('',(#6362),#6444,.F.);
#6362 = FACE_BOUND('',#6363,.F.);
#6363 = EDGE_LOOP('',(#6364,#6372,#6373,#6374,#6382,#6390,#6398,#6406,
    #6414,#6422,#6430,#6438));
#6364 = ORIENTED_EDGE('',*,*,#6365,.T.);
#6365 = EDGE_CURVE('',#6366,#6142,#6368,.T.);
#6366 = VERTEX_POINT('',#6367);
#6367 = CARTESIAN_POINT('',(-0.7,1.405,0.725));
#6368 = LINE('',#6369,#6370);
#6369 = CARTESIAN_POINT('',(-0.7,1.405,0.725));
#6370 = VECTOR('',#6371,1.);
#6371 = DIRECTION('',(0.707106781187,0.707106781187,0.));
#6372 = ORIENTED_EDGE('',*,*,#6141,.T.);
#6373 = ORIENTED_EDGE('',*,*,#6350,.T.);
#6374 = ORIENTED_EDGE('',*,*,#6375,.T.);
#6375 = EDGE_CURVE('',#6344,#6376,#6378,.T.);
#6376 = VERTEX_POINT('',#6377);
#6377 = CARTESIAN_POINT('',(0.7,0.2,0.725));
#6378 = LINE('',#6379,#6380);
#6379 = CARTESIAN_POINT('',(0.7,1.405,0.725));
#6380 = VECTOR('',#6381,1.);
#6381 = DIRECTION('',(1.110223024625E-16,-1.,0.));
#6382 = ORIENTED_EDGE('',*,*,#6383,.T.);
#6383 = EDGE_CURVE('',#6376,#6384,#6386,.T.);
#6384 = VERTEX_POINT('',#6385);
#6385 = CARTESIAN_POINT('',(0.675,0.2,0.725));
#6386 = LINE('',#6387,#6388);
#6387 = CARTESIAN_POINT('',(0.7,0.2,0.725));
#6388 = VECTOR('',#6389,1.);
#6389 = DIRECTION('',(-1.,-1.110223024625E-16,0.));
#6390 = ORIENTED_EDGE('',*,*,#6391,.F.);
#6391 = EDGE_CURVE('',#6392,#6384,#6394,.T.);
#6392 = VERTEX_POINT('',#6393);
#6393 = CARTESIAN_POINT('',(0.675,1.3925,0.725));
#6394 = LINE('',#6395,#6396);
#6395 = CARTESIAN_POINT('',(0.675,1.3925,0.725));
#6396 = VECTOR('',#6397,1.);
#6397 = DIRECTION('',(1.110223024625E-16,-1.,0.));
#6398 = ORIENTED_EDGE('',*,*,#6399,.F.);
#6399 = EDGE_CURVE('',#6400,#6392,#6402,.T.);
#6400 = VERTEX_POINT('',#6401);
#6401 = CARTESIAN_POINT('',(0.5925,1.475,0.725));
#6402 = LINE('',#6403,#6404);
#6403 = CARTESIAN_POINT('',(0.5925,1.475,0.725));
#6404 = VECTOR('',#6405,1.);
#6405 = DIRECTION('',(0.707106781187,-0.707106781187,0.));
#6406 = ORIENTED_EDGE('',*,*,#6407,.F.);
#6407 = EDGE_CURVE('',#6408,#6400,#6410,.T.);
#6408 = VERTEX_POINT('',#6409);
#6409 = CARTESIAN_POINT('',(-0.5925,1.475,0.725));
#6410 = LINE('',#6411,#6412);
#6411 = CARTESIAN_POINT('',(-0.5925,1.475,0.725));
#6412 = VECTOR('',#6413,1.);
#6413 = DIRECTION('',(1.,1.110223024625E-16,0.));
#6414 = ORIENTED_EDGE('',*,*,#6415,.F.);
#6415 = EDGE_CURVE('',#6416,#6408,#6418,.T.);
#6416 = VERTEX_POINT('',#6417);
#6417 = CARTESIAN_POINT('',(-0.675,1.3925,0.725));
#6418 = LINE('',#6419,#6420);
#6419 = CARTESIAN_POINT('',(-0.675,1.3925,0.725));
#6420 = VECTOR('',#6421,1.);
#6421 = DIRECTION('',(0.707106781187,0.707106781187,0.));
#6422 = ORIENTED_EDGE('',*,*,#6423,.F.);
#6423 = EDGE_CURVE('',#6424,#6416,#6426,.T.);
#6424 = VERTEX_POINT('',#6425);
#6425 = CARTESIAN_POINT('',(-0.675,1.15,0.725));
#6426 = LINE('',#6427,#6428);
#6427 = CARTESIAN_POINT('',(-0.675,-1.3925,0.725));
#6428 = VECTOR('',#6429,1.);
#6429 = DIRECTION('',(-1.110223024625E-16,1.,0.));
#6430 = ORIENTED_EDGE('',*,*,#6431,.F.);
#6431 = EDGE_CURVE('',#6432,#6424,#6434,.T.);
#6432 = VERTEX_POINT('',#6433);
#6433 = CARTESIAN_POINT('',(-0.7,1.15,0.725));
#6434 = LINE('',#6435,#6436);
#6435 = CARTESIAN_POINT('',(-0.7,1.15,0.725));
#6436 = VECTOR('',#6437,1.);
#6437 = DIRECTION('',(1.,-1.144237745222E-17,0.));
#6438 = ORIENTED_EDGE('',*,*,#6439,.T.);
#6439 = EDGE_CURVE('',#6432,#6366,#6440,.T.);
#6440 = LINE('',#6441,#6442);
#6441 = CARTESIAN_POINT('',(-0.7,-1.405,0.725));
#6442 = VECTOR('',#6443,1.);
#6443 = DIRECTION('',(-1.110223024625E-16,1.,0.));
#6444 = PLANE('',#6445);
#6445 = AXIS2_PLACEMENT_3D('',#6446,#6447,#6448);
#6446 = CARTESIAN_POINT('',(-1.486299604971E-16,1.4875,0.725));
#6447 = DIRECTION('',(1.022886882533E-31,-6.310887241768E-27,-1.));
#6448 = DIRECTION('',(1.,1.217738924546E-16,1.022886882525E-31));
#6449 = ADVANCED_FACE('',(#6450),#6460,.F.);
#6450 = FACE_BOUND('',#6451,.F.);
#6451 = EDGE_LOOP('',(#6452,#6453,#6454,#6455));
#6452 = ORIENTED_EDGE('',*,*,#6164,.T.);
#6453 = ORIENTED_EDGE('',*,*,#6149,.T.);
#6454 = ORIENTED_EDGE('',*,*,#6365,.F.);
#6455 = ORIENTED_EDGE('',*,*,#6456,.F.);
#6456 = EDGE_CURVE('',#6165,#6366,#6457,.T.);
#6457 = B_SPLINE_CURVE_WITH_KNOTS('',1,(#6458,#6459),.UNSPECIFIED.,.F.,
  .F.,(2,2),(0.,1.),.PIECEWISE_BEZIER_KNOTS.);
#6458 = CARTESIAN_POINT('',(-0.7,1.405,0.575));
#6459 = CARTESIAN_POINT('',(-0.7,1.405,0.725));
#6460 = PLANE('',#6461);
#6461 = AXIS2_PLACEMENT_3D('',#6462,#6463,#6464);
#6462 = CARTESIAN_POINT('',(-0.7,1.405,0.725));
#6463 = DIRECTION('',(0.707106781187,-0.707106781187,0.));
#6464 = DIRECTION('',(0.707106781187,0.707106781187,0.));
#6465 = ADVANCED_FACE('',(#6466),#6490,.F.);
#6466 = FACE_BOUND('',#6467,.F.);
#6467 = EDGE_LOOP('',(#6468,#6475,#6476,#6484));
#6468 = ORIENTED_EDGE('',*,*,#6469,.F.);
#6469 = EDGE_CURVE('',#6220,#6470,#6472,.T.);
#6470 = VERTEX_POINT('',#6471);
#6471 = CARTESIAN_POINT('',(-0.7,-1.405,0.725));
#6472 = B_SPLINE_CURVE_WITH_KNOTS('',1,(#6473,#6474),.UNSPECIFIED.,.F.,
  .F.,(2,2),(0.,1.),.PIECEWISE_BEZIER_KNOTS.);
#6473 = CARTESIAN_POINT('',(-0.7,-1.405,0.575));
#6474 = CARTESIAN_POINT('',(-0.7,-1.405,0.725));
#6475 = ORIENTED_EDGE('',*,*,#6219,.T.);
#6476 = ORIENTED_EDGE('',*,*,#6477,.T.);
#6477 = EDGE_CURVE('',#6212,#6478,#6480,.T.);
#6478 = VERTEX_POINT('',#6479);
#6479 = CARTESIAN_POINT('',(-0.7,-1.15,0.725));
#6480 = LINE('',#6481,#6482);
#6481 = CARTESIAN_POINT('',(-0.7,-1.15,0.529763586955));
#6482 = VECTOR('',#6483,1.);
#6483 = DIRECTION('',(0.,0.,1.));
#6484 = ORIENTED_EDGE('',*,*,#6485,.F.);
#6485 = EDGE_CURVE('',#6470,#6478,#6486,.T.);
#6486 = LINE('',#6487,#6488);
#6487 = CARTESIAN_POINT('',(-0.7,-1.405,0.725));
#6488 = VECTOR('',#6489,1.);
#6489 = DIRECTION('',(-1.110223024625E-16,1.,0.));
#6490 = PLANE('',#6491);
#6491 = AXIS2_PLACEMENT_3D('',#6492,#6493,#6494);
#6492 = CARTESIAN_POINT('',(-0.7,-1.405,0.725));
#6493 = DIRECTION('',(1.,1.110223024625E-16,0.));
#6494 = DIRECTION('',(-1.110223024625E-16,1.,0.));
#6495 = ADVANCED_FACE('',(#6496),#6523,.F.);
#6496 = FACE_BOUND('',#6497,.F.);
#6497 = EDGE_LOOP('',(#6498,#6499,#6508,#6516));
#6498 = ORIENTED_EDGE('',*,*,#6211,.T.);
#6499 = ORIENTED_EDGE('',*,*,#6500,.T.);
#6500 = EDGE_CURVE('',#6204,#6501,#6503,.T.);
#6501 = VERTEX_POINT('',#6502);
#6502 = CARTESIAN_POINT('',(-0.798480775301,-0.75,0.492364817767));
#6503 = CIRCLE('',#6504,0.1);
#6504 = AXIS2_PLACEMENT_3D('',#6505,#6506,#6507);
#6505 = CARTESIAN_POINT('',(-0.7,-0.75,0.475));
#6506 = DIRECTION('',(-1.144237745222E-17,-1.,-5.473822126269E-48));
#6507 = DIRECTION('',(2.22044604925E-15,-2.540718180781E-32,1.));
#6508 = ORIENTED_EDGE('',*,*,#6509,.F.);
#6509 = EDGE_CURVE('',#6510,#6501,#6512,.T.);
#6510 = VERTEX_POINT('',#6511);
#6511 = CARTESIAN_POINT('',(-0.798480775301,-1.15,0.492364817767));
#6512 = LINE('',#6513,#6514);
#6513 = CARTESIAN_POINT('',(-0.798480775301,-1.15,0.492364817767));
#6514 = VECTOR('',#6515,1.);
#6515 = DIRECTION('',(1.144237745222E-17,1.,0.));
#6516 = ORIENTED_EDGE('',*,*,#6517,.F.);
#6517 = EDGE_CURVE('',#6212,#6510,#6518,.T.);
#6518 = CIRCLE('',#6519,0.1);
#6519 = AXIS2_PLACEMENT_3D('',#6520,#6521,#6522);
#6520 = CARTESIAN_POINT('',(-0.7,-1.15,0.475));
#6521 = DIRECTION('',(-1.144237745222E-17,-1.,-5.473822126269E-48));
#6522 = DIRECTION('',(2.22044604925E-15,-2.540718180781E-32,1.));
#6523 = CYLINDRICAL_SURFACE('',#6524,0.1);
#6524 = AXIS2_PLACEMENT_3D('',#6525,#6526,#6527);
#6525 = CARTESIAN_POINT('',(-0.7,-1.15,0.475));
#6526 = DIRECTION('',(-1.144237745222E-17,-1.,0.));
#6527 = DIRECTION('',(2.22044604925E-15,-2.540718180781E-32,1.));
#6528 = ADVANCED_FACE('',(#6529),#6554,.F.);
#6529 = FACE_BOUND('',#6530,.F.);
#6530 = EDGE_LOOP('',(#6531,#6539,#6540,#6548));
#6531 = ORIENTED_EDGE('',*,*,#6532,.F.);
#6532 = EDGE_CURVE('',#6204,#6533,#6535,.T.);
#6533 = VERTEX_POINT('',#6534);
#6534 = CARTESIAN_POINT('',(-0.7,-0.75,0.725));
#6535 = LINE('',#6536,#6537);
#6536 = CARTESIAN_POINT('',(-0.7,-0.75,0.529763586955));
#6537 = VECTOR('',#6538,1.);
#6538 = DIRECTION('',(0.,0.,1.));
#6539 = ORIENTED_EDGE('',*,*,#6203,.T.);
#6540 = ORIENTED_EDGE('',*,*,#6541,.T.);
#6541 = EDGE_CURVE('',#6196,#6542,#6544,.T.);
#6542 = VERTEX_POINT('',#6543);
#6543 = CARTESIAN_POINT('',(-0.7,0.75,0.725));
#6544 = LINE('',#6545,#6546);
#6545 = CARTESIAN_POINT('',(-0.7,0.75,0.529763586955));
#6546 = VECTOR('',#6547,1.);
#6547 = DIRECTION('',(0.,0.,1.));
#6548 = ORIENTED_EDGE('',*,*,#6549,.F.);
#6549 = EDGE_CURVE('',#6533,#6542,#6550,.T.);
#6550 = LINE('',#6551,#6552);
#6551 = CARTESIAN_POINT('',(-0.7,-1.405,0.725));
#6552 = VECTOR('',#6553,1.);
#6553 = DIRECTION('',(-1.110223024625E-16,1.,0.));
#6554 = PLANE('',#6555);
#6555 = AXIS2_PLACEMENT_3D('',#6556,#6557,#6558);
#6556 = CARTESIAN_POINT('',(-0.7,-1.405,0.725));
#6557 = DIRECTION('',(1.,1.110223024625E-16,0.));
#6558 = DIRECTION('',(-1.110223024625E-16,1.,0.));
#6559 = ADVANCED_FACE('',(#6560),#6587,.F.);
#6560 = FACE_BOUND('',#6561,.F.);
#6561 = EDGE_LOOP('',(#6562,#6563,#6572,#6580));
#6562 = ORIENTED_EDGE('',*,*,#6195,.T.);
#6563 = ORIENTED_EDGE('',*,*,#6564,.T.);
#6564 = EDGE_CURVE('',#6188,#6565,#6567,.T.);
#6565 = VERTEX_POINT('',#6566);
#6566 = CARTESIAN_POINT('',(-0.798480775301,1.15,0.492364817767));
#6567 = CIRCLE('',#6568,0.1);
#6568 = AXIS2_PLACEMENT_3D('',#6569,#6570,#6571);
#6569 = CARTESIAN_POINT('',(-0.7,1.15,0.475));
#6570 = DIRECTION('',(-1.144237745222E-17,-1.,-5.473822126269E-48));
#6571 = DIRECTION('',(2.22044604925E-15,-2.540718180781E-32,1.));
#6572 = ORIENTED_EDGE('',*,*,#6573,.F.);
#6573 = EDGE_CURVE('',#6574,#6565,#6576,.T.);
#6574 = VERTEX_POINT('',#6575);
#6575 = CARTESIAN_POINT('',(-0.798480775301,0.75,0.492364817767));
#6576 = LINE('',#6577,#6578);
#6577 = CARTESIAN_POINT('',(-0.798480775301,0.75,0.492364817767));
#6578 = VECTOR('',#6579,1.);
#6579 = DIRECTION('',(1.144237745222E-17,1.,0.));
#6580 = ORIENTED_EDGE('',*,*,#6581,.F.);
#6581 = EDGE_CURVE('',#6196,#6574,#6582,.T.);
#6582 = CIRCLE('',#6583,0.1);
#6583 = AXIS2_PLACEMENT_3D('',#6584,#6585,#6586);
#6584 = CARTESIAN_POINT('',(-0.7,0.75,0.475));
#6585 = DIRECTION('',(-1.144237745222E-17,-1.,-5.473822126269E-48));
#6586 = DIRECTION('',(2.22044604925E-15,-2.540718180781E-32,1.));
#6587 = CYLINDRICAL_SURFACE('',#6588,0.1);
#6588 = AXIS2_PLACEMENT_3D('',#6589,#6590,#6591);
#6589 = CARTESIAN_POINT('',(-0.7,0.75,0.475));
#6590 = DIRECTION('',(-1.144237745222E-17,-1.,0.));
#6591 = DIRECTION('',(2.22044604925E-15,-2.540718180781E-32,1.));
#6592 = ADVANCED_FACE('',(#6593),#6604,.F.);
#6593 = FACE_BOUND('',#6594,.F.);
#6594 = EDGE_LOOP('',(#6595,#6601,#6602,#6603));
#6595 = ORIENTED_EDGE('',*,*,#6596,.F.);
#6596 = EDGE_CURVE('',#6188,#6432,#6597,.T.);
#6597 = LINE('',#6598,#6599);
#6598 = CARTESIAN_POINT('',(-0.7,1.15,0.529763586955));
#6599 = VECTOR('',#6600,1.);
#6600 = DIRECTION('',(0.,0.,1.));
#6601 = ORIENTED_EDGE('',*,*,#6187,.T.);
#6602 = ORIENTED_EDGE('',*,*,#6456,.T.);
#6603 = ORIENTED_EDGE('',*,*,#6439,.F.);
#6604 = PLANE('',#6605);
#6605 = AXIS2_PLACEMENT_3D('',#6606,#6607,#6608);
#6606 = CARTESIAN_POINT('',(-0.7,-1.405,0.725));
#6607 = DIRECTION('',(1.,1.110223024625E-16,0.));
#6608 = DIRECTION('',(-1.110223024625E-16,1.,0.));
#6609 = ADVANCED_FACE('',(#6610),#6621,.F.);
#6610 = FACE_BOUND('',#6611,.F.);
#6611 = EDGE_LOOP('',(#6612,#6613,#6614,#6620));
#6612 = ORIENTED_EDGE('',*,*,#6343,.F.);
#6613 = ORIENTED_EDGE('',*,*,#6264,.T.);
#6614 = ORIENTED_EDGE('',*,*,#6615,.T.);
#6615 = EDGE_CURVE('',#6257,#6376,#6616,.T.);
#6616 = LINE('',#6617,#6618);
#6617 = CARTESIAN_POINT('',(0.7,0.2,0.529763586955));
#6618 = VECTOR('',#6619,1.);
#6619 = DIRECTION('',(0.,0.,1.));
#6620 = ORIENTED_EDGE('',*,*,#6375,.F.);
#6621 = PLANE('',#6622);
#6622 = AXIS2_PLACEMENT_3D('',#6623,#6624,#6625);
#6623 = CARTESIAN_POINT('',(0.7,1.405,0.725));
#6624 = DIRECTION('',(-1.,-1.110223024625E-16,0.));
#6625 = DIRECTION('',(1.110223024625E-16,-1.,0.));
#6626 = ADVANCED_FACE('',(#6627),#6654,.F.);
#6627 = FACE_BOUND('',#6628,.F.);
#6628 = EDGE_LOOP('',(#6629,#6630,#6639,#6647));
#6629 = ORIENTED_EDGE('',*,*,#6256,.T.);
#6630 = ORIENTED_EDGE('',*,*,#6631,.T.);
#6631 = EDGE_CURVE('',#6249,#6632,#6634,.T.);
#6632 = VERTEX_POINT('',#6633);
#6633 = CARTESIAN_POINT('',(0.798480775301,-0.2,0.492364817767));
#6634 = CIRCLE('',#6635,0.1);
#6635 = AXIS2_PLACEMENT_3D('',#6636,#6637,#6638);
#6636 = CARTESIAN_POINT('',(0.7,-0.2,0.475));
#6637 = DIRECTION('',(-1.110223024625E-16,1.,0.));
#6638 = DIRECTION('',(-2.22044604925E-15,-2.465190328815E-31,1.));
#6639 = ORIENTED_EDGE('',*,*,#6640,.F.);
#6640 = EDGE_CURVE('',#6641,#6632,#6643,.T.);
#6641 = VERTEX_POINT('',#6642);
#6642 = CARTESIAN_POINT('',(0.798480775301,0.2,0.492364817767));
#6643 = LINE('',#6644,#6645);
#6644 = CARTESIAN_POINT('',(0.798480775301,0.2,0.492364817767));
#6645 = VECTOR('',#6646,1.);
#6646 = DIRECTION('',(1.110223024625E-16,-1.,0.));
#6647 = ORIENTED_EDGE('',*,*,#6648,.F.);
#6648 = EDGE_CURVE('',#6257,#6641,#6649,.T.);
#6649 = CIRCLE('',#6650,0.1);
#6650 = AXIS2_PLACEMENT_3D('',#6651,#6652,#6653);
#6651 = CARTESIAN_POINT('',(0.7,0.2,0.475));
#6652 = DIRECTION('',(-1.110223024625E-16,1.,0.));
#6653 = DIRECTION('',(-2.22044604925E-15,-2.465190328815E-31,1.));
#6654 = CYLINDRICAL_SURFACE('',#6655,0.1);
#6655 = AXIS2_PLACEMENT_3D('',#6656,#6657,#6658);
#6656 = CARTESIAN_POINT('',(0.7,0.2,0.475));
#6657 = DIRECTION('',(-1.110223024625E-16,1.,0.));
#6658 = DIRECTION('',(-2.22044604925E-15,-2.465190328815E-31,1.));
#6659 = ADVANCED_FACE('',(#6660),#6684,.F.);
#6660 = FACE_BOUND('',#6661,.F.);
#6661 = EDGE_LOOP('',(#6662,#6670,#6671,#6678));
#6662 = ORIENTED_EDGE('',*,*,#6663,.F.);
#6663 = EDGE_CURVE('',#6249,#6664,#6666,.T.);
#6664 = VERTEX_POINT('',#6665);
#6665 = CARTESIAN_POINT('',(0.7,-0.2,0.725));
#6666 = LINE('',#6667,#6668);
#6667 = CARTESIAN_POINT('',(0.7,-0.2,0.529763586955));
#6668 = VECTOR('',#6669,1.);
#6669 = DIRECTION('',(0.,0.,1.));
#6670 = ORIENTED_EDGE('',*,*,#6248,.T.);
#6671 = ORIENTED_EDGE('',*,*,#6672,.T.);
#6672 = EDGE_CURVE('',#6242,#6673,#6675,.T.);
#6673 = VERTEX_POINT('',#6674);
#6674 = CARTESIAN_POINT('',(0.7,-1.405,0.725));
#6675 = B_SPLINE_CURVE_WITH_KNOTS('',1,(#6676,#6677),.UNSPECIFIED.,.F.,
  .F.,(2,2),(0.,1.),.PIECEWISE_BEZIER_KNOTS.);
#6676 = CARTESIAN_POINT('',(0.7,-1.405,0.575));
#6677 = CARTESIAN_POINT('',(0.7,-1.405,0.725));
#6678 = ORIENTED_EDGE('',*,*,#6679,.F.);
#6679 = EDGE_CURVE('',#6664,#6673,#6680,.T.);
#6680 = LINE('',#6681,#6682);
#6681 = CARTESIAN_POINT('',(0.7,1.405,0.725));
#6682 = VECTOR('',#6683,1.);
#6683 = DIRECTION('',(1.110223024625E-16,-1.,0.));
#6684 = PLANE('',#6685);
#6685 = AXIS2_PLACEMENT_3D('',#6686,#6687,#6688);
#6686 = CARTESIAN_POINT('',(0.7,1.405,0.725));
#6687 = DIRECTION('',(-1.,-1.110223024625E-16,0.));
#6688 = DIRECTION('',(1.110223024625E-16,-1.,0.));
#6689 = ADVANCED_FACE('',(#6690),#6707,.F.);
#6690 = FACE_BOUND('',#6691,.F.);
#6691 = EDGE_LOOP('',(#6692,#6693,#6694,#6702));
#6692 = ORIENTED_EDGE('',*,*,#6281,.T.);
#6693 = ORIENTED_EDGE('',*,*,#6469,.T.);
#6694 = ORIENTED_EDGE('',*,*,#6695,.F.);
#6695 = EDGE_CURVE('',#6696,#6470,#6698,.T.);
#6696 = VERTEX_POINT('',#6697);
#6697 = CARTESIAN_POINT('',(-0.605,-1.5,0.725));
#6698 = LINE('',#6699,#6700);
#6699 = CARTESIAN_POINT('',(-0.605,-1.5,0.725));
#6700 = VECTOR('',#6701,1.);
#6701 = DIRECTION('',(-0.707106781187,0.707106781187,0.));
#6702 = ORIENTED_EDGE('',*,*,#6703,.F.);
#6703 = EDGE_CURVE('',#6282,#6696,#6704,.T.);
#6704 = B_SPLINE_CURVE_WITH_KNOTS('',1,(#6705,#6706),.UNSPECIFIED.,.F.,
  .F.,(2,2),(0.,1.),.PIECEWISE_BEZIER_KNOTS.);
#6705 = CARTESIAN_POINT('',(-0.605,-1.5,0.575));
#6706 = CARTESIAN_POINT('',(-0.605,-1.5,0.725));
#6707 = PLANE('',#6708);
#6708 = AXIS2_PLACEMENT_3D('',#6709,#6710,#6711);
#6709 = CARTESIAN_POINT('',(-0.605,-1.5,0.725));
#6710 = DIRECTION('',(0.707106781187,0.707106781187,0.));
#6711 = DIRECTION('',(-0.707106781187,0.707106781187,0.));
#6712 = ADVANCED_FACE('',(#6713),#6730,.F.);
#6713 = FACE_BOUND('',#6714,.F.);
#6714 = EDGE_LOOP('',(#6715,#6716,#6723,#6729));
#6715 = ORIENTED_EDGE('',*,*,#6310,.T.);
#6716 = ORIENTED_EDGE('',*,*,#6717,.T.);
#6717 = EDGE_CURVE('',#6304,#6718,#6720,.T.);
#6718 = VERTEX_POINT('',#6719);
#6719 = CARTESIAN_POINT('',(0.605,-1.5,0.725));
#6720 = B_SPLINE_CURVE_WITH_KNOTS('',1,(#6721,#6722),.UNSPECIFIED.,.F.,
  .F.,(2,2),(0.,1.),.PIECEWISE_BEZIER_KNOTS.);
#6721 = CARTESIAN_POINT('',(0.605,-1.5,0.575));
#6722 = CARTESIAN_POINT('',(0.605,-1.5,0.725));
#6723 = ORIENTED_EDGE('',*,*,#6724,.F.);
#6724 = EDGE_CURVE('',#6673,#6718,#6725,.T.);
#6725 = LINE('',#6726,#6727);
#6726 = CARTESIAN_POINT('',(0.7,-1.405,0.725));
#6727 = VECTOR('',#6728,1.);
#6728 = DIRECTION('',(-0.707106781187,-0.707106781187,0.));
#6729 = ORIENTED_EDGE('',*,*,#6672,.F.);
#6730 = PLANE('',#6731);
#6731 = AXIS2_PLACEMENT_3D('',#6732,#6733,#6734);
#6732 = CARTESIAN_POINT('',(0.7,-1.405,0.725));
#6733 = DIRECTION('',(-0.707106781187,0.707106781187,0.));
#6734 = DIRECTION('',(-0.707106781187,-0.707106781187,0.));
#6735 = ADVANCED_FACE('',(#6736),#6747,.F.);
#6736 = FACE_BOUND('',#6737,.F.);
#6737 = EDGE_LOOP('',(#6738,#6739,#6740,#6746));
#6738 = ORIENTED_EDGE('',*,*,#6327,.T.);
#6739 = ORIENTED_EDGE('',*,*,#6703,.T.);
#6740 = ORIENTED_EDGE('',*,*,#6741,.F.);
#6741 = EDGE_CURVE('',#6718,#6696,#6742,.T.);
#6742 = LINE('',#6743,#6744);
#6743 = CARTESIAN_POINT('',(0.605,-1.5,0.725));
#6744 = VECTOR('',#6745,1.);
#6745 = DIRECTION('',(-1.,-1.110223024625E-16,0.));
#6746 = ORIENTED_EDGE('',*,*,#6717,.F.);
#6747 = PLANE('',#6748);
#6748 = AXIS2_PLACEMENT_3D('',#6749,#6750,#6751);
#6749 = CARTESIAN_POINT('',(0.605,-1.5,0.725));
#6750 = DIRECTION('',(-1.110223024625E-16,1.,0.));
#6751 = DIRECTION('',(-1.,-1.110223024625E-16,0.));
#6752 = ADVANCED_FACE('',(#6753),#6776,.F.);
#6753 = FACE_BOUND('',#6754,.F.);
#6754 = EDGE_LOOP('',(#6755,#6763,#6769,#6770));
#6755 = ORIENTED_EDGE('',*,*,#6756,.F.);
#6756 = EDGE_CURVE('',#6542,#6757,#6759,.T.);
#6757 = VERTEX_POINT('',#6758);
#6758 = CARTESIAN_POINT('',(-0.675,0.75,0.725));
#6759 = LINE('',#6760,#6761);
#6760 = CARTESIAN_POINT('',(-0.7,0.75,0.725));
#6761 = VECTOR('',#6762,1.);
#6762 = DIRECTION('',(1.,-1.144237745222E-17,0.));
#6763 = ORIENTED_EDGE('',*,*,#6764,.T.);
#6764 = EDGE_CURVE('',#6542,#6432,#6765,.T.);
#6765 = LINE('',#6766,#6767);
#6766 = CARTESIAN_POINT('',(-0.7,0.75,0.725));
#6767 = VECTOR('',#6768,1.);
#6768 = DIRECTION('',(1.144237745222E-17,1.,0.));
#6769 = ORIENTED_EDGE('',*,*,#6431,.T.);
#6770 = ORIENTED_EDGE('',*,*,#6771,.F.);
#6771 = EDGE_CURVE('',#6757,#6424,#6772,.T.);
#6772 = LINE('',#6773,#6774);
#6773 = CARTESIAN_POINT('',(-0.675,-1.3925,0.725));
#6774 = VECTOR('',#6775,1.);
#6775 = DIRECTION('',(-1.110223024625E-16,1.,0.));
#6776 = PLANE('',#6777);
#6777 = AXIS2_PLACEMENT_3D('',#6778,#6779,#6780);
#6778 = CARTESIAN_POINT('',(-0.7,0.75,0.725));
#6779 = DIRECTION('',(0.,0.,-1.));
#6780 = DIRECTION('',(1.,-1.144237745222E-17,0.));
#6781 = ADVANCED_FACE('',(#6782),#6830,.F.);
#6782 = FACE_BOUND('',#6783,.F.);
#6783 = EDGE_LOOP('',(#6784,#6794,#6802,#6808,#6809,#6810,#6817,#6825));
#6784 = ORIENTED_EDGE('',*,*,#6785,.T.);
#6785 = EDGE_CURVE('',#6786,#6788,#6790,.T.);
#6786 = VERTEX_POINT('',#6787);
#6787 = CARTESIAN_POINT('',(-0.675,-1.3925,0.725));
#6788 = VERTEX_POINT('',#6789);
#6789 = CARTESIAN_POINT('',(-0.675,-1.15,0.725));
#6790 = LINE('',#6791,#6792);
#6791 = CARTESIAN_POINT('',(-0.675,-1.3925,0.725));
#6792 = VECTOR('',#6793,1.);
#6793 = DIRECTION('',(-1.110223024625E-16,1.,0.));
#6794 = ORIENTED_EDGE('',*,*,#6795,.T.);
#6795 = EDGE_CURVE('',#6788,#6796,#6798,.T.);
#6796 = VERTEX_POINT('',#6797);
#6797 = CARTESIAN_POINT('',(-0.675,-0.75,0.725));
#6798 = LINE('',#6799,#6800);
#6799 = CARTESIAN_POINT('',(-0.675,-1.3925,0.725));
#6800 = VECTOR('',#6801,1.);
#6801 = DIRECTION('',(-1.110223024625E-16,1.,0.));
#6802 = ORIENTED_EDGE('',*,*,#6803,.T.);
#6803 = EDGE_CURVE('',#6796,#6757,#6804,.T.);
#6804 = LINE('',#6805,#6806);
#6805 = CARTESIAN_POINT('',(-0.675,-1.3925,0.725));
#6806 = VECTOR('',#6807,1.);
#6807 = DIRECTION('',(-1.110223024625E-16,1.,0.));
#6808 = ORIENTED_EDGE('',*,*,#6771,.T.);
#6809 = ORIENTED_EDGE('',*,*,#6423,.T.);
#6810 = ORIENTED_EDGE('',*,*,#6811,.T.);
#6811 = EDGE_CURVE('',#6416,#6812,#6814,.T.);
#6812 = VERTEX_POINT('',#6813);
#6813 = CARTESIAN_POINT('',(-0.608243103516,1.359121551758,1.2));
#6814 = B_SPLINE_CURVE_WITH_KNOTS('',1,(#6815,#6816),.UNSPECIFIED.,.F.,
  .F.,(2,2),(0.,1.),.PIECEWISE_BEZIER_KNOTS.);
#6815 = CARTESIAN_POINT('',(-0.675,1.3925,0.725));
#6816 = CARTESIAN_POINT('',(-0.608243103516,1.359121551758,1.2));
#6817 = ORIENTED_EDGE('',*,*,#6818,.F.);
#6818 = EDGE_CURVE('',#6819,#6812,#6821,.T.);
#6819 = VERTEX_POINT('',#6820);
#6820 = CARTESIAN_POINT('',(-0.608243103516,-1.359121551758,1.2));
#6821 = LINE('',#6822,#6823);
#6822 = CARTESIAN_POINT('',(-0.608243103516,-1.359121551758,1.2));
#6823 = VECTOR('',#6824,1.);
#6824 = DIRECTION('',(-1.110223024625E-16,1.,0.));
#6825 = ORIENTED_EDGE('',*,*,#6826,.F.);
#6826 = EDGE_CURVE('',#6786,#6819,#6827,.T.);
#6827 = B_SPLINE_CURVE_WITH_KNOTS('',1,(#6828,#6829),.UNSPECIFIED.,.F.,
  .F.,(2,2),(0.,1.),.PIECEWISE_BEZIER_KNOTS.);
#6828 = CARTESIAN_POINT('',(-0.675,-1.3925,0.725));
#6829 = CARTESIAN_POINT('',(-0.608243103516,-1.359121551758,1.2));
#6830 = B_SPLINE_SURFACE_WITH_KNOTS('',1,1,(
    (#6831,#6832)
    ,(#6833,#6834
    )),.UNSPECIFIED.,.F.,.F.,.F.,(2,2),(2,2),(0.,2.785),(0.,1.),
  .PIECEWISE_BEZIER_KNOTS.);
#6831 = CARTESIAN_POINT('',(-0.675,-1.3925,0.725));
#6832 = CARTESIAN_POINT('',(-0.608243103516,-1.359121551758,1.2));
#6833 = CARTESIAN_POINT('',(-0.675,1.3925,0.725));
#6834 = CARTESIAN_POINT('',(-0.608243103516,1.359121551758,1.2));
#6835 = ADVANCED_FACE('',(#6836),#6853,.F.);
#6836 = FACE_BOUND('',#6837,.F.);
#6837 = EDGE_LOOP('',(#6838,#6839,#6846,#6852));
#6838 = ORIENTED_EDGE('',*,*,#6415,.T.);
#6839 = ORIENTED_EDGE('',*,*,#6840,.T.);
#6840 = EDGE_CURVE('',#6408,#6841,#6843,.T.);
#6841 = VERTEX_POINT('',#6842);
#6842 = CARTESIAN_POINT('',(-0.559121551758,1.408243103516,1.2));
#6843 = B_SPLINE_CURVE_WITH_KNOTS('',1,(#6844,#6845),.UNSPECIFIED.,.F.,
  .F.,(2,2),(0.,1.),.PIECEWISE_BEZIER_KNOTS.);
#6844 = CARTESIAN_POINT('',(-0.5925,1.475,0.725));
#6845 = CARTESIAN_POINT('',(-0.559121551758,1.408243103516,1.2));
#6846 = ORIENTED_EDGE('',*,*,#6847,.F.);
#6847 = EDGE_CURVE('',#6812,#6841,#6848,.T.);
#6848 = LINE('',#6849,#6850);
#6849 = CARTESIAN_POINT('',(-0.608243103516,1.359121551758,1.2));
#6850 = VECTOR('',#6851,1.);
#6851 = DIRECTION('',(0.707106781187,0.707106781187,0.));
#6852 = ORIENTED_EDGE('',*,*,#6811,.F.);
#6853 = B_SPLINE_SURFACE_WITH_KNOTS('',1,1,(
    (#6854,#6855)
    ,(#6856,#6857
    )),.UNSPECIFIED.,.F.,.F.,.F.,(2,2),(2,2),(0.,0.116672618896),(0.,1.)
  ,.PIECEWISE_BEZIER_KNOTS.);
#6854 = CARTESIAN_POINT('',(-0.675,1.3925,0.725));
#6855 = CARTESIAN_POINT('',(-0.608243103516,1.359121551758,1.2));
#6856 = CARTESIAN_POINT('',(-0.5925,1.475,0.725));
#6857 = CARTESIAN_POINT('',(-0.559121551758,1.408243103516,1.2));
#6858 = ADVANCED_FACE('',(#6859),#6876,.F.);
#6859 = FACE_BOUND('',#6860,.F.);
#6860 = EDGE_LOOP('',(#6861,#6862,#6869,#6875));
#6861 = ORIENTED_EDGE('',*,*,#6407,.T.);
#6862 = ORIENTED_EDGE('',*,*,#6863,.T.);
#6863 = EDGE_CURVE('',#6400,#6864,#6866,.T.);
#6864 = VERTEX_POINT('',#6865);
#6865 = CARTESIAN_POINT('',(0.559121551758,1.408243103516,1.2));
#6866 = B_SPLINE_CURVE_WITH_KNOTS('',1,(#6867,#6868),.UNSPECIFIED.,.F.,
  .F.,(2,2),(0.,1.),.PIECEWISE_BEZIER_KNOTS.);
#6867 = CARTESIAN_POINT('',(0.5925,1.475,0.725));
#6868 = CARTESIAN_POINT('',(0.559121551758,1.408243103516,1.2));
#6869 = ORIENTED_EDGE('',*,*,#6870,.F.);
#6870 = EDGE_CURVE('',#6841,#6864,#6871,.T.);
#6871 = LINE('',#6872,#6873);
#6872 = CARTESIAN_POINT('',(-0.559121551758,1.408243103516,1.2));
#6873 = VECTOR('',#6874,1.);
#6874 = DIRECTION('',(1.,1.110223024625E-16,0.));
#6875 = ORIENTED_EDGE('',*,*,#6840,.F.);
#6876 = B_SPLINE_SURFACE_WITH_KNOTS('',1,1,(
    (#6877,#6878)
    ,(#6879,#6880
    )),.UNSPECIFIED.,.F.,.F.,.F.,(2,2),(2,2),(0.,1.185),(0.,1.),
  .PIECEWISE_BEZIER_KNOTS.);
#6877 = CARTESIAN_POINT('',(-0.5925,1.475,0.725));
#6878 = CARTESIAN_POINT('',(-0.559121551758,1.408243103516,1.2));
#6879 = CARTESIAN_POINT('',(0.5925,1.475,0.725));
#6880 = CARTESIAN_POINT('',(0.559121551758,1.408243103516,1.2));
#6881 = ADVANCED_FACE('',(#6882),#6899,.F.);
#6882 = FACE_BOUND('',#6883,.F.);
#6883 = EDGE_LOOP('',(#6884,#6885,#6892,#6898));
#6884 = ORIENTED_EDGE('',*,*,#6399,.T.);
#6885 = ORIENTED_EDGE('',*,*,#6886,.T.);
#6886 = EDGE_CURVE('',#6392,#6887,#6889,.T.);
#6887 = VERTEX_POINT('',#6888);
#6888 = CARTESIAN_POINT('',(0.608243103516,1.359121551758,1.2));
#6889 = B_SPLINE_CURVE_WITH_KNOTS('',1,(#6890,#6891),.UNSPECIFIED.,.F.,
  .F.,(2,2),(0.,1.),.PIECEWISE_BEZIER_KNOTS.);
#6890 = CARTESIAN_POINT('',(0.675,1.3925,0.725));
#6891 = CARTESIAN_POINT('',(0.608243103516,1.359121551758,1.2));
#6892 = ORIENTED_EDGE('',*,*,#6893,.F.);
#6893 = EDGE_CURVE('',#6864,#6887,#6894,.T.);
#6894 = LINE('',#6895,#6896);
#6895 = CARTESIAN_POINT('',(0.559121551758,1.408243103516,1.2));
#6896 = VECTOR('',#6897,1.);
#6897 = DIRECTION('',(0.707106781187,-0.707106781187,0.));
#6898 = ORIENTED_EDGE('',*,*,#6863,.F.);
#6899 = B_SPLINE_SURFACE_WITH_KNOTS('',1,1,(
    (#6900,#6901)
    ,(#6902,#6903
    )),.UNSPECIFIED.,.F.,.F.,.F.,(2,2),(2,2),(0.,0.116672618896),(0.,1.)
  ,.PIECEWISE_BEZIER_KNOTS.);
#6900 = CARTESIAN_POINT('',(0.5925,1.475,0.725));
#6901 = CARTESIAN_POINT('',(0.559121551758,1.408243103516,1.2));
#6902 = CARTESIAN_POINT('',(0.675,1.3925,0.725));
#6903 = CARTESIAN_POINT('',(0.608243103516,1.359121551758,1.2));
#6904 = ADVANCED_FACE('',(#6905),#6938,.F.);
#6905 = FACE_BOUND('',#6906,.F.);
#6906 = EDGE_LOOP('',(#6907,#6908,#6916,#6924,#6931,#6937));
#6907 = ORIENTED_EDGE('',*,*,#6391,.T.);
#6908 = ORIENTED_EDGE('',*,*,#6909,.T.);
#6909 = EDGE_CURVE('',#6384,#6910,#6912,.T.);
#6910 = VERTEX_POINT('',#6911);
#6911 = CARTESIAN_POINT('',(0.675,-0.2,0.725));
#6912 = LINE('',#6913,#6914);
#6913 = CARTESIAN_POINT('',(0.675,1.3925,0.725));
#6914 = VECTOR('',#6915,1.);
#6915 = DIRECTION('',(1.110223024625E-16,-1.,0.));
#6916 = ORIENTED_EDGE('',*,*,#6917,.T.);
#6917 = EDGE_CURVE('',#6910,#6918,#6920,.T.);
#6918 = VERTEX_POINT('',#6919);
#6919 = CARTESIAN_POINT('',(0.675,-1.3925,0.725));
#6920 = LINE('',#6921,#6922);
#6921 = CARTESIAN_POINT('',(0.675,1.3925,0.725));
#6922 = VECTOR('',#6923,1.);
#6923 = DIRECTION('',(1.110223024625E-16,-1.,0.));
#6924 = ORIENTED_EDGE('',*,*,#6925,.T.);
#6925 = EDGE_CURVE('',#6918,#6926,#6928,.T.);
#6926 = VERTEX_POINT('',#6927);
#6927 = CARTESIAN_POINT('',(0.608243103516,-1.359121551758,1.2));
#6928 = B_SPLINE_CURVE_WITH_KNOTS('',1,(#6929,#6930),.UNSPECIFIED.,.F.,
  .F.,(2,2),(0.,1.),.PIECEWISE_BEZIER_KNOTS.);
#6929 = CARTESIAN_POINT('',(0.675,-1.3925,0.725));
#6930 = CARTESIAN_POINT('',(0.608243103516,-1.359121551758,1.2));
#6931 = ORIENTED_EDGE('',*,*,#6932,.F.);
#6932 = EDGE_CURVE('',#6887,#6926,#6933,.T.);
#6933 = LINE('',#6934,#6935);
#6934 = CARTESIAN_POINT('',(0.608243103516,1.359121551758,1.2));
#6935 = VECTOR('',#6936,1.);
#6936 = DIRECTION('',(1.110223024625E-16,-1.,0.));
#6937 = ORIENTED_EDGE('',*,*,#6886,.F.);
#6938 = B_SPLINE_SURFACE_WITH_KNOTS('',1,1,(
    (#6939,#6940)
    ,(#6941,#6942
    )),.UNSPECIFIED.,.F.,.F.,.F.,(2,2),(2,2),(0.,2.785),(0.,1.),
  .PIECEWISE_BEZIER_KNOTS.);
#6939 = CARTESIAN_POINT('',(0.675,1.3925,0.725));
#6940 = CARTESIAN_POINT('',(0.608243103516,1.359121551758,1.2));
#6941 = CARTESIAN_POINT('',(0.675,-1.3925,0.725));
#6942 = CARTESIAN_POINT('',(0.608243103516,-1.359121551758,1.2));
#6943 = ADVANCED_FACE('',(#6944),#6960,.F.);
#6944 = FACE_BOUND('',#6945,.F.);
#6945 = EDGE_LOOP('',(#6946,#6947,#6953,#6959));
#6946 = ORIENTED_EDGE('',*,*,#6383,.F.);
#6947 = ORIENTED_EDGE('',*,*,#6948,.T.);
#6948 = EDGE_CURVE('',#6376,#6664,#6949,.T.);
#6949 = LINE('',#6950,#6951);
#6950 = CARTESIAN_POINT('',(0.7,0.2,0.725));
#6951 = VECTOR('',#6952,1.);
#6952 = DIRECTION('',(1.110223024625E-16,-1.,0.));
#6953 = ORIENTED_EDGE('',*,*,#6954,.T.);
#6954 = EDGE_CURVE('',#6664,#6910,#6955,.T.);
#6955 = LINE('',#6956,#6957);
#6956 = CARTESIAN_POINT('',(0.7,-0.2,0.725));
#6957 = VECTOR('',#6958,1.);
#6958 = DIRECTION('',(-1.,-1.110223024625E-16,0.));
#6959 = ORIENTED_EDGE('',*,*,#6909,.F.);
#6960 = PLANE('',#6961);
#6961 = AXIS2_PLACEMENT_3D('',#6962,#6963,#6964);
#6962 = CARTESIAN_POINT('',(0.7,0.2,0.725));
#6963 = DIRECTION('',(0.,0.,-1.));
#6964 = DIRECTION('',(-1.,-1.110223024625E-16,-0.));
#6965 = ADVANCED_FACE('',(#6966),#7004,.F.);
#6966 = FACE_BOUND('',#6967,.F.);
#6967 = EDGE_LOOP('',(#6968,#6969,#6970,#6971,#6972,#6973,#6974,#6980,
    #6981,#6989,#6997,#7003));
#6968 = ORIENTED_EDGE('',*,*,#6954,.F.);
#6969 = ORIENTED_EDGE('',*,*,#6679,.T.);
#6970 = ORIENTED_EDGE('',*,*,#6724,.T.);
#6971 = ORIENTED_EDGE('',*,*,#6741,.T.);
#6972 = ORIENTED_EDGE('',*,*,#6695,.T.);
#6973 = ORIENTED_EDGE('',*,*,#6485,.T.);
#6974 = ORIENTED_EDGE('',*,*,#6975,.T.);
#6975 = EDGE_CURVE('',#6478,#6788,#6976,.T.);
#6976 = LINE('',#6977,#6978);
#6977 = CARTESIAN_POINT('',(-0.7,-1.15,0.725));
#6978 = VECTOR('',#6979,1.);
#6979 = DIRECTION('',(1.,-1.144237745222E-17,0.));
#6980 = ORIENTED_EDGE('',*,*,#6785,.F.);
#6981 = ORIENTED_EDGE('',*,*,#6982,.F.);
#6982 = EDGE_CURVE('',#6983,#6786,#6985,.T.);
#6983 = VERTEX_POINT('',#6984);
#6984 = CARTESIAN_POINT('',(-0.5925,-1.475,0.725));
#6985 = LINE('',#6986,#6987);
#6986 = CARTESIAN_POINT('',(-0.5925,-1.475,0.725));
#6987 = VECTOR('',#6988,1.);
#6988 = DIRECTION('',(-0.707106781187,0.707106781187,0.));
#6989 = ORIENTED_EDGE('',*,*,#6990,.F.);
#6990 = EDGE_CURVE('',#6991,#6983,#6993,.T.);
#6991 = VERTEX_POINT('',#6992);
#6992 = CARTESIAN_POINT('',(0.5925,-1.475,0.725));
#6993 = LINE('',#6994,#6995);
#6994 = CARTESIAN_POINT('',(0.5925,-1.475,0.725));
#6995 = VECTOR('',#6996,1.);
#6996 = DIRECTION('',(-1.,-1.110223024625E-16,0.));
#6997 = ORIENTED_EDGE('',*,*,#6998,.F.);
#6998 = EDGE_CURVE('',#6918,#6991,#6999,.T.);
#6999 = LINE('',#7000,#7001);
#7000 = CARTESIAN_POINT('',(0.675,-1.3925,0.725));
#7001 = VECTOR('',#7002,1.);
#7002 = DIRECTION('',(-0.707106781187,-0.707106781187,0.));
#7003 = ORIENTED_EDGE('',*,*,#6917,.F.);
#7004 = PLANE('',#7005);
#7005 = AXIS2_PLACEMENT_3D('',#7006,#7007,#7008);
#7006 = CARTESIAN_POINT('',(-1.486299604971E-16,1.4875,0.725));
#7007 = DIRECTION('',(1.022886882533E-31,-6.310887241768E-27,-1.));
#7008 = DIRECTION('',(1.,1.217738924546E-16,1.022886882525E-31));
#7009 = ADVANCED_FACE('',(#7010),#7079,.F.);
#7010 = FACE_BOUND('',#7011,.F.);
#7011 = EDGE_LOOP('',(#7012,#7013,#7014,#7022,#7031,#7039,#7047,#7055,
    #7064,#7072));
#7012 = ORIENTED_EDGE('',*,*,#6477,.F.);
#7013 = ORIENTED_EDGE('',*,*,#6517,.T.);
#7014 = ORIENTED_EDGE('',*,*,#7015,.T.);
#7015 = EDGE_CURVE('',#6510,#7016,#7018,.T.);
#7016 = VERTEX_POINT('',#7017);
#7017 = CARTESIAN_POINT('',(-0.843471632406,-1.15,0.206587955583));
#7018 = LINE('',#7019,#7020);
#7019 = CARTESIAN_POINT('',(-0.798480775301,-1.15,0.492364817767));
#7020 = VECTOR('',#7021,1.);
#7021 = DIRECTION('',(-0.155518033909,1.779496044609E-18,-0.987833053268
    ));
#7022 = ORIENTED_EDGE('',*,*,#7023,.T.);
#7023 = EDGE_CURVE('',#7016,#7024,#7026,.T.);
#7024 = VERTEX_POINT('',#7025);
#7025 = CARTESIAN_POINT('',(-1.089673570659,-1.15,5.551115123126E-17));
#7026 = CIRCLE('',#7027,0.25);
#7027 = AXIS2_PLACEMENT_3D('',#7028,#7029,#7030);
#7028 = CARTESIAN_POINT('',(-1.089673570659,-1.15,0.25));
#7029 = DIRECTION('',(1.144237745222E-17,1.,3.851859888774E-34));
#7030 = DIRECTION('',(0.984807753012,-1.126854202784E-17,-0.173648177667
    ));
#7031 = ORIENTED_EDGE('',*,*,#7032,.T.);
#7032 = EDGE_CURVE('',#7024,#7033,#7035,.T.);
#7033 = VERTEX_POINT('',#7034);
#7034 = CARTESIAN_POINT('',(-1.25,-1.15,5.551115123126E-17));
#7035 = LINE('',#7036,#7037);
#7036 = CARTESIAN_POINT('',(-1.089673570659,-1.15,5.551115123126E-17));
#7037 = VECTOR('',#7038,1.);
#7038 = DIRECTION('',(-1.,1.144237745222E-17,0.));
#7039 = ORIENTED_EDGE('',*,*,#7040,.T.);
#7040 = EDGE_CURVE('',#7033,#7041,#7043,.T.);
#7041 = VERTEX_POINT('',#7042);
#7042 = CARTESIAN_POINT('',(-1.25,-1.15,0.15));
#7043 = LINE('',#7044,#7045);
#7044 = CARTESIAN_POINT('',(-1.25,-1.15,5.551115123126E-17));
#7045 = VECTOR('',#7046,1.);
#7046 = DIRECTION('',(0.,0.,1.));
#7047 = ORIENTED_EDGE('',*,*,#7048,.T.);
#7048 = EDGE_CURVE('',#7041,#7049,#7051,.T.);
#7049 = VERTEX_POINT('',#7050);
#7050 = CARTESIAN_POINT('',(-1.089673570659,-1.15,0.15));
#7051 = LINE('',#7052,#7053);
#7052 = CARTESIAN_POINT('',(-1.25,-1.15,0.15));
#7053 = VECTOR('',#7054,1.);
#7054 = DIRECTION('',(1.,-1.144237745222E-17,0.));
#7055 = ORIENTED_EDGE('',*,*,#7056,.T.);
#7056 = EDGE_CURVE('',#7049,#7057,#7059,.T.);
#7057 = VERTEX_POINT('',#7058);
#7058 = CARTESIAN_POINT('',(-0.991192795358,-1.15,0.232635182233));
#7059 = CIRCLE('',#7060,0.1);
#7060 = AXIS2_PLACEMENT_3D('',#7061,#7062,#7063);
#7061 = CARTESIAN_POINT('',(-1.089673570659,-1.15,0.25));
#7062 = DIRECTION('',(-1.144237745222E-17,-1.,1.094764425254E-47));
#7063 = DIRECTION('',(-2.22044604925E-15,2.540718180781E-32,-1.));
#7064 = ORIENTED_EDGE('',*,*,#7065,.T.);
#7065 = EDGE_CURVE('',#7057,#7066,#7068,.T.);
#7066 = VERTEX_POINT('',#7067);
#7067 = CARTESIAN_POINT('',(-0.946201938253,-1.15,0.518412044417));
#7068 = LINE('',#7069,#7070);
#7069 = CARTESIAN_POINT('',(-0.991192795358,-1.15,0.232635182233));
#7070 = VECTOR('',#7071,1.);
#7071 = DIRECTION('',(0.155518033909,-1.779496044609E-18,0.987833053268)
  );
#7072 = ORIENTED_EDGE('',*,*,#7073,.T.);
#7073 = EDGE_CURVE('',#7066,#6478,#7074,.T.);
#7074 = CIRCLE('',#7075,0.25);
#7075 = AXIS2_PLACEMENT_3D('',#7076,#7077,#7078);
#7076 = CARTESIAN_POINT('',(-0.7,-1.15,0.475));
#7077 = DIRECTION('',(1.144237745222E-17,1.,0.));
#7078 = DIRECTION('',(-0.984807753012,1.126854202784E-17,0.173648177667)
  );
#7079 = PLANE('',#7080);
#7080 = AXIS2_PLACEMENT_3D('',#7081,#7082,#7083);
#7081 = CARTESIAN_POINT('',(-0.931323080229,-1.15,0.33452717391));
#7082 = DIRECTION('',(1.144237745222E-17,1.,0.));
#7083 = DIRECTION('',(0.,-0.,1.));
#7084 = ADVANCED_FACE('',(#7085),#7103,.F.);
#7085 = FACE_BOUND('',#7086,.F.);
#7086 = EDGE_LOOP('',(#7087,#7088,#7096,#7102));
#7087 = ORIENTED_EDGE('',*,*,#6509,.T.);
#7088 = ORIENTED_EDGE('',*,*,#7089,.T.);
#7089 = EDGE_CURVE('',#6501,#7090,#7092,.T.);
#7090 = VERTEX_POINT('',#7091);
#7091 = CARTESIAN_POINT('',(-0.843471632406,-0.75,0.206587955583));
#7092 = LINE('',#7093,#7094);
#7093 = CARTESIAN_POINT('',(-0.798480775301,-0.75,0.492364817767));
#7094 = VECTOR('',#7095,1.);
#7095 = DIRECTION('',(-0.155518033909,1.779496044609E-18,-0.987833053268
    ));
#7096 = ORIENTED_EDGE('',*,*,#7097,.F.);
#7097 = EDGE_CURVE('',#7016,#7090,#7098,.T.);
#7098 = LINE('',#7099,#7100);
#7099 = CARTESIAN_POINT('',(-0.843471632406,-1.15,0.206587955583));
#7100 = VECTOR('',#7101,1.);
#7101 = DIRECTION('',(1.144237745222E-17,1.,0.));
#7102 = ORIENTED_EDGE('',*,*,#7015,.F.);
#7103 = PLANE('',#7104);
#7104 = AXIS2_PLACEMENT_3D('',#7105,#7106,#7107);
#7105 = CARTESIAN_POINT('',(-0.798480775301,-1.15,0.492364817767));
#7106 = DIRECTION('',(-0.987833053268,1.130315865527E-17,0.155518033909)
  );
#7107 = DIRECTION('',(-0.155518033909,1.779496044609E-18,-0.987833053268
    ));
#7108 = ADVANCED_FACE('',(#7109),#7171,.T.);
#7109 = FACE_BOUND('',#7110,.T.);
#7110 = EDGE_LOOP('',(#7111,#7112,#7113,#7114,#7123,#7131,#7139,#7147,
    #7156,#7164));
#7111 = ORIENTED_EDGE('',*,*,#6532,.F.);
#7112 = ORIENTED_EDGE('',*,*,#6500,.T.);
#7113 = ORIENTED_EDGE('',*,*,#7089,.T.);
#7114 = ORIENTED_EDGE('',*,*,#7115,.T.);
#7115 = EDGE_CURVE('',#7090,#7116,#7118,.T.);
#7116 = VERTEX_POINT('',#7117);
#7117 = CARTESIAN_POINT('',(-1.089673570659,-0.75,5.551115123126E-17));
#7118 = CIRCLE('',#7119,0.25);
#7119 = AXIS2_PLACEMENT_3D('',#7120,#7121,#7122);
#7120 = CARTESIAN_POINT('',(-1.089673570659,-0.75,0.25));
#7121 = DIRECTION('',(1.144237745222E-17,1.,3.851859888774E-34));
#7122 = DIRECTION('',(0.984807753012,-1.126854202784E-17,-0.173648177667
    ));
#7123 = ORIENTED_EDGE('',*,*,#7124,.T.);
#7124 = EDGE_CURVE('',#7116,#7125,#7127,.T.);
#7125 = VERTEX_POINT('',#7126);
#7126 = CARTESIAN_POINT('',(-1.25,-0.75,5.551115123126E-17));
#7127 = LINE('',#7128,#7129);
#7128 = CARTESIAN_POINT('',(-1.089673570659,-0.75,5.551115123126E-17));
#7129 = VECTOR('',#7130,1.);
#7130 = DIRECTION('',(-1.,1.144237745222E-17,0.));
#7131 = ORIENTED_EDGE('',*,*,#7132,.T.);
#7132 = EDGE_CURVE('',#7125,#7133,#7135,.T.);
#7133 = VERTEX_POINT('',#7134);
#7134 = CARTESIAN_POINT('',(-1.25,-0.75,0.15));
#7135 = LINE('',#7136,#7137);
#7136 = CARTESIAN_POINT('',(-1.25,-0.75,5.551115123126E-17));
#7137 = VECTOR('',#7138,1.);
#7138 = DIRECTION('',(0.,0.,1.));
#7139 = ORIENTED_EDGE('',*,*,#7140,.T.);
#7140 = EDGE_CURVE('',#7133,#7141,#7143,.T.);
#7141 = VERTEX_POINT('',#7142);
#7142 = CARTESIAN_POINT('',(-1.089673570659,-0.75,0.15));
#7143 = LINE('',#7144,#7145);
#7144 = CARTESIAN_POINT('',(-1.25,-0.75,0.15));
#7145 = VECTOR('',#7146,1.);
#7146 = DIRECTION('',(1.,-1.144237745222E-17,0.));
#7147 = ORIENTED_EDGE('',*,*,#7148,.T.);
#7148 = EDGE_CURVE('',#7141,#7149,#7151,.T.);
#7149 = VERTEX_POINT('',#7150);
#7150 = CARTESIAN_POINT('',(-0.991192795358,-0.75,0.232635182233));
#7151 = CIRCLE('',#7152,0.1);
#7152 = AXIS2_PLACEMENT_3D('',#7153,#7154,#7155);
#7153 = CARTESIAN_POINT('',(-1.089673570659,-0.75,0.25));
#7154 = DIRECTION('',(-1.144237745222E-17,-1.,1.094764425254E-47));
#7155 = DIRECTION('',(-2.22044604925E-15,2.540718180781E-32,-1.));
#7156 = ORIENTED_EDGE('',*,*,#7157,.T.);
#7157 = EDGE_CURVE('',#7149,#7158,#7160,.T.);
#7158 = VERTEX_POINT('',#7159);
#7159 = CARTESIAN_POINT('',(-0.946201938253,-0.75,0.518412044417));
#7160 = LINE('',#7161,#7162);
#7161 = CARTESIAN_POINT('',(-0.991192795358,-0.75,0.232635182233));
#7162 = VECTOR('',#7163,1.);
#7163 = DIRECTION('',(0.155518033909,-1.779496044609E-18,0.987833053268)
  );
#7164 = ORIENTED_EDGE('',*,*,#7165,.T.);
#7165 = EDGE_CURVE('',#7158,#6533,#7166,.T.);
#7166 = CIRCLE('',#7167,0.25);
#7167 = AXIS2_PLACEMENT_3D('',#7168,#7169,#7170);
#7168 = CARTESIAN_POINT('',(-0.7,-0.75,0.475));
#7169 = DIRECTION('',(1.144237745222E-17,1.,0.));
#7170 = DIRECTION('',(-0.984807753012,1.126854202784E-17,0.173648177667)
  );
#7171 = PLANE('',#7172);
#7172 = AXIS2_PLACEMENT_3D('',#7173,#7174,#7175);
#7173 = CARTESIAN_POINT('',(-0.931323080229,-0.75,0.33452717391));
#7174 = DIRECTION('',(1.144237745222E-17,1.,0.));
#7175 = DIRECTION('',(0.,-0.,1.));
#7176 = ADVANCED_FACE('',(#7177),#7188,.F.);
#7177 = FACE_BOUND('',#7178,.F.);
#7178 = EDGE_LOOP('',(#7179,#7180,#7181,#7182));
#7179 = ORIENTED_EDGE('',*,*,#6549,.T.);
#7180 = ORIENTED_EDGE('',*,*,#6756,.T.);
#7181 = ORIENTED_EDGE('',*,*,#6803,.F.);
#7182 = ORIENTED_EDGE('',*,*,#7183,.F.);
#7183 = EDGE_CURVE('',#6533,#6796,#7184,.T.);
#7184 = LINE('',#7185,#7186);
#7185 = CARTESIAN_POINT('',(-0.7,-0.75,0.725));
#7186 = VECTOR('',#7187,1.);
#7187 = DIRECTION('',(1.,-1.144237745222E-17,0.));
#7188 = PLANE('',#7189);
#7189 = AXIS2_PLACEMENT_3D('',#7190,#7191,#7192);
#7190 = CARTESIAN_POINT('',(-1.486299604971E-16,1.4875,0.725));
#7191 = DIRECTION('',(1.022886882533E-31,-6.310887241768E-27,-1.));
#7192 = DIRECTION('',(1.,1.217738924546E-16,1.022886882525E-31));
#7193 = ADVANCED_FACE('',(#7194),#7263,.F.);
#7194 = FACE_BOUND('',#7195,.F.);
#7195 = EDGE_LOOP('',(#7196,#7197,#7198,#7206,#7215,#7223,#7231,#7239,
    #7248,#7256));
#7196 = ORIENTED_EDGE('',*,*,#6541,.F.);
#7197 = ORIENTED_EDGE('',*,*,#6581,.T.);
#7198 = ORIENTED_EDGE('',*,*,#7199,.T.);
#7199 = EDGE_CURVE('',#6574,#7200,#7202,.T.);
#7200 = VERTEX_POINT('',#7201);
#7201 = CARTESIAN_POINT('',(-0.843471632406,0.75,0.206587955583));
#7202 = LINE('',#7203,#7204);
#7203 = CARTESIAN_POINT('',(-0.798480775301,0.75,0.492364817767));
#7204 = VECTOR('',#7205,1.);
#7205 = DIRECTION('',(-0.155518033909,1.779496044609E-18,-0.987833053268
    ));
#7206 = ORIENTED_EDGE('',*,*,#7207,.T.);
#7207 = EDGE_CURVE('',#7200,#7208,#7210,.T.);
#7208 = VERTEX_POINT('',#7209);
#7209 = CARTESIAN_POINT('',(-1.089673570659,0.75,5.551115123126E-17));
#7210 = CIRCLE('',#7211,0.25);
#7211 = AXIS2_PLACEMENT_3D('',#7212,#7213,#7214);
#7212 = CARTESIAN_POINT('',(-1.089673570659,0.75,0.25));
#7213 = DIRECTION('',(1.144237745222E-17,1.,3.851859888774E-34));
#7214 = DIRECTION('',(0.984807753012,-1.126854202784E-17,-0.173648177667
    ));
#7215 = ORIENTED_EDGE('',*,*,#7216,.T.);
#7216 = EDGE_CURVE('',#7208,#7217,#7219,.T.);
#7217 = VERTEX_POINT('',#7218);
#7218 = CARTESIAN_POINT('',(-1.25,0.75,5.551115123126E-17));
#7219 = LINE('',#7220,#7221);
#7220 = CARTESIAN_POINT('',(-1.089673570659,0.75,5.551115123126E-17));
#7221 = VECTOR('',#7222,1.);
#7222 = DIRECTION('',(-1.,1.144237745222E-17,0.));
#7223 = ORIENTED_EDGE('',*,*,#7224,.T.);
#7224 = EDGE_CURVE('',#7217,#7225,#7227,.T.);
#7225 = VERTEX_POINT('',#7226);
#7226 = CARTESIAN_POINT('',(-1.25,0.75,0.15));
#7227 = LINE('',#7228,#7229);
#7228 = CARTESIAN_POINT('',(-1.25,0.75,5.551115123126E-17));
#7229 = VECTOR('',#7230,1.);
#7230 = DIRECTION('',(0.,0.,1.));
#7231 = ORIENTED_EDGE('',*,*,#7232,.T.);
#7232 = EDGE_CURVE('',#7225,#7233,#7235,.T.);
#7233 = VERTEX_POINT('',#7234);
#7234 = CARTESIAN_POINT('',(-1.089673570659,0.75,0.15));
#7235 = LINE('',#7236,#7237);
#7236 = CARTESIAN_POINT('',(-1.25,0.75,0.15));
#7237 = VECTOR('',#7238,1.);
#7238 = DIRECTION('',(1.,-1.144237745222E-17,0.));
#7239 = ORIENTED_EDGE('',*,*,#7240,.T.);
#7240 = EDGE_CURVE('',#7233,#7241,#7243,.T.);
#7241 = VERTEX_POINT('',#7242);
#7242 = CARTESIAN_POINT('',(-0.991192795358,0.75,0.232635182233));
#7243 = CIRCLE('',#7244,0.1);
#7244 = AXIS2_PLACEMENT_3D('',#7245,#7246,#7247);
#7245 = CARTESIAN_POINT('',(-1.089673570659,0.75,0.25));
#7246 = DIRECTION('',(-1.144237745222E-17,-1.,1.094764425254E-47));
#7247 = DIRECTION('',(-2.22044604925E-15,2.540718180781E-32,-1.));
#7248 = ORIENTED_EDGE('',*,*,#7249,.T.);
#7249 = EDGE_CURVE('',#7241,#7250,#7252,.T.);
#7250 = VERTEX_POINT('',#7251);
#7251 = CARTESIAN_POINT('',(-0.946201938253,0.75,0.518412044417));
#7252 = LINE('',#7253,#7254);
#7253 = CARTESIAN_POINT('',(-0.991192795358,0.75,0.232635182233));
#7254 = VECTOR('',#7255,1.);
#7255 = DIRECTION('',(0.155518033909,-1.779496044609E-18,0.987833053268)
  );
#7256 = ORIENTED_EDGE('',*,*,#7257,.T.);
#7257 = EDGE_CURVE('',#7250,#6542,#7258,.T.);
#7258 = CIRCLE('',#7259,0.25);
#7259 = AXIS2_PLACEMENT_3D('',#7260,#7261,#7262);
#7260 = CARTESIAN_POINT('',(-0.7,0.75,0.475));
#7261 = DIRECTION('',(1.144237745222E-17,1.,0.));
#7262 = DIRECTION('',(-0.984807753012,1.126854202784E-17,0.173648177667)
  );
#7263 = PLANE('',#7264);
#7264 = AXIS2_PLACEMENT_3D('',#7265,#7266,#7267);
#7265 = CARTESIAN_POINT('',(-0.931323080229,0.75,0.33452717391));
#7266 = DIRECTION('',(1.144237745222E-17,1.,0.));
#7267 = DIRECTION('',(0.,-0.,1.));
#7268 = ADVANCED_FACE('',(#7269),#7287,.F.);
#7269 = FACE_BOUND('',#7270,.F.);
#7270 = EDGE_LOOP('',(#7271,#7272,#7280,#7286));
#7271 = ORIENTED_EDGE('',*,*,#6573,.T.);
#7272 = ORIENTED_EDGE('',*,*,#7273,.T.);
#7273 = EDGE_CURVE('',#6565,#7274,#7276,.T.);
#7274 = VERTEX_POINT('',#7275);
#7275 = CARTESIAN_POINT('',(-0.843471632406,1.15,0.206587955583));
#7276 = LINE('',#7277,#7278);
#7277 = CARTESIAN_POINT('',(-0.798480775301,1.15,0.492364817767));
#7278 = VECTOR('',#7279,1.);
#7279 = DIRECTION('',(-0.155518033909,1.779496044609E-18,-0.987833053268
    ));
#7280 = ORIENTED_EDGE('',*,*,#7281,.F.);
#7281 = EDGE_CURVE('',#7200,#7274,#7282,.T.);
#7282 = LINE('',#7283,#7284);
#7283 = CARTESIAN_POINT('',(-0.843471632406,0.75,0.206587955583));
#7284 = VECTOR('',#7285,1.);
#7285 = DIRECTION('',(1.144237745222E-17,1.,0.));
#7286 = ORIENTED_EDGE('',*,*,#7199,.F.);
#7287 = PLANE('',#7288);
#7288 = AXIS2_PLACEMENT_3D('',#7289,#7290,#7291);
#7289 = CARTESIAN_POINT('',(-0.798480775301,0.75,0.492364817767));
#7290 = DIRECTION('',(-0.987833053268,1.130315865527E-17,0.155518033909)
  );
#7291 = DIRECTION('',(-0.155518033909,1.779496044609E-18,-0.987833053268
    ));
#7292 = ADVANCED_FACE('',(#7293),#7355,.T.);
#7293 = FACE_BOUND('',#7294,.T.);
#7294 = EDGE_LOOP('',(#7295,#7296,#7297,#7298,#7307,#7315,#7323,#7331,
    #7340,#7348));
#7295 = ORIENTED_EDGE('',*,*,#6596,.F.);
#7296 = ORIENTED_EDGE('',*,*,#6564,.T.);
#7297 = ORIENTED_EDGE('',*,*,#7273,.T.);
#7298 = ORIENTED_EDGE('',*,*,#7299,.T.);
#7299 = EDGE_CURVE('',#7274,#7300,#7302,.T.);
#7300 = VERTEX_POINT('',#7301);
#7301 = CARTESIAN_POINT('',(-1.089673570659,1.15,5.551115123126E-17));
#7302 = CIRCLE('',#7303,0.25);
#7303 = AXIS2_PLACEMENT_3D('',#7304,#7305,#7306);
#7304 = CARTESIAN_POINT('',(-1.089673570659,1.15,0.25));
#7305 = DIRECTION('',(1.144237745222E-17,1.,3.851859888774E-34));
#7306 = DIRECTION('',(0.984807753012,-1.126854202784E-17,-0.173648177667
    ));
#7307 = ORIENTED_EDGE('',*,*,#7308,.T.);
#7308 = EDGE_CURVE('',#7300,#7309,#7311,.T.);
#7309 = VERTEX_POINT('',#7310);
#7310 = CARTESIAN_POINT('',(-1.25,1.15,5.551115123126E-17));
#7311 = LINE('',#7312,#7313);
#7312 = CARTESIAN_POINT('',(-1.089673570659,1.15,5.551115123126E-17));
#7313 = VECTOR('',#7314,1.);
#7314 = DIRECTION('',(-1.,1.144237745222E-17,0.));
#7315 = ORIENTED_EDGE('',*,*,#7316,.T.);
#7316 = EDGE_CURVE('',#7309,#7317,#7319,.T.);
#7317 = VERTEX_POINT('',#7318);
#7318 = CARTESIAN_POINT('',(-1.25,1.15,0.15));
#7319 = LINE('',#7320,#7321);
#7320 = CARTESIAN_POINT('',(-1.25,1.15,5.551115123126E-17));
#7321 = VECTOR('',#7322,1.);
#7322 = DIRECTION('',(0.,0.,1.));
#7323 = ORIENTED_EDGE('',*,*,#7324,.T.);
#7324 = EDGE_CURVE('',#7317,#7325,#7327,.T.);
#7325 = VERTEX_POINT('',#7326);
#7326 = CARTESIAN_POINT('',(-1.089673570659,1.15,0.15));
#7327 = LINE('',#7328,#7329);
#7328 = CARTESIAN_POINT('',(-1.25,1.15,0.15));
#7329 = VECTOR('',#7330,1.);
#7330 = DIRECTION('',(1.,-1.144237745222E-17,0.));
#7331 = ORIENTED_EDGE('',*,*,#7332,.T.);
#7332 = EDGE_CURVE('',#7325,#7333,#7335,.T.);
#7333 = VERTEX_POINT('',#7334);
#7334 = CARTESIAN_POINT('',(-0.991192795358,1.15,0.232635182233));
#7335 = CIRCLE('',#7336,0.1);
#7336 = AXIS2_PLACEMENT_3D('',#7337,#7338,#7339);
#7337 = CARTESIAN_POINT('',(-1.089673570659,1.15,0.25));
#7338 = DIRECTION('',(-1.144237745222E-17,-1.,1.094764425254E-47));
#7339 = DIRECTION('',(-2.22044604925E-15,2.540718180781E-32,-1.));
#7340 = ORIENTED_EDGE('',*,*,#7341,.T.);
#7341 = EDGE_CURVE('',#7333,#7342,#7344,.T.);
#7342 = VERTEX_POINT('',#7343);
#7343 = CARTESIAN_POINT('',(-0.946201938253,1.15,0.518412044417));
#7344 = LINE('',#7345,#7346);
#7345 = CARTESIAN_POINT('',(-0.991192795358,1.15,0.232635182233));
#7346 = VECTOR('',#7347,1.);
#7347 = DIRECTION('',(0.155518033909,-1.779496044609E-18,0.987833053268)
  );
#7348 = ORIENTED_EDGE('',*,*,#7349,.T.);
#7349 = EDGE_CURVE('',#7342,#6432,#7350,.T.);
#7350 = CIRCLE('',#7351,0.25);
#7351 = AXIS2_PLACEMENT_3D('',#7352,#7353,#7354);
#7352 = CARTESIAN_POINT('',(-0.7,1.15,0.475));
#7353 = DIRECTION('',(1.144237745222E-17,1.,0.));
#7354 = DIRECTION('',(-0.984807753012,1.126854202784E-17,0.173648177667)
  );
#7355 = PLANE('',#7356);
#7356 = AXIS2_PLACEMENT_3D('',#7357,#7358,#7359);
#7357 = CARTESIAN_POINT('',(-0.931323080229,1.15,0.33452717391));
#7358 = DIRECTION('',(1.144237745222E-17,1.,0.));
#7359 = DIRECTION('',(0.,-0.,1.));
#7360 = ADVANCED_FACE('',(#7361),#7430,.F.);
#7361 = FACE_BOUND('',#7362,.F.);
#7362 = EDGE_LOOP('',(#7363,#7364,#7365,#7373,#7382,#7390,#7398,#7406,
    #7415,#7423));
#7363 = ORIENTED_EDGE('',*,*,#6615,.F.);
#7364 = ORIENTED_EDGE('',*,*,#6648,.T.);
#7365 = ORIENTED_EDGE('',*,*,#7366,.T.);
#7366 = EDGE_CURVE('',#6641,#7367,#7369,.T.);
#7367 = VERTEX_POINT('',#7368);
#7368 = CARTESIAN_POINT('',(0.843471632406,0.2,0.206587955583));
#7369 = LINE('',#7370,#7371);
#7370 = CARTESIAN_POINT('',(0.798480775301,0.2,0.492364817767));
#7371 = VECTOR('',#7372,1.);
#7372 = DIRECTION('',(0.155518033909,1.726597019897E-17,-0.987833053268)
  );
#7373 = ORIENTED_EDGE('',*,*,#7374,.T.);
#7374 = EDGE_CURVE('',#7367,#7375,#7377,.T.);
#7375 = VERTEX_POINT('',#7376);
#7376 = CARTESIAN_POINT('',(1.089673570659,0.2,5.551115123126E-17));
#7377 = CIRCLE('',#7378,0.25);
#7378 = AXIS2_PLACEMENT_3D('',#7379,#7380,#7381);
#7379 = CARTESIAN_POINT('',(1.089673570659,0.2,0.25));
#7380 = DIRECTION('',(1.110223024625E-16,-1.,0.));
#7381 = DIRECTION('',(-0.984807753012,-1.093356242223E-16,
    -0.173648177667));
#7382 = ORIENTED_EDGE('',*,*,#7383,.T.);
#7383 = EDGE_CURVE('',#7375,#7384,#7386,.T.);
#7384 = VERTEX_POINT('',#7385);
#7385 = CARTESIAN_POINT('',(1.25,0.2,5.551115123126E-17));
#7386 = LINE('',#7387,#7388);
#7387 = CARTESIAN_POINT('',(1.089673570659,0.2,5.551115123126E-17));
#7388 = VECTOR('',#7389,1.);
#7389 = DIRECTION('',(1.,1.110223024625E-16,0.));
#7390 = ORIENTED_EDGE('',*,*,#7391,.T.);
#7391 = EDGE_CURVE('',#7384,#7392,#7394,.T.);
#7392 = VERTEX_POINT('',#7393);
#7393 = CARTESIAN_POINT('',(1.25,0.2,0.15));
#7394 = LINE('',#7395,#7396);
#7395 = CARTESIAN_POINT('',(1.25,0.2,5.551115123126E-17));
#7396 = VECTOR('',#7397,1.);
#7397 = DIRECTION('',(0.,0.,1.));
#7398 = ORIENTED_EDGE('',*,*,#7399,.T.);
#7399 = EDGE_CURVE('',#7392,#7400,#7402,.T.);
#7400 = VERTEX_POINT('',#7401);
#7401 = CARTESIAN_POINT('',(1.089673570659,0.2,0.15));
#7402 = LINE('',#7403,#7404);
#7403 = CARTESIAN_POINT('',(1.25,0.2,0.15));
#7404 = VECTOR('',#7405,1.);
#7405 = DIRECTION('',(-1.,-1.110223024625E-16,0.));
#7406 = ORIENTED_EDGE('',*,*,#7407,.T.);
#7407 = EDGE_CURVE('',#7400,#7408,#7410,.T.);
#7408 = VERTEX_POINT('',#7409);
#7409 = CARTESIAN_POINT('',(0.991192795358,0.2,0.232635182233));
#7410 = CIRCLE('',#7411,0.1);
#7411 = AXIS2_PLACEMENT_3D('',#7412,#7413,#7414);
#7412 = CARTESIAN_POINT('',(1.089673570659,0.2,0.25));
#7413 = DIRECTION('',(-1.110223024625E-16,1.,0.));
#7414 = DIRECTION('',(2.22044604925E-15,2.465190328815E-31,-1.));
#7415 = ORIENTED_EDGE('',*,*,#7416,.T.);
#7416 = EDGE_CURVE('',#7408,#7417,#7419,.T.);
#7417 = VERTEX_POINT('',#7418);
#7418 = CARTESIAN_POINT('',(0.946201938253,0.2,0.518412044417));
#7419 = LINE('',#7420,#7421);
#7420 = CARTESIAN_POINT('',(0.991192795358,0.2,0.232635182233));
#7421 = VECTOR('',#7422,1.);
#7422 = DIRECTION('',(-0.155518033909,-1.726597019897E-17,0.987833053268
    ));
#7423 = ORIENTED_EDGE('',*,*,#7424,.T.);
#7424 = EDGE_CURVE('',#7417,#6376,#7425,.T.);
#7425 = CIRCLE('',#7426,0.25);
#7426 = AXIS2_PLACEMENT_3D('',#7427,#7428,#7429);
#7427 = CARTESIAN_POINT('',(0.7,0.2,0.475));
#7428 = DIRECTION('',(1.110223024625E-16,-1.,0.));
#7429 = DIRECTION('',(0.984807753012,1.093356242223E-16,0.173648177667)
  );
#7430 = PLANE('',#7431);
#7431 = AXIS2_PLACEMENT_3D('',#7432,#7433,#7434);
#7432 = CARTESIAN_POINT('',(0.931323080229,0.2,0.33452717391));
#7433 = DIRECTION('',(1.110223024625E-16,-1.,0.));
#7434 = DIRECTION('',(0.,0.,1.));
#7435 = ADVANCED_FACE('',(#7436),#7454,.F.);
#7436 = FACE_BOUND('',#7437,.F.);
#7437 = EDGE_LOOP('',(#7438,#7439,#7447,#7453));
#7438 = ORIENTED_EDGE('',*,*,#6640,.T.);
#7439 = ORIENTED_EDGE('',*,*,#7440,.T.);
#7440 = EDGE_CURVE('',#6632,#7441,#7443,.T.);
#7441 = VERTEX_POINT('',#7442);
#7442 = CARTESIAN_POINT('',(0.843471632406,-0.2,0.206587955583));
#7443 = LINE('',#7444,#7445);
#7444 = CARTESIAN_POINT('',(0.798480775301,-0.2,0.492364817767));
#7445 = VECTOR('',#7446,1.);
#7446 = DIRECTION('',(0.155518033909,1.726597019897E-17,-0.987833053268)
  );
#7447 = ORIENTED_EDGE('',*,*,#7448,.F.);
#7448 = EDGE_CURVE('',#7367,#7441,#7449,.T.);
#7449 = LINE('',#7450,#7451);
#7450 = CARTESIAN_POINT('',(0.843471632406,0.2,0.206587955583));
#7451 = VECTOR('',#7452,1.);
#7452 = DIRECTION('',(1.110223024625E-16,-1.,0.));
#7453 = ORIENTED_EDGE('',*,*,#7366,.F.);
#7454 = PLANE('',#7455);
#7455 = AXIS2_PLACEMENT_3D('',#7456,#7457,#7458);
#7456 = CARTESIAN_POINT('',(0.798480775301,0.2,0.492364817767));
#7457 = DIRECTION('',(0.987833053268,1.096715000224E-16,0.155518033909)
  );
#7458 = DIRECTION('',(0.155518033909,1.726597019897E-17,-0.987833053268)
  );
#7459 = ADVANCED_FACE('',(#7460),#7522,.T.);
#7460 = FACE_BOUND('',#7461,.T.);
#7461 = EDGE_LOOP('',(#7462,#7463,#7464,#7465,#7474,#7482,#7490,#7498,
    #7507,#7515));
#7462 = ORIENTED_EDGE('',*,*,#6663,.F.);
#7463 = ORIENTED_EDGE('',*,*,#6631,.T.);
#7464 = ORIENTED_EDGE('',*,*,#7440,.T.);
#7465 = ORIENTED_EDGE('',*,*,#7466,.T.);
#7466 = EDGE_CURVE('',#7441,#7467,#7469,.T.);
#7467 = VERTEX_POINT('',#7468);
#7468 = CARTESIAN_POINT('',(1.089673570659,-0.2,5.551115123126E-17));
#7469 = CIRCLE('',#7470,0.25);
#7470 = AXIS2_PLACEMENT_3D('',#7471,#7472,#7473);
#7471 = CARTESIAN_POINT('',(1.089673570659,-0.2,0.25));
#7472 = DIRECTION('',(1.110223024625E-16,-1.,0.));
#7473 = DIRECTION('',(-0.984807753012,-1.093356242223E-16,
    -0.173648177667));
#7474 = ORIENTED_EDGE('',*,*,#7475,.T.);
#7475 = EDGE_CURVE('',#7467,#7476,#7478,.T.);
#7476 = VERTEX_POINT('',#7477);
#7477 = CARTESIAN_POINT('',(1.25,-0.2,5.551115123126E-17));
#7478 = LINE('',#7479,#7480);
#7479 = CARTESIAN_POINT('',(1.089673570659,-0.2,5.551115123126E-17));
#7480 = VECTOR('',#7481,1.);
#7481 = DIRECTION('',(1.,1.110223024625E-16,0.));
#7482 = ORIENTED_EDGE('',*,*,#7483,.T.);
#7483 = EDGE_CURVE('',#7476,#7484,#7486,.T.);
#7484 = VERTEX_POINT('',#7485);
#7485 = CARTESIAN_POINT('',(1.25,-0.2,0.15));
#7486 = LINE('',#7487,#7488);
#7487 = CARTESIAN_POINT('',(1.25,-0.2,5.551115123126E-17));
#7488 = VECTOR('',#7489,1.);
#7489 = DIRECTION('',(0.,0.,1.));
#7490 = ORIENTED_EDGE('',*,*,#7491,.T.);
#7491 = EDGE_CURVE('',#7484,#7492,#7494,.T.);
#7492 = VERTEX_POINT('',#7493);
#7493 = CARTESIAN_POINT('',(1.089673570659,-0.2,0.15));
#7494 = LINE('',#7495,#7496);
#7495 = CARTESIAN_POINT('',(1.25,-0.2,0.15));
#7496 = VECTOR('',#7497,1.);
#7497 = DIRECTION('',(-1.,-1.110223024625E-16,0.));
#7498 = ORIENTED_EDGE('',*,*,#7499,.T.);
#7499 = EDGE_CURVE('',#7492,#7500,#7502,.T.);
#7500 = VERTEX_POINT('',#7501);
#7501 = CARTESIAN_POINT('',(0.991192795358,-0.2,0.232635182233));
#7502 = CIRCLE('',#7503,0.1);
#7503 = AXIS2_PLACEMENT_3D('',#7504,#7505,#7506);
#7504 = CARTESIAN_POINT('',(1.089673570659,-0.2,0.25));
#7505 = DIRECTION('',(-1.110223024625E-16,1.,0.));
#7506 = DIRECTION('',(2.22044604925E-15,2.465190328815E-31,-1.));
#7507 = ORIENTED_EDGE('',*,*,#7508,.T.);
#7508 = EDGE_CURVE('',#7500,#7509,#7511,.T.);
#7509 = VERTEX_POINT('',#7510);
#7510 = CARTESIAN_POINT('',(0.946201938253,-0.2,0.518412044417));
#7511 = LINE('',#7512,#7513);
#7512 = CARTESIAN_POINT('',(0.991192795358,-0.2,0.232635182233));
#7513 = VECTOR('',#7514,1.);
#7514 = DIRECTION('',(-0.155518033909,-1.726597019897E-17,0.987833053268
    ));
#7515 = ORIENTED_EDGE('',*,*,#7516,.T.);
#7516 = EDGE_CURVE('',#7509,#6664,#7517,.T.);
#7517 = CIRCLE('',#7518,0.25);
#7518 = AXIS2_PLACEMENT_3D('',#7519,#7520,#7521);
#7519 = CARTESIAN_POINT('',(0.7,-0.2,0.475));
#7520 = DIRECTION('',(1.110223024625E-16,-1.,0.));
#7521 = DIRECTION('',(0.984807753012,1.093356242223E-16,0.173648177667)
  );
#7522 = PLANE('',#7523);
#7523 = AXIS2_PLACEMENT_3D('',#7524,#7525,#7526);
#7524 = CARTESIAN_POINT('',(0.931323080229,-0.2,0.33452717391));
#7525 = DIRECTION('',(1.110223024625E-16,-1.,0.));
#7526 = DIRECTION('',(0.,0.,1.));
#7527 = ADVANCED_FACE('',(#7528),#7539,.T.);
#7528 = FACE_BOUND('',#7529,.T.);
#7529 = EDGE_LOOP('',(#7530,#7531,#7532,#7533));
#7530 = ORIENTED_EDGE('',*,*,#7257,.T.);
#7531 = ORIENTED_EDGE('',*,*,#6764,.T.);
#7532 = ORIENTED_EDGE('',*,*,#7349,.F.);
#7533 = ORIENTED_EDGE('',*,*,#7534,.F.);
#7534 = EDGE_CURVE('',#7250,#7342,#7535,.T.);
#7535 = LINE('',#7536,#7537);
#7536 = CARTESIAN_POINT('',(-0.946201938253,0.75,0.518412044417));
#7537 = VECTOR('',#7538,1.);
#7538 = DIRECTION('',(1.144237745222E-17,1.,0.));
#7539 = CYLINDRICAL_SURFACE('',#7540,0.25);
#7540 = AXIS2_PLACEMENT_3D('',#7541,#7542,#7543);
#7541 = CARTESIAN_POINT('',(-0.7,0.75,0.475));
#7542 = DIRECTION('',(-1.144237745222E-17,-1.,0.));
#7543 = DIRECTION('',(-0.984807753012,1.126854202784E-17,0.173648177667)
  );
#7544 = ADVANCED_FACE('',(#7545),#7556,.F.);
#7545 = FACE_BOUND('',#7546,.F.);
#7546 = EDGE_LOOP('',(#7547,#7548,#7554,#7555));
#7547 = ORIENTED_EDGE('',*,*,#6975,.F.);
#7548 = ORIENTED_EDGE('',*,*,#7549,.T.);
#7549 = EDGE_CURVE('',#6478,#6533,#7550,.T.);
#7550 = LINE('',#7551,#7552);
#7551 = CARTESIAN_POINT('',(-0.7,-1.15,0.725));
#7552 = VECTOR('',#7553,1.);
#7553 = DIRECTION('',(1.144237745222E-17,1.,0.));
#7554 = ORIENTED_EDGE('',*,*,#7183,.T.);
#7555 = ORIENTED_EDGE('',*,*,#6795,.F.);
#7556 = PLANE('',#7557);
#7557 = AXIS2_PLACEMENT_3D('',#7558,#7559,#7560);
#7558 = CARTESIAN_POINT('',(-0.7,-1.15,0.725));
#7559 = DIRECTION('',(0.,0.,-1.));
#7560 = DIRECTION('',(1.,-1.144237745222E-17,0.));
#7561 = ADVANCED_FACE('',(#7562,#7591),#7602,.T.);
#7562 = FACE_BOUND('',#7563,.T.);
#7563 = EDGE_LOOP('',(#7564,#7565,#7566,#7567,#7575,#7583,#7589,#7590));
#7564 = ORIENTED_EDGE('',*,*,#6870,.F.);
#7565 = ORIENTED_EDGE('',*,*,#6847,.F.);
#7566 = ORIENTED_EDGE('',*,*,#6818,.F.);
#7567 = ORIENTED_EDGE('',*,*,#7568,.F.);
#7568 = EDGE_CURVE('',#7569,#6819,#7571,.T.);
#7569 = VERTEX_POINT('',#7570);
#7570 = CARTESIAN_POINT('',(-0.559121551758,-1.408243103516,1.2));
#7571 = LINE('',#7572,#7573);
#7572 = CARTESIAN_POINT('',(-0.559121551758,-1.408243103516,1.2));
#7573 = VECTOR('',#7574,1.);
#7574 = DIRECTION('',(-0.707106781187,0.707106781187,0.));
#7575 = ORIENTED_EDGE('',*,*,#7576,.F.);
#7576 = EDGE_CURVE('',#7577,#7569,#7579,.T.);
#7577 = VERTEX_POINT('',#7578);
#7578 = CARTESIAN_POINT('',(0.559121551758,-1.408243103516,1.2));
#7579 = LINE('',#7580,#7581);
#7580 = CARTESIAN_POINT('',(0.559121551758,-1.408243103516,1.2));
#7581 = VECTOR('',#7582,1.);
#7582 = DIRECTION('',(-1.,-1.110223024625E-16,0.));
#7583 = ORIENTED_EDGE('',*,*,#7584,.F.);
#7584 = EDGE_CURVE('',#6926,#7577,#7585,.T.);
#7585 = LINE('',#7586,#7587);
#7586 = CARTESIAN_POINT('',(0.608243103516,-1.359121551758,1.2));
#7587 = VECTOR('',#7588,1.);
#7588 = DIRECTION('',(-0.707106781187,-0.707106781187,0.));
#7589 = ORIENTED_EDGE('',*,*,#6932,.F.);
#7590 = ORIENTED_EDGE('',*,*,#6893,.F.);
#7591 = FACE_BOUND('',#7592,.T.);
#7592 = EDGE_LOOP('',(#7593));
#7593 = ORIENTED_EDGE('',*,*,#7594,.T.);
#7594 = EDGE_CURVE('',#7595,#7595,#7597,.T.);
#7595 = VERTEX_POINT('',#7596);
#7596 = CARTESIAN_POINT('',(-0.428243103516,1.178243103516,1.2));
#7597 = CIRCLE('',#7598,5.E-02);
#7598 = AXIS2_PLACEMENT_3D('',#7599,#7600,#7601);
#7599 = CARTESIAN_POINT('',(-0.428243103516,1.228243103516,1.2));
#7600 = DIRECTION('',(0.,-0.,-1.));
#7601 = DIRECTION('',(1.110223024625E-16,-1.,0.));
#7602 = PLANE('',#7603);
#7603 = AXIS2_PLACEMENT_3D('',#7604,#7605,#7606);
#7604 = CARTESIAN_POINT('',(-0.559121551758,1.408243103516,1.2));
#7605 = DIRECTION('',(0.,0.,1.));
#7606 = DIRECTION('',(0.369013679242,-0.929423963825,0.));
#7607 = ADVANCED_FACE('',(#7608),#7618,.F.);
#7608 = FACE_BOUND('',#7609,.F.);
#7609 = EDGE_LOOP('',(#7610,#7611,#7612,#7613));
#7610 = ORIENTED_EDGE('',*,*,#6982,.T.);
#7611 = ORIENTED_EDGE('',*,*,#6826,.T.);
#7612 = ORIENTED_EDGE('',*,*,#7568,.F.);
#7613 = ORIENTED_EDGE('',*,*,#7614,.F.);
#7614 = EDGE_CURVE('',#6983,#7569,#7615,.T.);
#7615 = B_SPLINE_CURVE_WITH_KNOTS('',1,(#7616,#7617),.UNSPECIFIED.,.F.,
  .F.,(2,2),(0.,1.),.PIECEWISE_BEZIER_KNOTS.);
#7616 = CARTESIAN_POINT('',(-0.5925,-1.475,0.725));
#7617 = CARTESIAN_POINT('',(-0.559121551758,-1.408243103516,1.2));
#7618 = B_SPLINE_SURFACE_WITH_KNOTS('',1,1,(
    (#7619,#7620)
    ,(#7621,#7622
    )),.UNSPECIFIED.,.F.,.F.,.F.,(2,2),(2,2),(0.,0.116672618896),(0.,1.)
  ,.PIECEWISE_BEZIER_KNOTS.);
#7619 = CARTESIAN_POINT('',(-0.5925,-1.475,0.725));
#7620 = CARTESIAN_POINT('',(-0.559121551758,-1.408243103516,1.2));
#7621 = CARTESIAN_POINT('',(-0.675,-1.3925,0.725));
#7622 = CARTESIAN_POINT('',(-0.608243103516,-1.359121551758,1.2));
#7623 = ADVANCED_FACE('',(#7624),#7634,.F.);
#7624 = FACE_BOUND('',#7625,.F.);
#7625 = EDGE_LOOP('',(#7626,#7627,#7632,#7633));
#7626 = ORIENTED_EDGE('',*,*,#6998,.T.);
#7627 = ORIENTED_EDGE('',*,*,#7628,.T.);
#7628 = EDGE_CURVE('',#6991,#7577,#7629,.T.);
#7629 = B_SPLINE_CURVE_WITH_KNOTS('',1,(#7630,#7631),.UNSPECIFIED.,.F.,
  .F.,(2,2),(0.,1.),.PIECEWISE_BEZIER_KNOTS.);
#7630 = CARTESIAN_POINT('',(0.5925,-1.475,0.725));
#7631 = CARTESIAN_POINT('',(0.559121551758,-1.408243103516,1.2));
#7632 = ORIENTED_EDGE('',*,*,#7584,.F.);
#7633 = ORIENTED_EDGE('',*,*,#6925,.F.);
#7634 = B_SPLINE_SURFACE_WITH_KNOTS('',1,1,(
    (#7635,#7636)
    ,(#7637,#7638
    )),.UNSPECIFIED.,.F.,.F.,.F.,(2,2),(2,2),(0.,0.116672618896),(0.,1.)
  ,.PIECEWISE_BEZIER_KNOTS.);
#7635 = CARTESIAN_POINT('',(0.675,-1.3925,0.725));
#7636 = CARTESIAN_POINT('',(0.608243103516,-1.359121551758,1.2));
#7637 = CARTESIAN_POINT('',(0.5925,-1.475,0.725));
#7638 = CARTESIAN_POINT('',(0.559121551758,-1.408243103516,1.2));
#7639 = ADVANCED_FACE('',(#7640),#7651,.T.);
#7640 = FACE_BOUND('',#7641,.T.);
#7641 = EDGE_LOOP('',(#7642,#7643,#7644,#7645));
#7642 = ORIENTED_EDGE('',*,*,#7424,.T.);
#7643 = ORIENTED_EDGE('',*,*,#6948,.T.);
#7644 = ORIENTED_EDGE('',*,*,#7516,.F.);
#7645 = ORIENTED_EDGE('',*,*,#7646,.F.);
#7646 = EDGE_CURVE('',#7417,#7509,#7647,.T.);
#7647 = LINE('',#7648,#7649);
#7648 = CARTESIAN_POINT('',(0.946201938253,0.2,0.518412044417));
#7649 = VECTOR('',#7650,1.);
#7650 = DIRECTION('',(1.110223024625E-16,-1.,0.));
#7651 = CYLINDRICAL_SURFACE('',#7652,0.25);
#7652 = AXIS2_PLACEMENT_3D('',#7653,#7654,#7655);
#7653 = CARTESIAN_POINT('',(0.7,0.2,0.475));
#7654 = DIRECTION('',(-1.110223024625E-16,1.,0.));
#7655 = DIRECTION('',(0.984807753012,1.093356242223E-16,0.173648177667)
  );
#7656 = ADVANCED_FACE('',(#7657),#7663,.F.);
#7657 = FACE_BOUND('',#7658,.F.);
#7658 = EDGE_LOOP('',(#7659,#7660,#7661,#7662));
#7659 = ORIENTED_EDGE('',*,*,#6990,.T.);
#7660 = ORIENTED_EDGE('',*,*,#7614,.T.);
#7661 = ORIENTED_EDGE('',*,*,#7576,.F.);
#7662 = ORIENTED_EDGE('',*,*,#7628,.F.);
#7663 = B_SPLINE_SURFACE_WITH_KNOTS('',1,1,(
    (#7664,#7665)
    ,(#7666,#7667
    )),.UNSPECIFIED.,.F.,.F.,.F.,(2,2),(2,2),(0.,1.185),(0.,1.),
  .PIECEWISE_BEZIER_KNOTS.);
#7664 = CARTESIAN_POINT('',(0.5925,-1.475,0.725));
#7665 = CARTESIAN_POINT('',(0.559121551758,-1.408243103516,1.2));
#7666 = CARTESIAN_POINT('',(-0.5925,-1.475,0.725));
#7667 = CARTESIAN_POINT('',(-0.559121551758,-1.408243103516,1.2));
#7668 = ADVANCED_FACE('',(#7669),#7680,.T.);
#7669 = FACE_BOUND('',#7670,.T.);
#7670 = EDGE_LOOP('',(#7671,#7672,#7673,#7674));
#7671 = ORIENTED_EDGE('',*,*,#7073,.T.);
#7672 = ORIENTED_EDGE('',*,*,#7549,.T.);
#7673 = ORIENTED_EDGE('',*,*,#7165,.F.);
#7674 = ORIENTED_EDGE('',*,*,#7675,.F.);
#7675 = EDGE_CURVE('',#7066,#7158,#7676,.T.);
#7676 = LINE('',#7677,#7678);
#7677 = CARTESIAN_POINT('',(-0.946201938253,-1.15,0.518412044417));
#7678 = VECTOR('',#7679,1.);
#7679 = DIRECTION('',(1.144237745222E-17,1.,0.));
#7680 = CYLINDRICAL_SURFACE('',#7681,0.25);
#7681 = AXIS2_PLACEMENT_3D('',#7682,#7683,#7684);
#7682 = CARTESIAN_POINT('',(-0.7,-1.15,0.475));
#7683 = DIRECTION('',(-1.144237745222E-17,-1.,0.));
#7684 = DIRECTION('',(-0.984807753012,1.126854202784E-17,0.173648177667)
  );
#7685 = ADVANCED_FACE('',(#7686),#7697,.F.);
#7686 = FACE_BOUND('',#7687,.F.);
#7687 = EDGE_LOOP('',(#7688,#7694,#7695,#7696));
#7688 = ORIENTED_EDGE('',*,*,#7689,.T.);
#7689 = EDGE_CURVE('',#7057,#7149,#7690,.T.);
#7690 = LINE('',#7691,#7692);
#7691 = CARTESIAN_POINT('',(-0.991192795358,-1.15,0.232635182233));
#7692 = VECTOR('',#7693,1.);
#7693 = DIRECTION('',(1.144237745222E-17,1.,0.));
#7694 = ORIENTED_EDGE('',*,*,#7157,.T.);
#7695 = ORIENTED_EDGE('',*,*,#7675,.F.);
#7696 = ORIENTED_EDGE('',*,*,#7065,.F.);
#7697 = PLANE('',#7698);
#7698 = AXIS2_PLACEMENT_3D('',#7699,#7700,#7701);
#7699 = CARTESIAN_POINT('',(-0.991192795358,-1.15,0.232635182233));
#7700 = DIRECTION('',(0.987833053268,-1.130315865527E-17,-0.155518033909
    ));
#7701 = DIRECTION('',(0.155518033909,-1.779496044609E-18,0.987833053268)
  );
#7702 = ADVANCED_FACE('',(#7703),#7714,.F.);
#7703 = FACE_BOUND('',#7704,.F.);
#7704 = EDGE_LOOP('',(#7705,#7711,#7712,#7713));
#7705 = ORIENTED_EDGE('',*,*,#7706,.T.);
#7706 = EDGE_CURVE('',#7049,#7141,#7707,.T.);
#7707 = LINE('',#7708,#7709);
#7708 = CARTESIAN_POINT('',(-1.089673570659,-1.15,0.15));
#7709 = VECTOR('',#7710,1.);
#7710 = DIRECTION('',(1.144237745222E-17,1.,0.));
#7711 = ORIENTED_EDGE('',*,*,#7148,.T.);
#7712 = ORIENTED_EDGE('',*,*,#7689,.F.);
#7713 = ORIENTED_EDGE('',*,*,#7056,.F.);
#7714 = CYLINDRICAL_SURFACE('',#7715,0.1);
#7715 = AXIS2_PLACEMENT_3D('',#7716,#7717,#7718);
#7716 = CARTESIAN_POINT('',(-1.089673570659,-1.15,0.25));
#7717 = DIRECTION('',(-1.144237745222E-17,-1.,0.));
#7718 = DIRECTION('',(-2.22044604925E-15,2.540718180781E-32,-1.));
#7719 = ADVANCED_FACE('',(#7720),#7731,.F.);
#7720 = FACE_BOUND('',#7721,.F.);
#7721 = EDGE_LOOP('',(#7722,#7728,#7729,#7730));
#7722 = ORIENTED_EDGE('',*,*,#7723,.T.);
#7723 = EDGE_CURVE('',#7041,#7133,#7724,.T.);
#7724 = LINE('',#7725,#7726);
#7725 = CARTESIAN_POINT('',(-1.25,-1.15,0.15));
#7726 = VECTOR('',#7727,1.);
#7727 = DIRECTION('',(1.144237745222E-17,1.,0.));
#7728 = ORIENTED_EDGE('',*,*,#7140,.T.);
#7729 = ORIENTED_EDGE('',*,*,#7706,.F.);
#7730 = ORIENTED_EDGE('',*,*,#7048,.F.);
#7731 = PLANE('',#7732);
#7732 = AXIS2_PLACEMENT_3D('',#7733,#7734,#7735);
#7733 = CARTESIAN_POINT('',(-1.25,-1.15,0.15));
#7734 = DIRECTION('',(0.,0.,-1.));
#7735 = DIRECTION('',(1.,-1.144237745222E-17,0.));
#7736 = ADVANCED_FACE('',(#7737),#7748,.F.);
#7737 = FACE_BOUND('',#7738,.F.);
#7738 = EDGE_LOOP('',(#7739,#7745,#7746,#7747));
#7739 = ORIENTED_EDGE('',*,*,#7740,.T.);
#7740 = EDGE_CURVE('',#7033,#7125,#7741,.T.);
#7741 = LINE('',#7742,#7743);
#7742 = CARTESIAN_POINT('',(-1.25,-1.15,5.551115123126E-17));
#7743 = VECTOR('',#7744,1.);
#7744 = DIRECTION('',(1.144237745222E-17,1.,0.));
#7745 = ORIENTED_EDGE('',*,*,#7132,.T.);
#7746 = ORIENTED_EDGE('',*,*,#7723,.F.);
#7747 = ORIENTED_EDGE('',*,*,#7040,.F.);
#7748 = PLANE('',#7749);
#7749 = AXIS2_PLACEMENT_3D('',#7750,#7751,#7752);
#7750 = CARTESIAN_POINT('',(-1.25,-1.15,5.551115123126E-17));
#7751 = DIRECTION('',(1.,-1.144237745222E-17,0.));
#7752 = DIRECTION('',(0.,0.,1.));
#7753 = ADVANCED_FACE('',(#7754),#7765,.F.);
#7754 = FACE_BOUND('',#7755,.F.);
#7755 = EDGE_LOOP('',(#7756,#7762,#7763,#7764));
#7756 = ORIENTED_EDGE('',*,*,#7757,.T.);
#7757 = EDGE_CURVE('',#7024,#7116,#7758,.T.);
#7758 = LINE('',#7759,#7760);
#7759 = CARTESIAN_POINT('',(-1.089673570659,-1.15,5.551115123126E-17));
#7760 = VECTOR('',#7761,1.);
#7761 = DIRECTION('',(1.144237745222E-17,1.,0.));
#7762 = ORIENTED_EDGE('',*,*,#7124,.T.);
#7763 = ORIENTED_EDGE('',*,*,#7740,.F.);
#7764 = ORIENTED_EDGE('',*,*,#7032,.F.);
#7765 = PLANE('',#7766);
#7766 = AXIS2_PLACEMENT_3D('',#7767,#7768,#7769);
#7767 = CARTESIAN_POINT('',(-1.089673570659,-1.15,5.551115123126E-17));
#7768 = DIRECTION('',(0.,0.,1.));
#7769 = DIRECTION('',(-1.,1.144237745222E-17,0.));
#7770 = ADVANCED_FACE('',(#7771),#7777,.T.);
#7771 = FACE_BOUND('',#7772,.T.);
#7772 = EDGE_LOOP('',(#7773,#7774,#7775,#7776));
#7773 = ORIENTED_EDGE('',*,*,#7023,.T.);
#7774 = ORIENTED_EDGE('',*,*,#7757,.T.);
#7775 = ORIENTED_EDGE('',*,*,#7115,.F.);
#7776 = ORIENTED_EDGE('',*,*,#7097,.F.);
#7777 = CYLINDRICAL_SURFACE('',#7778,0.25);
#7778 = AXIS2_PLACEMENT_3D('',#7779,#7780,#7781);
#7779 = CARTESIAN_POINT('',(-1.089673570659,-1.15,0.25));
#7780 = DIRECTION('',(-1.144237745222E-17,-1.,0.));
#7781 = DIRECTION('',(0.984807753012,-1.126854202784E-17,-0.173648177667
    ));
#7782 = ADVANCED_FACE('',(#7783),#7794,.F.);
#7783 = FACE_BOUND('',#7784,.F.);
#7784 = EDGE_LOOP('',(#7785,#7791,#7792,#7793));
#7785 = ORIENTED_EDGE('',*,*,#7786,.T.);
#7786 = EDGE_CURVE('',#7241,#7333,#7787,.T.);
#7787 = LINE('',#7788,#7789);
#7788 = CARTESIAN_POINT('',(-0.991192795358,0.75,0.232635182233));
#7789 = VECTOR('',#7790,1.);
#7790 = DIRECTION('',(1.144237745222E-17,1.,0.));
#7791 = ORIENTED_EDGE('',*,*,#7341,.T.);
#7792 = ORIENTED_EDGE('',*,*,#7534,.F.);
#7793 = ORIENTED_EDGE('',*,*,#7249,.F.);
#7794 = PLANE('',#7795);
#7795 = AXIS2_PLACEMENT_3D('',#7796,#7797,#7798);
#7796 = CARTESIAN_POINT('',(-0.991192795358,0.75,0.232635182233));
#7797 = DIRECTION('',(0.987833053268,-1.130315865527E-17,-0.155518033909
    ));
#7798 = DIRECTION('',(0.155518033909,-1.779496044609E-18,0.987833053268)
  );
#7799 = ADVANCED_FACE('',(#7800),#7811,.F.);
#7800 = FACE_BOUND('',#7801,.F.);
#7801 = EDGE_LOOP('',(#7802,#7808,#7809,#7810));
#7802 = ORIENTED_EDGE('',*,*,#7803,.T.);
#7803 = EDGE_CURVE('',#7233,#7325,#7804,.T.);
#7804 = LINE('',#7805,#7806);
#7805 = CARTESIAN_POINT('',(-1.089673570659,0.75,0.15));
#7806 = VECTOR('',#7807,1.);
#7807 = DIRECTION('',(1.144237745222E-17,1.,0.));
#7808 = ORIENTED_EDGE('',*,*,#7332,.T.);
#7809 = ORIENTED_EDGE('',*,*,#7786,.F.);
#7810 = ORIENTED_EDGE('',*,*,#7240,.F.);
#7811 = CYLINDRICAL_SURFACE('',#7812,0.1);
#7812 = AXIS2_PLACEMENT_3D('',#7813,#7814,#7815);
#7813 = CARTESIAN_POINT('',(-1.089673570659,0.75,0.25));
#7814 = DIRECTION('',(-1.144237745222E-17,-1.,0.));
#7815 = DIRECTION('',(-2.22044604925E-15,2.540718180781E-32,-1.));
#7816 = ADVANCED_FACE('',(#7817),#7828,.F.);
#7817 = FACE_BOUND('',#7818,.F.);
#7818 = EDGE_LOOP('',(#7819,#7825,#7826,#7827));
#7819 = ORIENTED_EDGE('',*,*,#7820,.T.);
#7820 = EDGE_CURVE('',#7225,#7317,#7821,.T.);
#7821 = LINE('',#7822,#7823);
#7822 = CARTESIAN_POINT('',(-1.25,0.75,0.15));
#7823 = VECTOR('',#7824,1.);
#7824 = DIRECTION('',(1.144237745222E-17,1.,0.));
#7825 = ORIENTED_EDGE('',*,*,#7324,.T.);
#7826 = ORIENTED_EDGE('',*,*,#7803,.F.);
#7827 = ORIENTED_EDGE('',*,*,#7232,.F.);
#7828 = PLANE('',#7829);
#7829 = AXIS2_PLACEMENT_3D('',#7830,#7831,#7832);
#7830 = CARTESIAN_POINT('',(-1.25,0.75,0.15));
#7831 = DIRECTION('',(0.,0.,-1.));
#7832 = DIRECTION('',(1.,-1.144237745222E-17,0.));
#7833 = ADVANCED_FACE('',(#7834),#7845,.F.);
#7834 = FACE_BOUND('',#7835,.F.);
#7835 = EDGE_LOOP('',(#7836,#7842,#7843,#7844));
#7836 = ORIENTED_EDGE('',*,*,#7837,.T.);
#7837 = EDGE_CURVE('',#7217,#7309,#7838,.T.);
#7838 = LINE('',#7839,#7840);
#7839 = CARTESIAN_POINT('',(-1.25,0.75,5.551115123126E-17));
#7840 = VECTOR('',#7841,1.);
#7841 = DIRECTION('',(1.144237745222E-17,1.,0.));
#7842 = ORIENTED_EDGE('',*,*,#7316,.T.);
#7843 = ORIENTED_EDGE('',*,*,#7820,.F.);
#7844 = ORIENTED_EDGE('',*,*,#7224,.F.);
#7845 = PLANE('',#7846);
#7846 = AXIS2_PLACEMENT_3D('',#7847,#7848,#7849);
#7847 = CARTESIAN_POINT('',(-1.25,0.75,5.551115123126E-17));
#7848 = DIRECTION('',(1.,-1.144237745222E-17,0.));
#7849 = DIRECTION('',(0.,0.,1.));
#7850 = ADVANCED_FACE('',(#7851),#7862,.F.);
#7851 = FACE_BOUND('',#7852,.F.);
#7852 = EDGE_LOOP('',(#7853,#7859,#7860,#7861));
#7853 = ORIENTED_EDGE('',*,*,#7854,.T.);
#7854 = EDGE_CURVE('',#7208,#7300,#7855,.T.);
#7855 = LINE('',#7856,#7857);
#7856 = CARTESIAN_POINT('',(-1.089673570659,0.75,5.551115123126E-17));
#7857 = VECTOR('',#7858,1.);
#7858 = DIRECTION('',(1.144237745222E-17,1.,0.));
#7859 = ORIENTED_EDGE('',*,*,#7308,.T.);
#7860 = ORIENTED_EDGE('',*,*,#7837,.F.);
#7861 = ORIENTED_EDGE('',*,*,#7216,.F.);
#7862 = PLANE('',#7863);
#7863 = AXIS2_PLACEMENT_3D('',#7864,#7865,#7866);
#7864 = CARTESIAN_POINT('',(-1.089673570659,0.75,5.551115123126E-17));
#7865 = DIRECTION('',(0.,0.,1.));
#7866 = DIRECTION('',(-1.,1.144237745222E-17,0.));
#7867 = ADVANCED_FACE('',(#7868),#7874,.T.);
#7868 = FACE_BOUND('',#7869,.T.);
#7869 = EDGE_LOOP('',(#7870,#7871,#7872,#7873));
#7870 = ORIENTED_EDGE('',*,*,#7207,.T.);
#7871 = ORIENTED_EDGE('',*,*,#7854,.T.);
#7872 = ORIENTED_EDGE('',*,*,#7299,.F.);
#7873 = ORIENTED_EDGE('',*,*,#7281,.F.);
#7874 = CYLINDRICAL_SURFACE('',#7875,0.25);
#7875 = AXIS2_PLACEMENT_3D('',#7876,#7877,#7878);
#7876 = CARTESIAN_POINT('',(-1.089673570659,0.75,0.25));
#7877 = DIRECTION('',(-1.144237745222E-17,-1.,0.));
#7878 = DIRECTION('',(0.984807753012,-1.126854202784E-17,-0.173648177667
    ));
#7879 = ADVANCED_FACE('',(#7880),#7891,.F.);
#7880 = FACE_BOUND('',#7881,.F.);
#7881 = EDGE_LOOP('',(#7882,#7888,#7889,#7890));
#7882 = ORIENTED_EDGE('',*,*,#7883,.T.);
#7883 = EDGE_CURVE('',#7408,#7500,#7884,.T.);
#7884 = LINE('',#7885,#7886);
#7885 = CARTESIAN_POINT('',(0.991192795358,0.2,0.232635182233));
#7886 = VECTOR('',#7887,1.);
#7887 = DIRECTION('',(1.110223024625E-16,-1.,0.));
#7888 = ORIENTED_EDGE('',*,*,#7508,.T.);
#7889 = ORIENTED_EDGE('',*,*,#7646,.F.);
#7890 = ORIENTED_EDGE('',*,*,#7416,.F.);
#7891 = PLANE('',#7892);
#7892 = AXIS2_PLACEMENT_3D('',#7893,#7894,#7895);
#7893 = CARTESIAN_POINT('',(0.991192795358,0.2,0.232635182233));
#7894 = DIRECTION('',(-0.987833053268,-1.096715000224E-16,
    -0.155518033909));
#7895 = DIRECTION('',(-0.155518033909,-1.726597019897E-17,0.987833053268
    ));
#7896 = ADVANCED_FACE('',(#7897),#7908,.F.);
#7897 = FACE_BOUND('',#7898,.F.);
#7898 = EDGE_LOOP('',(#7899,#7905,#7906,#7907));
#7899 = ORIENTED_EDGE('',*,*,#7900,.T.);
#7900 = EDGE_CURVE('',#7400,#7492,#7901,.T.);
#7901 = LINE('',#7902,#7903);
#7902 = CARTESIAN_POINT('',(1.089673570659,0.2,0.15));
#7903 = VECTOR('',#7904,1.);
#7904 = DIRECTION('',(1.110223024625E-16,-1.,0.));
#7905 = ORIENTED_EDGE('',*,*,#7499,.T.);
#7906 = ORIENTED_EDGE('',*,*,#7883,.F.);
#7907 = ORIENTED_EDGE('',*,*,#7407,.F.);
#7908 = CYLINDRICAL_SURFACE('',#7909,0.1);
#7909 = AXIS2_PLACEMENT_3D('',#7910,#7911,#7912);
#7910 = CARTESIAN_POINT('',(1.089673570659,0.2,0.25));
#7911 = DIRECTION('',(-1.110223024625E-16,1.,0.));
#7912 = DIRECTION('',(2.22044604925E-15,2.465190328815E-31,-1.));
#7913 = ADVANCED_FACE('',(#7914),#7925,.F.);
#7914 = FACE_BOUND('',#7915,.F.);
#7915 = EDGE_LOOP('',(#7916,#7922,#7923,#7924));
#7916 = ORIENTED_EDGE('',*,*,#7917,.T.);
#7917 = EDGE_CURVE('',#7392,#7484,#7918,.T.);
#7918 = LINE('',#7919,#7920);
#7919 = CARTESIAN_POINT('',(1.25,0.2,0.15));
#7920 = VECTOR('',#7921,1.);
#7921 = DIRECTION('',(1.110223024625E-16,-1.,0.));
#7922 = ORIENTED_EDGE('',*,*,#7491,.T.);
#7923 = ORIENTED_EDGE('',*,*,#7900,.F.);
#7924 = ORIENTED_EDGE('',*,*,#7399,.F.);
#7925 = PLANE('',#7926);
#7926 = AXIS2_PLACEMENT_3D('',#7927,#7928,#7929);
#7927 = CARTESIAN_POINT('',(1.25,0.2,0.15));
#7928 = DIRECTION('',(0.,0.,-1.));
#7929 = DIRECTION('',(-1.,-1.110223024625E-16,-0.));
#7930 = ADVANCED_FACE('',(#7931),#7942,.F.);
#7931 = FACE_BOUND('',#7932,.F.);
#7932 = EDGE_LOOP('',(#7933,#7939,#7940,#7941));
#7933 = ORIENTED_EDGE('',*,*,#7934,.T.);
#7934 = EDGE_CURVE('',#7384,#7476,#7935,.T.);
#7935 = LINE('',#7936,#7937);
#7936 = CARTESIAN_POINT('',(1.25,0.2,5.551115123126E-17));
#7937 = VECTOR('',#7938,1.);
#7938 = DIRECTION('',(1.110223024625E-16,-1.,0.));
#7939 = ORIENTED_EDGE('',*,*,#7483,.T.);
#7940 = ORIENTED_EDGE('',*,*,#7917,.F.);
#7941 = ORIENTED_EDGE('',*,*,#7391,.F.);
#7942 = PLANE('',#7943);
#7943 = AXIS2_PLACEMENT_3D('',#7944,#7945,#7946);
#7944 = CARTESIAN_POINT('',(1.25,0.2,5.551115123126E-17));
#7945 = DIRECTION('',(-1.,-1.110223024625E-16,0.));
#7946 = DIRECTION('',(0.,0.,1.));
#7947 = ADVANCED_FACE('',(#7948),#7959,.F.);
#7948 = FACE_BOUND('',#7949,.F.);
#7949 = EDGE_LOOP('',(#7950,#7956,#7957,#7958));
#7950 = ORIENTED_EDGE('',*,*,#7951,.T.);
#7951 = EDGE_CURVE('',#7375,#7467,#7952,.T.);
#7952 = LINE('',#7953,#7954);
#7953 = CARTESIAN_POINT('',(1.089673570659,0.2,5.551115123126E-17));
#7954 = VECTOR('',#7955,1.);
#7955 = DIRECTION('',(1.110223024625E-16,-1.,0.));
#7956 = ORIENTED_EDGE('',*,*,#7475,.T.);
#7957 = ORIENTED_EDGE('',*,*,#7934,.F.);
#7958 = ORIENTED_EDGE('',*,*,#7383,.F.);
#7959 = PLANE('',#7960);
#7960 = AXIS2_PLACEMENT_3D('',#7961,#7962,#7963);
#7961 = CARTESIAN_POINT('',(1.089673570659,0.2,5.551115123126E-17));
#7962 = DIRECTION('',(0.,0.,1.));
#7963 = DIRECTION('',(1.,1.110223024625E-16,-0.));
#7964 = ADVANCED_FACE('',(#7965),#7971,.T.);
#7965 = FACE_BOUND('',#7966,.T.);
#7966 = EDGE_LOOP('',(#7967,#7968,#7969,#7970));
#7967 = ORIENTED_EDGE('',*,*,#7374,.T.);
#7968 = ORIENTED_EDGE('',*,*,#7951,.T.);
#7969 = ORIENTED_EDGE('',*,*,#7466,.F.);
#7970 = ORIENTED_EDGE('',*,*,#7448,.F.);
#7971 = CYLINDRICAL_SURFACE('',#7972,0.25);
#7972 = AXIS2_PLACEMENT_3D('',#7973,#7974,#7975);
#7973 = CARTESIAN_POINT('',(1.089673570659,0.2,0.25));
#7974 = DIRECTION('',(-1.110223024625E-16,1.,0.));
#7975 = DIRECTION('',(-0.984807753012,-1.093356242223E-16,
    -0.173648177667));
#7976 = ADVANCED_FACE('',(#7977),#7980,.F.);
#7977 = FACE_BOUND('',#7978,.T.);
#7978 = EDGE_LOOP('',(#7979));
#7979 = ORIENTED_EDGE('',*,*,#7594,.F.);
#7980 = PLANE('',#7981);
#7981 = AXIS2_PLACEMENT_3D('',#7982,#7983,#7984);
#7982 = CARTESIAN_POINT('',(-0.428243103516,1.228243103516,1.2));
#7983 = DIRECTION('',(0.,0.,-1.));
#7984 = DIRECTION('',(1.110223024625E-16,-1.,0.));
#7985 = ( GEOMETRIC_REPRESENTATION_CONTEXT(3) 
GLOBAL_UNCERTAINTY_ASSIGNED_CONTEXT((#7989)) 
GLOBAL_UNIT_ASSIGNED_CONTEXT((#7986,#7987,#7988)) REPRESENTATION_CONTEXT
('Context #1','3D Context with UNIT and UNCERTAINTY') );
#7986 = ( LENGTH_UNIT() NAMED_UNIT(*) SI_UNIT(.MILLI.,.METRE.) );
#7987 = ( NAMED_UNIT(*) PLANE_ANGLE_UNIT() SI_UNIT($,.RADIAN.) );
#7988 = ( NAMED_UNIT(*) SI_UNIT($,.STERADIAN.) SOLID_ANGLE_UNIT() );
#7989 = UNCERTAINTY_MEASURE_WITH_UNIT(LENGTH_MEASURE(1.E-07),#7986,
  'distance_accuracy_value','confusion accuracy');
#7990 = CONTEXT_DEPENDENT_SHAPE_REPRESENTATION(#7991,#7993);
#7991 = ( REPRESENTATION_RELATIONSHIP('','',#6002,#5979) 
REPRESENTATION_RELATIONSHIP_WITH_TRANSFORMATION(#7992) 
SHAPE_REPRESENTATION_RELATIONSHIP() );
#7992 = ITEM_DEFINED_TRANSFORMATION('','',#11,#5980);
#7993 = PRODUCT_DEFINITION_SHAPE('Placement','Placement of an item',
  #7994);
#7994 = NEXT_ASSEMBLY_USAGE_OCCURRENCE('14','=>[0:1:1:9]','',#5974,#5997
  ,$);
#7995 = PRODUCT_RELATED_PRODUCT_CATEGORY('part',$,(#5999));
#7996 = CONTEXT_DEPENDENT_SHAPE_REPRESENTATION(#7997,#7999);
#7997 = ( REPRESENTATION_RELATIONSHIP('','',#120,#10) 
REPRESENTATION_RELATIONSHIP_WITH_TRANSFORMATION(#7998) 
SHAPE_REPRESENTATION_RELATIONSHIP() );
#7998 = ITEM_DEFINED_TRANSFORMATION('','',#11,#59);
#7999 = PRODUCT_DEFINITION_SHAPE('Placement','Placement of an item',
  #8000);
#8000 = NEXT_ASSEMBLY_USAGE_OCCURRENCE('16','R6','',#5,#115,$);
#8001 = CONTEXT_DEPENDENT_SHAPE_REPRESENTATION(#8002,#8004);
#8002 = ( REPRESENTATION_RELATIONSHIP('','',#120,#10) 
REPRESENTATION_RELATIONSHIP_WITH_TRANSFORMATION(#8003) 
SHAPE_REPRESENTATION_RELATIONSHIP() );
#8003 = ITEM_DEFINED_TRANSFORMATION('','',#11,#63);
#8004 = PRODUCT_DEFINITION_SHAPE('Placement','Placement of an item',
  #8005);
#8005 = NEXT_ASSEMBLY_USAGE_OCCURRENCE('17','R2','',#5,#115,$);
#8006 = CONTEXT_DEPENDENT_SHAPE_REPRESENTATION(#8007,#8009);
#8007 = ( REPRESENTATION_RELATIONSHIP('','',#120,#10) 
REPRESENTATION_RELATIONSHIP_WITH_TRANSFORMATION(#8008) 
SHAPE_REPRESENTATION_RELATIONSHIP() );
#8008 = ITEM_DEFINED_TRANSFORMATION('','',#11,#67);
#8009 = PRODUCT_DEFINITION_SHAPE('Placement','Placement of an item',
  #8010);
#8010 = NEXT_ASSEMBLY_USAGE_OCCURRENCE('18','R8','',#5,#115,$);
#8011 = CONTEXT_DEPENDENT_SHAPE_REPRESENTATION(#8012,#8014);
#8012 = ( REPRESENTATION_RELATIONSHIP('','',#120,#10) 
REPRESENTATION_RELATIONSHIP_WITH_TRANSFORMATION(#8013) 
SHAPE_REPRESENTATION_RELATIONSHIP() );
#8013 = ITEM_DEFINED_TRANSFORMATION('','',#11,#71);
#8014 = PRODUCT_DEFINITION_SHAPE('Placement','Placement of an item',
  #8015);
#8015 = NEXT_ASSEMBLY_USAGE_OCCURRENCE('19','R12','',#5,#115,$);
#8016 = CONTEXT_DEPENDENT_SHAPE_REPRESENTATION(#8017,#8019);
#8017 = ( REPRESENTATION_RELATIONSHIP('','',#5979,#10) 
REPRESENTATION_RELATIONSHIP_WITH_TRANSFORMATION(#8018) 
SHAPE_REPRESENTATION_RELATIONSHIP() );
#8018 = ITEM_DEFINED_TRANSFORMATION('','',#11,#75);
#8019 = PRODUCT_DEFINITION_SHAPE('Placement','Placement of an item',
  #8020);
#8020 = NEXT_ASSEMBLY_USAGE_OCCURRENCE('20','D1','',#5,#5974,$);
#8021 = SHAPE_DEFINITION_REPRESENTATION(#8022,#8028);
#8022 = PRODUCT_DEFINITION_SHAPE('','',#8023);
#8023 = PRODUCT_DEFINITION('design','',#8024,#8027);
#8024 = PRODUCT_DEFINITION_FORMATION('','',#8025);
#8025 = PRODUCT('Hirose_FH12-24S-0.5SH_1x24-1MP_P0.50mm_Horizontal',
  'Hirose_FH12-24S-0.5SH_1x24-1MP_P0.50mm_Horizontal','',(#8026));
#8026 = PRODUCT_CONTEXT('',#2,'mechanical');
#8027 = PRODUCT_DEFINITION_CONTEXT('part definition',#2,'design');
#8028 = SHAPE_REPRESENTATION('',(#11,#8029),#8033);
#8029 = AXIS2_PLACEMENT_3D('',#8030,#8031,#8032);
#8030 = CARTESIAN_POINT('',(0.,0.,0.));
#8031 = DIRECTION('',(0.,0.,1.));
#8032 = DIRECTION('',(1.,0.,-0.));
#8033 = ( GEOMETRIC_REPRESENTATION_CONTEXT(3) 
GLOBAL_UNCERTAINTY_ASSIGNED_CONTEXT((#8037)) 
GLOBAL_UNIT_ASSIGNED_CONTEXT((#8034,#8035,#8036)) REPRESENTATION_CONTEXT
('Context #1','3D Context with UNIT and UNCERTAINTY') );
#8034 = ( LENGTH_UNIT() NAMED_UNIT(*) SI_UNIT(.MILLI.,.METRE.) );
#8035 = ( NAMED_UNIT(*) PLANE_ANGLE_UNIT() SI_UNIT($,.RADIAN.) );
#8036 = ( NAMED_UNIT(*) SI_UNIT($,.STERADIAN.) SOLID_ANGLE_UNIT() );
#8037 = UNCERTAINTY_MEASURE_WITH_UNIT(LENGTH_MEASURE(1.E-07),#8034,
  'distance_accuracy_value','confusion accuracy');
#8038 = CONTEXT_DEPENDENT_SHAPE_REPRESENTATION(#8039,#8041);
#8039 = ( REPRESENTATION_RELATIONSHIP('','',#8028,#10) 
REPRESENTATION_RELATIONSHIP_WITH_TRANSFORMATION(#8040) 
SHAPE_REPRESENTATION_RELATIONSHIP() );
#8040 = ITEM_DEFINED_TRANSFORMATION('','',#11,#79);
#8041 = PRODUCT_DEFINITION_SHAPE('Placement','Placement of an item',
  #8042);
#8042 = NEXT_ASSEMBLY_USAGE_OCCURRENCE('25','J1','',#5,#8023,$);
#8043 = PRODUCT_RELATED_PRODUCT_CATEGORY('part',$,(#8025));
#8044 = SHAPE_DEFINITION_REPRESENTATION(#8045,#8051);
#8045 = PRODUCT_DEFINITION_SHAPE('','',#8046);
#8046 = PRODUCT_DEFINITION('design','',#8047,#8050);
#8047 = PRODUCT_DEFINITION_FORMATION('','',#8048);
#8048 = PRODUCT('Hirose_FH12_xxS_0_5SH_Parametric_v0_1',
  'Hirose_FH12_xxS_0_5SH_Parametric_v0_1','',(#8049));
#8049 = PRODUCT_CONTEXT('',#2,'mechanical');
#8050 = PRODUCT_DEFINITION_CONTEXT('part definition',#2,'design');
#8051 = SHAPE_REPRESENTATION('',(#11,#8052,#8056,#8060),#8064);
#8052 = AXIS2_PLACEMENT_3D('',#8053,#8054,#8055);
#8053 = CARTESIAN_POINT('',(-4.440892098501E-17,-1.4,0.));
#8054 = DIRECTION('',(0.,-0.,1.));
#8055 = DIRECTION('',(2.22044604925E-16,1.,0.));
#8056 = AXIS2_PLACEMENT_3D('',#8057,#8058,#8059);
#8057 = CARTESIAN_POINT('',(-4.440892098501E-17,-1.4,0.));
#8058 = DIRECTION('',(0.,-0.,1.));
#8059 = DIRECTION('',(2.22044604925E-16,1.,0.));
#8060 = AXIS2_PLACEMENT_3D('',#8061,#8062,#8063);
#8061 = CARTESIAN_POINT('',(-4.440892098501E-17,-1.4,0.));
#8062 = DIRECTION('',(0.,-0.,1.));
#8063 = DIRECTION('',(2.22044604925E-16,1.,0.));
#8064 = ( GEOMETRIC_REPRESENTATION_CONTEXT(3) 
GLOBAL_UNCERTAINTY_ASSIGNED_CONTEXT((#8068)) 
GLOBAL_UNIT_ASSIGNED_CONTEXT((#8065,#8066,#8067)) REPRESENTATION_CONTEXT
('Context #1','3D Context with UNIT and UNCERTAINTY') );
#8065 = ( LENGTH_UNIT() NAMED_UNIT(*) SI_UNIT(.MILLI.,.METRE.) );
#8066 = ( NAMED_UNIT(*) PLANE_ANGLE_UNIT() SI_UNIT($,.RADIAN.) );
#8067 = ( NAMED_UNIT(*) SI_UNIT($,.STERADIAN.) SOLID_ANGLE_UNIT() );
#8068 = UNCERTAINTY_MEASURE_WITH_UNIT(LENGTH_MEASURE(1.E-07),#8065,
  'distance_accuracy_value','confusion accuracy');
#8069 = CONTEXT_DEPENDENT_SHAPE_REPRESENTATION(#8070,#8072);
#8070 = ( REPRESENTATION_RELATIONSHIP('','',#8051,#8028) 
REPRESENTATION_RELATIONSHIP_WITH_TRANSFORMATION(#8071) 
SHAPE_REPRESENTATION_RELATIONSHIP() );
#8071 = ITEM_DEFINED_TRANSFORMATION('','',#11,#8029);
#8072 = PRODUCT_DEFINITION_SHAPE('Placement','Placement of an item',
  #8073);
#8073 = NEXT_ASSEMBLY_USAGE_OCCURRENCE('24','=>[0:1:1:11]','',#8023,
  #8046,$);
#8074 = PRODUCT_RELATED_PRODUCT_CATEGORY('part',$,(#8048));
#8075 = SHAPE_DEFINITION_REPRESENTATION(#8076,#8082);
#8076 = PRODUCT_DEFINITION_SHAPE('','',#8077);
#8077 = PRODUCT_DEFINITION('design','',#8078,#8081);
#8078 = PRODUCT_DEFINITION_FORMATION('','',#8079);
#8079 = PRODUCT('body','body','',(#8080));
#8080 = PRODUCT_CONTEXT('',#2,'mechanical');
#8081 = PRODUCT_DEFINITION_CONTEXT('part definition',#2,'design');
#8082 = ADVANCED_BREP_SHAPE_REPRESENTATION('',(#11,#8083),#8563);
#8083 = MANIFOLD_SOLID_BREP('',#8084);
#8084 = CLOSED_SHELL('',(#8085,#8157,#8188,#8228,#8252,#8276,#8355,#8379
    ,#8403,#8427,#8462,#8474,#8498,#8522,#8539,#8551));
#8085 = ADVANCED_FACE('',(#8086),#8152,.T.);
#8086 = FACE_BOUND('',#8087,.T.);
#8087 = EDGE_LOOP('',(#8088,#8098,#8106,#8114,#8122,#8130,#8138,#8146));
#8088 = ORIENTED_EDGE('',*,*,#8089,.F.);
#8089 = EDGE_CURVE('',#8090,#8092,#8094,.T.);
#8090 = VERTEX_POINT('',#8091);
#8091 = CARTESIAN_POINT('',(2.6,7.55,0.));
#8092 = VERTEX_POINT('',#8093);
#8093 = CARTESIAN_POINT('',(2.6,-7.55,0.));
#8094 = LINE('',#8095,#8096);
#8095 = CARTESIAN_POINT('',(2.6,7.55,0.));
#8096 = VECTOR('',#8097,1.);
#8097 = DIRECTION('',(0.,-1.,0.));
#8098 = ORIENTED_EDGE('',*,*,#8099,.T.);
#8099 = EDGE_CURVE('',#8090,#8100,#8102,.T.);
#8100 = VERTEX_POINT('',#8101);
#8101 = CARTESIAN_POINT('',(2.6,7.55,0.75));
#8102 = LINE('',#8103,#8104);
#8103 = CARTESIAN_POINT('',(2.6,7.55,0.));
#8104 = VECTOR('',#8105,1.);
#8105 = DIRECTION('',(0.,0.,1.));
#8106 = ORIENTED_EDGE('',*,*,#8107,.T.);
#8107 = EDGE_CURVE('',#8100,#8108,#8110,.T.);
#8108 = VERTEX_POINT('',#8109);
#8109 = CARTESIAN_POINT('',(2.6,6.7,0.75));
#8110 = LINE('',#8111,#8112);
#8111 = CARTESIAN_POINT('',(2.6,3.775,0.75));
#8112 = VECTOR('',#8113,1.);
#8113 = DIRECTION('',(0.,-1.,0.));
#8114 = ORIENTED_EDGE('',*,*,#8115,.F.);
#8115 = EDGE_CURVE('',#8116,#8108,#8118,.T.);
#8116 = VERTEX_POINT('',#8117);
#8117 = CARTESIAN_POINT('',(2.6,6.7,2.));
#8118 = LINE('',#8119,#8120);
#8119 = CARTESIAN_POINT('',(2.6,6.7,1.));
#8120 = VECTOR('',#8121,1.);
#8121 = DIRECTION('',(0.,0.,-1.));
#8122 = ORIENTED_EDGE('',*,*,#8123,.T.);
#8123 = EDGE_CURVE('',#8116,#8124,#8126,.T.);
#8124 = VERTEX_POINT('',#8125);
#8125 = CARTESIAN_POINT('',(2.6,-6.7,2.));
#8126 = LINE('',#8127,#8128);
#8127 = CARTESIAN_POINT('',(2.6,7.55,2.));
#8128 = VECTOR('',#8129,1.);
#8129 = DIRECTION('',(0.,-1.,0.));
#8130 = ORIENTED_EDGE('',*,*,#8131,.F.);
#8131 = EDGE_CURVE('',#8132,#8124,#8134,.T.);
#8132 = VERTEX_POINT('',#8133);
#8133 = CARTESIAN_POINT('',(2.6,-6.7,0.75));
#8134 = LINE('',#8135,#8136);
#8135 = CARTESIAN_POINT('',(2.6,-6.7,1.));
#8136 = VECTOR('',#8137,1.);
#8137 = DIRECTION('',(0.,0.,1.));
#8138 = ORIENTED_EDGE('',*,*,#8139,.T.);
#8139 = EDGE_CURVE('',#8132,#8140,#8142,.T.);
#8140 = VERTEX_POINT('',#8141);
#8141 = CARTESIAN_POINT('',(2.6,-7.55,0.75));
#8142 = LINE('',#8143,#8144);
#8143 = CARTESIAN_POINT('',(2.6,3.775,0.75));
#8144 = VECTOR('',#8145,1.);
#8145 = DIRECTION('',(0.,-1.,0.));
#8146 = ORIENTED_EDGE('',*,*,#8147,.F.);
#8147 = EDGE_CURVE('',#8092,#8140,#8148,.T.);
#8148 = LINE('',#8149,#8150);
#8149 = CARTESIAN_POINT('',(2.6,-7.55,0.));
#8150 = VECTOR('',#8151,1.);
#8151 = DIRECTION('',(0.,0.,1.));
#8152 = PLANE('',#8153);
#8153 = AXIS2_PLACEMENT_3D('',#8154,#8155,#8156);
#8154 = CARTESIAN_POINT('',(2.6,7.55,0.));
#8155 = DIRECTION('',(1.,0.,0.));
#8156 = DIRECTION('',(0.,-1.,0.));
#8157 = ADVANCED_FACE('',(#8158),#8183,.F.);
#8158 = FACE_BOUND('',#8159,.T.);
#8159 = EDGE_LOOP('',(#8160,#8161,#8169,#8177));
#8160 = ORIENTED_EDGE('',*,*,#8089,.T.);
#8161 = ORIENTED_EDGE('',*,*,#8162,.T.);
#8162 = EDGE_CURVE('',#8092,#8163,#8165,.T.);
#8163 = VERTEX_POINT('',#8164);
#8164 = CARTESIAN_POINT('',(-2.,-7.55,0.));
#8165 = LINE('',#8166,#8167);
#8166 = CARTESIAN_POINT('',(2.6,-7.55,0.));
#8167 = VECTOR('',#8168,1.);
#8168 = DIRECTION('',(-1.,0.,0.));
#8169 = ORIENTED_EDGE('',*,*,#8170,.F.);
#8170 = EDGE_CURVE('',#8171,#8163,#8173,.T.);
#8171 = VERTEX_POINT('',#8172);
#8172 = CARTESIAN_POINT('',(-2.,7.55,0.));
#8173 = LINE('',#8174,#8175);
#8174 = CARTESIAN_POINT('',(-2.,7.55,0.));
#8175 = VECTOR('',#8176,1.);
#8176 = DIRECTION('',(0.,-1.,0.));
#8177 = ORIENTED_EDGE('',*,*,#8178,.F.);
#8178 = EDGE_CURVE('',#8090,#8171,#8179,.T.);
#8179 = LINE('',#8180,#8181);
#8180 = CARTESIAN_POINT('',(2.6,7.55,0.));
#8181 = VECTOR('',#8182,1.);
#8182 = DIRECTION('',(-1.,0.,0.));
#8183 = PLANE('',#8184);
#8184 = AXIS2_PLACEMENT_3D('',#8185,#8186,#8187);
#8185 = CARTESIAN_POINT('',(0.3,0.,0.));
#8186 = DIRECTION('',(0.,0.,1.));
#8187 = DIRECTION('',(1.,0.,-0.));
#8188 = ADVANCED_FACE('',(#8189),#8223,.T.);
#8189 = FACE_BOUND('',#8190,.T.);
#8190 = EDGE_LOOP('',(#8191,#8192,#8193,#8201,#8209,#8217));
#8191 = ORIENTED_EDGE('',*,*,#8162,.F.);
#8192 = ORIENTED_EDGE('',*,*,#8147,.T.);
#8193 = ORIENTED_EDGE('',*,*,#8194,.T.);
#8194 = EDGE_CURVE('',#8140,#8195,#8197,.T.);
#8195 = VERTEX_POINT('',#8196);
#8196 = CARTESIAN_POINT('',(0.8,-7.55,0.75));
#8197 = LINE('',#8198,#8199);
#8198 = CARTESIAN_POINT('',(2.617307692308,-7.55,0.75));
#8199 = VECTOR('',#8200,1.);
#8200 = DIRECTION('',(-1.,0.,0.));
#8201 = ORIENTED_EDGE('',*,*,#8202,.T.);
#8202 = EDGE_CURVE('',#8195,#8203,#8205,.T.);
#8203 = VERTEX_POINT('',#8204);
#8204 = CARTESIAN_POINT('',(0.8,-7.55,2.));
#8205 = LINE('',#8206,#8207);
#8206 = CARTESIAN_POINT('',(0.8,-7.55,1.));
#8207 = VECTOR('',#8208,1.);
#8208 = DIRECTION('',(0.,0.,1.));
#8209 = ORIENTED_EDGE('',*,*,#8210,.T.);
#8210 = EDGE_CURVE('',#8203,#8211,#8213,.T.);
#8211 = VERTEX_POINT('',#8212);
#8212 = CARTESIAN_POINT('',(-2.,-7.55,2.));
#8213 = LINE('',#8214,#8215);
#8214 = CARTESIAN_POINT('',(2.6,-7.55,2.));
#8215 = VECTOR('',#8216,1.);
#8216 = DIRECTION('',(-1.,0.,0.));
#8217 = ORIENTED_EDGE('',*,*,#8218,.F.);
#8218 = EDGE_CURVE('',#8163,#8211,#8219,.T.);
#8219 = LINE('',#8220,#8221);
#8220 = CARTESIAN_POINT('',(-2.,-7.55,0.));
#8221 = VECTOR('',#8222,1.);
#8222 = DIRECTION('',(0.,0.,1.));
#8223 = PLANE('',#8224);
#8224 = AXIS2_PLACEMENT_3D('',#8225,#8226,#8227);
#8225 = CARTESIAN_POINT('',(2.6,-7.55,0.));
#8226 = DIRECTION('',(0.,-1.,0.));
#8227 = DIRECTION('',(-1.,0.,0.));
#8228 = ADVANCED_FACE('',(#8229),#8247,.T.);
#8229 = FACE_BOUND('',#8230,.T.);
#8230 = EDGE_LOOP('',(#8231,#8232,#8240,#8246));
#8231 = ORIENTED_EDGE('',*,*,#8139,.F.);
#8232 = ORIENTED_EDGE('',*,*,#8233,.T.);
#8233 = EDGE_CURVE('',#8132,#8234,#8236,.T.);
#8234 = VERTEX_POINT('',#8235);
#8235 = CARTESIAN_POINT('',(0.8,-6.7,0.75));
#8236 = LINE('',#8237,#8238);
#8237 = CARTESIAN_POINT('',(2.7,-6.7,0.75));
#8238 = VECTOR('',#8239,1.);
#8239 = DIRECTION('',(-1.,0.,0.));
#8240 = ORIENTED_EDGE('',*,*,#8241,.F.);
#8241 = EDGE_CURVE('',#8195,#8234,#8242,.T.);
#8242 = LINE('',#8243,#8244);
#8243 = CARTESIAN_POINT('',(0.8,-8.2,0.75));
#8244 = VECTOR('',#8245,1.);
#8245 = DIRECTION('',(0.,1.,0.));
#8246 = ORIENTED_EDGE('',*,*,#8194,.F.);
#8247 = PLANE('',#8248);
#8248 = AXIS2_PLACEMENT_3D('',#8249,#8250,#8251);
#8249 = CARTESIAN_POINT('',(2.634615384615,-4.270088556251E-17,0.75));
#8250 = DIRECTION('',(0.,0.,1.));
#8251 = DIRECTION('',(1.,0.,-0.));
#8252 = ADVANCED_FACE('',(#8253),#8271,.F.);
#8253 = FACE_BOUND('',#8254,.F.);
#8254 = EDGE_LOOP('',(#8255,#8263,#8264,#8265));
#8255 = ORIENTED_EDGE('',*,*,#8256,.F.);
#8256 = EDGE_CURVE('',#8124,#8257,#8259,.T.);
#8257 = VERTEX_POINT('',#8258);
#8258 = CARTESIAN_POINT('',(0.8,-6.7,2.));
#8259 = LINE('',#8260,#8261);
#8260 = CARTESIAN_POINT('',(2.7,-6.7,2.));
#8261 = VECTOR('',#8262,1.);
#8262 = DIRECTION('',(-1.,0.,0.));
#8263 = ORIENTED_EDGE('',*,*,#8131,.F.);
#8264 = ORIENTED_EDGE('',*,*,#8233,.T.);
#8265 = ORIENTED_EDGE('',*,*,#8266,.F.);
#8266 = EDGE_CURVE('',#8257,#8234,#8267,.T.);
#8267 = LINE('',#8268,#8269);
#8268 = CARTESIAN_POINT('',(0.8,-6.7,2.));
#8269 = VECTOR('',#8270,1.);
#8270 = DIRECTION('',(-0.,-0.,-1.));
#8271 = PLANE('',#8272);
#8272 = AXIS2_PLACEMENT_3D('',#8273,#8274,#8275);
#8273 = CARTESIAN_POINT('',(2.7,-6.7,2.));
#8274 = DIRECTION('',(0.,1.,0.));
#8275 = DIRECTION('',(-1.,0.,0.));
#8276 = ADVANCED_FACE('',(#8277),#8350,.T.);
#8277 = FACE_BOUND('',#8278,.T.);
#8278 = EDGE_LOOP('',(#8279,#8280,#8288,#8296,#8304,#8312,#8320,#8328,
    #8336,#8342,#8343,#8349));
#8279 = ORIENTED_EDGE('',*,*,#8123,.F.);
#8280 = ORIENTED_EDGE('',*,*,#8281,.F.);
#8281 = EDGE_CURVE('',#8282,#8116,#8284,.T.);
#8282 = VERTEX_POINT('',#8283);
#8283 = CARTESIAN_POINT('',(0.8,6.7,2.));
#8284 = LINE('',#8285,#8286);
#8285 = CARTESIAN_POINT('',(0.8,6.7,2.));
#8286 = VECTOR('',#8287,1.);
#8287 = DIRECTION('',(1.,0.,0.));
#8288 = ORIENTED_EDGE('',*,*,#8289,.T.);
#8289 = EDGE_CURVE('',#8282,#8290,#8292,.T.);
#8290 = VERTEX_POINT('',#8291);
#8291 = CARTESIAN_POINT('',(0.8,7.55,2.));
#8292 = LINE('',#8293,#8294);
#8293 = CARTESIAN_POINT('',(0.8,6.7,2.));
#8294 = VECTOR('',#8295,1.);
#8295 = DIRECTION('',(0.,1.,0.));
#8296 = ORIENTED_EDGE('',*,*,#8297,.T.);
#8297 = EDGE_CURVE('',#8290,#8298,#8300,.T.);
#8298 = VERTEX_POINT('',#8299);
#8299 = CARTESIAN_POINT('',(-2.,7.55,2.));
#8300 = LINE('',#8301,#8302);
#8301 = CARTESIAN_POINT('',(2.6,7.55,2.));
#8302 = VECTOR('',#8303,1.);
#8303 = DIRECTION('',(-1.,0.,0.));
#8304 = ORIENTED_EDGE('',*,*,#8305,.T.);
#8305 = EDGE_CURVE('',#8298,#8306,#8308,.T.);
#8306 = VERTEX_POINT('',#8307);
#8307 = CARTESIAN_POINT('',(-2.,6.785,2.));
#8308 = LINE('',#8309,#8310);
#8309 = CARTESIAN_POINT('',(-2.,7.55,2.));
#8310 = VECTOR('',#8311,1.);
#8311 = DIRECTION('',(0.,-1.,0.));
#8312 = ORIENTED_EDGE('',*,*,#8313,.T.);
#8313 = EDGE_CURVE('',#8306,#8314,#8316,.T.);
#8314 = VERTEX_POINT('',#8315);
#8315 = CARTESIAN_POINT('',(0.,6.785,2.));
#8316 = LINE('',#8317,#8318);
#8317 = CARTESIAN_POINT('',(-3.,6.785,2.));
#8318 = VECTOR('',#8319,1.);
#8319 = DIRECTION('',(1.,0.,0.));
#8320 = ORIENTED_EDGE('',*,*,#8321,.T.);
#8321 = EDGE_CURVE('',#8314,#8322,#8324,.T.);
#8322 = VERTEX_POINT('',#8323);
#8323 = CARTESIAN_POINT('',(0.,-6.785,2.));
#8324 = LINE('',#8325,#8326);
#8325 = CARTESIAN_POINT('',(0.,6.785,2.));
#8326 = VECTOR('',#8327,1.);
#8327 = DIRECTION('',(0.,-1.,0.));
#8328 = ORIENTED_EDGE('',*,*,#8329,.T.);
#8329 = EDGE_CURVE('',#8322,#8330,#8332,.T.);
#8330 = VERTEX_POINT('',#8331);
#8331 = CARTESIAN_POINT('',(-2.,-6.785,2.));
#8332 = LINE('',#8333,#8334);
#8333 = CARTESIAN_POINT('',(0.,-6.785,2.));
#8334 = VECTOR('',#8335,1.);
#8335 = DIRECTION('',(-1.,0.,0.));
#8336 = ORIENTED_EDGE('',*,*,#8337,.T.);
#8337 = EDGE_CURVE('',#8330,#8211,#8338,.T.);
#8338 = LINE('',#8339,#8340);
#8339 = CARTESIAN_POINT('',(-2.,7.55,2.));
#8340 = VECTOR('',#8341,1.);
#8341 = DIRECTION('',(0.,-1.,0.));
#8342 = ORIENTED_EDGE('',*,*,#8210,.F.);
#8343 = ORIENTED_EDGE('',*,*,#8344,.T.);
#8344 = EDGE_CURVE('',#8203,#8257,#8345,.T.);
#8345 = LINE('',#8346,#8347);
#8346 = CARTESIAN_POINT('',(0.8,-8.2,2.));
#8347 = VECTOR('',#8348,1.);
#8348 = DIRECTION('',(0.,1.,0.));
#8349 = ORIENTED_EDGE('',*,*,#8256,.F.);
#8350 = PLANE('',#8351);
#8351 = AXIS2_PLACEMENT_3D('',#8352,#8353,#8354);
#8352 = CARTESIAN_POINT('',(0.3,0.,2.));
#8353 = DIRECTION('',(0.,0.,1.));
#8354 = DIRECTION('',(1.,0.,-0.));
#8355 = ADVANCED_FACE('',(#8356),#8374,.F.);
#8356 = FACE_BOUND('',#8357,.F.);
#8357 = EDGE_LOOP('',(#8358,#8359,#8367,#8373));
#8358 = ORIENTED_EDGE('',*,*,#8281,.F.);
#8359 = ORIENTED_EDGE('',*,*,#8360,.T.);
#8360 = EDGE_CURVE('',#8282,#8361,#8363,.T.);
#8361 = VERTEX_POINT('',#8362);
#8362 = CARTESIAN_POINT('',(0.8,6.7,0.75));
#8363 = LINE('',#8364,#8365);
#8364 = CARTESIAN_POINT('',(0.8,6.7,2.));
#8365 = VECTOR('',#8366,1.);
#8366 = DIRECTION('',(-0.,-0.,-1.));
#8367 = ORIENTED_EDGE('',*,*,#8368,.T.);
#8368 = EDGE_CURVE('',#8361,#8108,#8369,.T.);
#8369 = LINE('',#8370,#8371);
#8370 = CARTESIAN_POINT('',(0.8,6.7,0.75));
#8371 = VECTOR('',#8372,1.);
#8372 = DIRECTION('',(1.,0.,0.));
#8373 = ORIENTED_EDGE('',*,*,#8115,.F.);
#8374 = PLANE('',#8375);
#8375 = AXIS2_PLACEMENT_3D('',#8376,#8377,#8378);
#8376 = CARTESIAN_POINT('',(0.8,6.7,2.));
#8377 = DIRECTION('',(0.,-1.,0.));
#8378 = DIRECTION('',(1.,0.,0.));
#8379 = ADVANCED_FACE('',(#8380),#8398,.T.);
#8380 = FACE_BOUND('',#8381,.T.);
#8381 = EDGE_LOOP('',(#8382,#8390,#8391,#8392));
#8382 = ORIENTED_EDGE('',*,*,#8383,.F.);
#8383 = EDGE_CURVE('',#8361,#8384,#8386,.T.);
#8384 = VERTEX_POINT('',#8385);
#8385 = CARTESIAN_POINT('',(0.8,7.55,0.75));
#8386 = LINE('',#8387,#8388);
#8387 = CARTESIAN_POINT('',(0.8,6.7,0.75));
#8388 = VECTOR('',#8389,1.);
#8389 = DIRECTION('',(0.,1.,0.));
#8390 = ORIENTED_EDGE('',*,*,#8368,.T.);
#8391 = ORIENTED_EDGE('',*,*,#8107,.F.);
#8392 = ORIENTED_EDGE('',*,*,#8393,.T.);
#8393 = EDGE_CURVE('',#8100,#8384,#8394,.T.);
#8394 = LINE('',#8395,#8396);
#8395 = CARTESIAN_POINT('',(2.617307692308,7.55,0.75));
#8396 = VECTOR('',#8397,1.);
#8397 = DIRECTION('',(-1.,0.,0.));
#8398 = PLANE('',#8399);
#8399 = AXIS2_PLACEMENT_3D('',#8400,#8401,#8402);
#8400 = CARTESIAN_POINT('',(2.634615384615,-4.270088556251E-17,0.75));
#8401 = DIRECTION('',(0.,0.,1.));
#8402 = DIRECTION('',(1.,0.,-0.));
#8403 = ADVANCED_FACE('',(#8404),#8422,.F.);
#8404 = FACE_BOUND('',#8405,.F.);
#8405 = EDGE_LOOP('',(#8406,#8407,#8408,#8409,#8415,#8416));
#8406 = ORIENTED_EDGE('',*,*,#8178,.F.);
#8407 = ORIENTED_EDGE('',*,*,#8099,.T.);
#8408 = ORIENTED_EDGE('',*,*,#8393,.T.);
#8409 = ORIENTED_EDGE('',*,*,#8410,.T.);
#8410 = EDGE_CURVE('',#8384,#8290,#8411,.T.);
#8411 = LINE('',#8412,#8413);
#8412 = CARTESIAN_POINT('',(0.8,7.55,1.));
#8413 = VECTOR('',#8414,1.);
#8414 = DIRECTION('',(0.,0.,1.));
#8415 = ORIENTED_EDGE('',*,*,#8297,.T.);
#8416 = ORIENTED_EDGE('',*,*,#8417,.F.);
#8417 = EDGE_CURVE('',#8171,#8298,#8418,.T.);
#8418 = LINE('',#8419,#8420);
#8419 = CARTESIAN_POINT('',(-2.,7.55,0.));
#8420 = VECTOR('',#8421,1.);
#8421 = DIRECTION('',(0.,0.,1.));
#8422 = PLANE('',#8423);
#8423 = AXIS2_PLACEMENT_3D('',#8424,#8425,#8426);
#8424 = CARTESIAN_POINT('',(2.6,7.55,0.));
#8425 = DIRECTION('',(0.,-1.,0.));
#8426 = DIRECTION('',(-1.,0.,0.));
#8427 = ADVANCED_FACE('',(#8428),#8457,.F.);
#8428 = FACE_BOUND('',#8429,.F.);
#8429 = EDGE_LOOP('',(#8430,#8431,#8432,#8433,#8441,#8449,#8455,#8456));
#8430 = ORIENTED_EDGE('',*,*,#8170,.F.);
#8431 = ORIENTED_EDGE('',*,*,#8417,.T.);
#8432 = ORIENTED_EDGE('',*,*,#8305,.T.);
#8433 = ORIENTED_EDGE('',*,*,#8434,.T.);
#8434 = EDGE_CURVE('',#8306,#8435,#8437,.T.);
#8435 = VERTEX_POINT('',#8436);
#8436 = CARTESIAN_POINT('',(-2.,6.785,0.6));
#8437 = LINE('',#8438,#8439);
#8438 = CARTESIAN_POINT('',(-2.,6.785,1.));
#8439 = VECTOR('',#8440,1.);
#8440 = DIRECTION('',(0.,0.,-1.));
#8441 = ORIENTED_EDGE('',*,*,#8442,.T.);
#8442 = EDGE_CURVE('',#8435,#8443,#8445,.T.);
#8443 = VERTEX_POINT('',#8444);
#8444 = CARTESIAN_POINT('',(-2.,-6.785,0.6));
#8445 = LINE('',#8446,#8447);
#8446 = CARTESIAN_POINT('',(-2.,3.775,0.6));
#8447 = VECTOR('',#8448,1.);
#8448 = DIRECTION('',(0.,-1.,0.));
#8449 = ORIENTED_EDGE('',*,*,#8450,.T.);
#8450 = EDGE_CURVE('',#8443,#8330,#8451,.T.);
#8451 = LINE('',#8452,#8453);
#8452 = CARTESIAN_POINT('',(-2.,-6.785,1.));
#8453 = VECTOR('',#8454,1.);
#8454 = DIRECTION('',(0.,0.,1.));
#8455 = ORIENTED_EDGE('',*,*,#8337,.T.);
#8456 = ORIENTED_EDGE('',*,*,#8218,.F.);
#8457 = PLANE('',#8458);
#8458 = AXIS2_PLACEMENT_3D('',#8459,#8460,#8461);
#8459 = CARTESIAN_POINT('',(-2.,7.55,0.));
#8460 = DIRECTION('',(1.,0.,0.));
#8461 = DIRECTION('',(0.,-1.,0.));
#8462 = ADVANCED_FACE('',(#8463),#8469,.T.);
#8463 = FACE_BOUND('',#8464,.T.);
#8464 = EDGE_LOOP('',(#8465,#8466,#8467,#8468));
#8465 = ORIENTED_EDGE('',*,*,#8344,.F.);
#8466 = ORIENTED_EDGE('',*,*,#8202,.F.);
#8467 = ORIENTED_EDGE('',*,*,#8241,.T.);
#8468 = ORIENTED_EDGE('',*,*,#8266,.F.);
#8469 = PLANE('',#8470);
#8470 = AXIS2_PLACEMENT_3D('',#8471,#8472,#8473);
#8471 = CARTESIAN_POINT('',(0.8,-8.2,2.));
#8472 = DIRECTION('',(1.,0.,0.));
#8473 = DIRECTION('',(-0.,1.,0.));
#8474 = ADVANCED_FACE('',(#8475),#8493,.T.);
#8475 = FACE_BOUND('',#8476,.T.);
#8476 = EDGE_LOOP('',(#8477,#8478,#8486,#8492));
#8477 = ORIENTED_EDGE('',*,*,#8329,.F.);
#8478 = ORIENTED_EDGE('',*,*,#8479,.T.);
#8479 = EDGE_CURVE('',#8322,#8480,#8482,.T.);
#8480 = VERTEX_POINT('',#8481);
#8481 = CARTESIAN_POINT('',(0.,-6.785,0.6));
#8482 = LINE('',#8483,#8484);
#8483 = CARTESIAN_POINT('',(0.,-6.785,2.));
#8484 = VECTOR('',#8485,1.);
#8485 = DIRECTION('',(-0.,-0.,-1.));
#8486 = ORIENTED_EDGE('',*,*,#8487,.T.);
#8487 = EDGE_CURVE('',#8480,#8443,#8488,.T.);
#8488 = LINE('',#8489,#8490);
#8489 = CARTESIAN_POINT('',(0.,-6.785,0.6));
#8490 = VECTOR('',#8491,1.);
#8491 = DIRECTION('',(-1.,0.,0.));
#8492 = ORIENTED_EDGE('',*,*,#8450,.T.);
#8493 = PLANE('',#8494);
#8494 = AXIS2_PLACEMENT_3D('',#8495,#8496,#8497);
#8495 = CARTESIAN_POINT('',(0.,-6.785,2.));
#8496 = DIRECTION('',(0.,1.,0.));
#8497 = DIRECTION('',(-1.,0.,0.));
#8498 = ADVANCED_FACE('',(#8499),#8517,.T.);
#8499 = FACE_BOUND('',#8500,.T.);
#8500 = EDGE_LOOP('',(#8501,#8509,#8515,#8516));
#8501 = ORIENTED_EDGE('',*,*,#8502,.T.);
#8502 = EDGE_CURVE('',#8314,#8503,#8505,.T.);
#8503 = VERTEX_POINT('',#8504);
#8504 = CARTESIAN_POINT('',(0.,6.785,0.6));
#8505 = LINE('',#8506,#8507);
#8506 = CARTESIAN_POINT('',(0.,6.785,2.));
#8507 = VECTOR('',#8508,1.);
#8508 = DIRECTION('',(-0.,-0.,-1.));
#8509 = ORIENTED_EDGE('',*,*,#8510,.T.);
#8510 = EDGE_CURVE('',#8503,#8480,#8511,.T.);
#8511 = LINE('',#8512,#8513);
#8512 = CARTESIAN_POINT('',(0.,6.785,0.6));
#8513 = VECTOR('',#8514,1.);
#8514 = DIRECTION('',(0.,-1.,0.));
#8515 = ORIENTED_EDGE('',*,*,#8479,.F.);
#8516 = ORIENTED_EDGE('',*,*,#8321,.F.);
#8517 = PLANE('',#8518);
#8518 = AXIS2_PLACEMENT_3D('',#8519,#8520,#8521);
#8519 = CARTESIAN_POINT('',(0.,6.785,2.));
#8520 = DIRECTION('',(-1.,0.,0.));
#8521 = DIRECTION('',(0.,-1.,0.));
#8522 = ADVANCED_FACE('',(#8523),#8534,.T.);
#8523 = FACE_BOUND('',#8524,.T.);
#8524 = EDGE_LOOP('',(#8525,#8526,#8527,#8533));
#8525 = ORIENTED_EDGE('',*,*,#8313,.F.);
#8526 = ORIENTED_EDGE('',*,*,#8434,.T.);
#8527 = ORIENTED_EDGE('',*,*,#8528,.T.);
#8528 = EDGE_CURVE('',#8435,#8503,#8529,.T.);
#8529 = LINE('',#8530,#8531);
#8530 = CARTESIAN_POINT('',(-3.,6.785,0.6));
#8531 = VECTOR('',#8532,1.);
#8532 = DIRECTION('',(1.,0.,0.));
#8533 = ORIENTED_EDGE('',*,*,#8502,.F.);
#8534 = PLANE('',#8535);
#8535 = AXIS2_PLACEMENT_3D('',#8536,#8537,#8538);
#8536 = CARTESIAN_POINT('',(-3.,6.785,2.));
#8537 = DIRECTION('',(0.,-1.,0.));
#8538 = DIRECTION('',(1.,0.,0.));
#8539 = ADVANCED_FACE('',(#8540),#8546,.T.);
#8540 = FACE_BOUND('',#8541,.T.);
#8541 = EDGE_LOOP('',(#8542,#8543,#8544,#8545));
#8542 = ORIENTED_EDGE('',*,*,#8289,.F.);
#8543 = ORIENTED_EDGE('',*,*,#8360,.T.);
#8544 = ORIENTED_EDGE('',*,*,#8383,.T.);
#8545 = ORIENTED_EDGE('',*,*,#8410,.T.);
#8546 = PLANE('',#8547);
#8547 = AXIS2_PLACEMENT_3D('',#8548,#8549,#8550);
#8548 = CARTESIAN_POINT('',(0.8,6.7,2.));
#8549 = DIRECTION('',(1.,0.,0.));
#8550 = DIRECTION('',(-0.,1.,0.));
#8551 = ADVANCED_FACE('',(#8552),#8558,.T.);
#8552 = FACE_BOUND('',#8553,.T.);
#8553 = EDGE_LOOP('',(#8554,#8555,#8556,#8557));
#8554 = ORIENTED_EDGE('',*,*,#8528,.F.);
#8555 = ORIENTED_EDGE('',*,*,#8442,.T.);
#8556 = ORIENTED_EDGE('',*,*,#8487,.F.);
#8557 = ORIENTED_EDGE('',*,*,#8510,.F.);
#8558 = PLANE('',#8559);
#8559 = AXIS2_PLACEMENT_3D('',#8560,#8561,#8562);
#8560 = CARTESIAN_POINT('',(-1.5,0.,0.6));
#8561 = DIRECTION('',(0.,0.,1.));
#8562 = DIRECTION('',(1.,0.,-0.));
#8563 = ( GEOMETRIC_REPRESENTATION_CONTEXT(3) 
GLOBAL_UNCERTAINTY_ASSIGNED_CONTEXT((#8567)) 
GLOBAL_UNIT_ASSIGNED_CONTEXT((#8564,#8565,#8566)) REPRESENTATION_CONTEXT
('Context #1','3D Context with UNIT and UNCERTAINTY') );
#8564 = ( LENGTH_UNIT() NAMED_UNIT(*) SI_UNIT(.MILLI.,.METRE.) );
#8565 = ( NAMED_UNIT(*) PLANE_ANGLE_UNIT() SI_UNIT($,.RADIAN.) );
#8566 = ( NAMED_UNIT(*) SI_UNIT($,.STERADIAN.) SOLID_ANGLE_UNIT() );
#8567 = UNCERTAINTY_MEASURE_WITH_UNIT(LENGTH_MEASURE(1.E-07),#8564,
  'distance_accuracy_value','confusion accuracy');
#8568 = CONTEXT_DEPENDENT_SHAPE_REPRESENTATION(#8569,#8571);
#8569 = ( REPRESENTATION_RELATIONSHIP('','',#8082,#8051) 
REPRESENTATION_RELATIONSHIP_WITH_TRANSFORMATION(#8570) 
SHAPE_REPRESENTATION_RELATIONSHIP() );
#8570 = ITEM_DEFINED_TRANSFORMATION('','',#11,#8052);
#8571 = PRODUCT_DEFINITION_SHAPE('Placement','Placement of an item',
  #8572);
#8572 = NEXT_ASSEMBLY_USAGE_OCCURRENCE('21','body','',#8046,#8077,$);
#8573 = PRODUCT_RELATED_PRODUCT_CATEGORY('part',$,(#8079));
#8574 = SHAPE_DEFINITION_REPRESENTATION(#8575,#8581);
#8575 = PRODUCT_DEFINITION_SHAPE('','',#8576);
#8576 = PRODUCT_DEFINITION('design','',#8577,#8580);
#8577 = PRODUCT_DEFINITION_FORMATION('','',#8578);
#8578 = PRODUCT('lock','lock','',(#8579));
#8579 = PRODUCT_CONTEXT('',#2,'mechanical');
#8580 = PRODUCT_DEFINITION_CONTEXT('part definition',#2,'design');
#8581 = ADVANCED_BREP_SHAPE_REPRESENTATION('',(#11,#8582),#9064);
#8582 = MANIFOLD_SOLID_BREP('',#8583);
#8583 = CLOSED_SHELL('',(#8584,#8656,#8696,#8721,#8745,#8777,#8809,#8833
    ,#8857,#8882,#8931,#8957,#8983,#9018,#9035,#9052));
#8584 = ADVANCED_FACE('',(#8585),#8651,.T.);
#8585 = FACE_BOUND('',#8586,.T.);
#8586 = EDGE_LOOP('',(#8587,#8597,#8605,#8613,#8621,#8629,#8637,#8645));
#8587 = ORIENTED_EDGE('',*,*,#8588,.F.);
#8588 = EDGE_CURVE('',#8589,#8591,#8593,.T.);
#8589 = VERTEX_POINT('',#8590);
#8590 = CARTESIAN_POINT('',(-2.2,-7.185,2.));
#8591 = VERTEX_POINT('',#8592);
#8592 = CARTESIAN_POINT('',(-2.5,-7.185,2.));
#8593 = LINE('',#8594,#8595);
#8594 = CARTESIAN_POINT('',(-2.2,-7.185,2.));
#8595 = VECTOR('',#8596,1.);
#8596 = DIRECTION('',(-1.,0.,0.));
#8597 = ORIENTED_EDGE('',*,*,#8598,.F.);
#8598 = EDGE_CURVE('',#8599,#8589,#8601,.T.);
#8599 = VERTEX_POINT('',#8600);
#8600 = CARTESIAN_POINT('',(-2.2,-6.785,2.));
#8601 = LINE('',#8602,#8603);
#8602 = CARTESIAN_POINT('',(-2.2,-6.785,2.));
#8603 = VECTOR('',#8604,1.);
#8604 = DIRECTION('',(0.,-1.,0.));
#8605 = ORIENTED_EDGE('',*,*,#8606,.F.);
#8606 = EDGE_CURVE('',#8607,#8599,#8609,.T.);
#8607 = VERTEX_POINT('',#8608);
#8608 = CARTESIAN_POINT('',(-1.582179545096,-6.785,2.));
#8609 = LINE('',#8610,#8611);
#8610 = CARTESIAN_POINT('',(2.960774076653E-16,-6.785,2.));
#8611 = VECTOR('',#8612,1.);
#8612 = DIRECTION('',(-1.,0.,0.));
#8613 = ORIENTED_EDGE('',*,*,#8614,.T.);
#8614 = EDGE_CURVE('',#8607,#8615,#8617,.T.);
#8615 = VERTEX_POINT('',#8616);
#8616 = CARTESIAN_POINT('',(-1.582179545096,6.785,2.));
#8617 = LINE('',#8618,#8619);
#8618 = CARTESIAN_POINT('',(-1.582179545096,-3.5925,2.));
#8619 = VECTOR('',#8620,1.);
#8620 = DIRECTION('',(-1.259277531056E-15,1.,0.));
#8621 = ORIENTED_EDGE('',*,*,#8622,.F.);
#8622 = EDGE_CURVE('',#8623,#8615,#8625,.T.);
#8623 = VERTEX_POINT('',#8624);
#8624 = CARTESIAN_POINT('',(-2.2,6.785,2.));
#8625 = LINE('',#8626,#8627);
#8626 = CARTESIAN_POINT('',(-2.2,6.785,2.));
#8627 = VECTOR('',#8628,1.);
#8628 = DIRECTION('',(1.,0.,0.));
#8629 = ORIENTED_EDGE('',*,*,#8630,.T.);
#8630 = EDGE_CURVE('',#8623,#8631,#8633,.T.);
#8631 = VERTEX_POINT('',#8632);
#8632 = CARTESIAN_POINT('',(-2.2,7.185,2.));
#8633 = LINE('',#8634,#8635);
#8634 = CARTESIAN_POINT('',(-2.2,6.785,2.));
#8635 = VECTOR('',#8636,1.);
#8636 = DIRECTION('',(0.,1.,0.));
#8637 = ORIENTED_EDGE('',*,*,#8638,.F.);
#8638 = EDGE_CURVE('',#8639,#8631,#8641,.T.);
#8639 = VERTEX_POINT('',#8640);
#8640 = CARTESIAN_POINT('',(-2.5,7.185,2.));
#8641 = LINE('',#8642,#8643);
#8642 = CARTESIAN_POINT('',(-3.,7.185,2.));
#8643 = VECTOR('',#8644,1.);
#8644 = DIRECTION('',(1.,0.,0.));
#8645 = ORIENTED_EDGE('',*,*,#8646,.F.);
#8646 = EDGE_CURVE('',#8591,#8639,#8647,.T.);
#8647 = LINE('',#8648,#8649);
#8648 = CARTESIAN_POINT('',(-2.5,-7.185,2.));
#8649 = VECTOR('',#8650,1.);
#8650 = DIRECTION('',(0.,1.,0.));
#8651 = PLANE('',#8652);
#8652 = AXIS2_PLACEMENT_3D('',#8653,#8654,#8655);
#8653 = CARTESIAN_POINT('',(-1.550662061025,1.278322423287E-17,2.));
#8654 = DIRECTION('',(0.,0.,1.));
#8655 = DIRECTION('',(1.,0.,-0.));
#8656 = ADVANCED_FACE('',(#8657),#8691,.F.);
#8657 = FACE_BOUND('',#8658,.F.);
#8658 = EDGE_LOOP('',(#8659,#8669,#8676,#8677,#8685));
#8659 = ORIENTED_EDGE('',*,*,#8660,.F.);
#8660 = EDGE_CURVE('',#8661,#8663,#8665,.T.);
#8661 = VERTEX_POINT('',#8662);
#8662 = CARTESIAN_POINT('',(-3.,-7.185,1.5));
#8663 = VERTEX_POINT('',#8664);
#8664 = CARTESIAN_POINT('',(-3.,-7.185,0.15));
#8665 = LINE('',#8666,#8667);
#8666 = CARTESIAN_POINT('',(-3.,-7.185,2.));
#8667 = VECTOR('',#8668,1.);
#8668 = DIRECTION('',(-0.,-0.,-1.));
#8669 = ORIENTED_EDGE('',*,*,#8670,.F.);
#8670 = EDGE_CURVE('',#8591,#8661,#8671,.T.);
#8671 = CIRCLE('',#8672,0.5);
#8672 = AXIS2_PLACEMENT_3D('',#8673,#8674,#8675);
#8673 = CARTESIAN_POINT('',(-2.5,-7.185,1.5));
#8674 = DIRECTION('',(0.,-1.,0.));
#8675 = DIRECTION('',(0.,0.,1.));
#8676 = ORIENTED_EDGE('',*,*,#8588,.F.);
#8677 = ORIENTED_EDGE('',*,*,#8678,.T.);
#8678 = EDGE_CURVE('',#8589,#8679,#8681,.T.);
#8679 = VERTEX_POINT('',#8680);
#8680 = CARTESIAN_POINT('',(-2.2,-7.185,0.15));
#8681 = LINE('',#8682,#8683);
#8682 = CARTESIAN_POINT('',(-2.2,-7.185,2.));
#8683 = VECTOR('',#8684,1.);
#8684 = DIRECTION('',(-0.,-0.,-1.));
#8685 = ORIENTED_EDGE('',*,*,#8686,.T.);
#8686 = EDGE_CURVE('',#8679,#8663,#8687,.T.);
#8687 = LINE('',#8688,#8689);
#8688 = CARTESIAN_POINT('',(-2.2,-7.185,0.15));
#8689 = VECTOR('',#8690,1.);
#8690 = DIRECTION('',(-1.,0.,0.));
#8691 = PLANE('',#8692);
#8692 = AXIS2_PLACEMENT_3D('',#8693,#8694,#8695);
#8693 = CARTESIAN_POINT('',(-2.2,-7.185,2.));
#8694 = DIRECTION('',(0.,1.,0.));
#8695 = DIRECTION('',(-1.,0.,0.));
#8696 = ADVANCED_FACE('',(#8697),#8716,.T.);
#8697 = FACE_BOUND('',#8698,.T.);
#8698 = EDGE_LOOP('',(#8699,#8700,#8709,#8715));
#8699 = ORIENTED_EDGE('',*,*,#8646,.T.);
#8700 = ORIENTED_EDGE('',*,*,#8701,.T.);
#8701 = EDGE_CURVE('',#8639,#8702,#8704,.T.);
#8702 = VERTEX_POINT('',#8703);
#8703 = CARTESIAN_POINT('',(-3.,7.185,1.5));
#8704 = CIRCLE('',#8705,0.5);
#8705 = AXIS2_PLACEMENT_3D('',#8706,#8707,#8708);
#8706 = CARTESIAN_POINT('',(-2.5,7.185,1.5));
#8707 = DIRECTION('',(0.,-1.,0.));
#8708 = DIRECTION('',(0.,0.,1.));
#8709 = ORIENTED_EDGE('',*,*,#8710,.F.);
#8710 = EDGE_CURVE('',#8661,#8702,#8711,.T.);
#8711 = LINE('',#8712,#8713);
#8712 = CARTESIAN_POINT('',(-3.,-7.185,1.5));
#8713 = VECTOR('',#8714,1.);
#8714 = DIRECTION('',(0.,1.,0.));
#8715 = ORIENTED_EDGE('',*,*,#8670,.F.);
#8716 = CYLINDRICAL_SURFACE('',#8717,0.5);
#8717 = AXIS2_PLACEMENT_3D('',#8718,#8719,#8720);
#8718 = CARTESIAN_POINT('',(-2.5,-7.185,1.5));
#8719 = DIRECTION('',(0.,1.,0.));
#8720 = DIRECTION('',(0.,-0.,1.));
#8721 = ADVANCED_FACE('',(#8722),#8740,.F.);
#8722 = FACE_BOUND('',#8723,.F.);
#8723 = EDGE_LOOP('',(#8724,#8732,#8738,#8739));
#8724 = ORIENTED_EDGE('',*,*,#8725,.T.);
#8725 = EDGE_CURVE('',#8599,#8726,#8728,.T.);
#8726 = VERTEX_POINT('',#8727);
#8727 = CARTESIAN_POINT('',(-2.2,-6.785,0.15));
#8728 = LINE('',#8729,#8730);
#8729 = CARTESIAN_POINT('',(-2.2,-6.785,2.));
#8730 = VECTOR('',#8731,1.);
#8731 = DIRECTION('',(-0.,-0.,-1.));
#8732 = ORIENTED_EDGE('',*,*,#8733,.T.);
#8733 = EDGE_CURVE('',#8726,#8679,#8734,.T.);
#8734 = LINE('',#8735,#8736);
#8735 = CARTESIAN_POINT('',(-2.2,-6.785,0.15));
#8736 = VECTOR('',#8737,1.);
#8737 = DIRECTION('',(0.,-1.,0.));
#8738 = ORIENTED_EDGE('',*,*,#8678,.F.);
#8739 = ORIENTED_EDGE('',*,*,#8598,.F.);
#8740 = PLANE('',#8741);
#8741 = AXIS2_PLACEMENT_3D('',#8742,#8743,#8744);
#8742 = CARTESIAN_POINT('',(-2.2,-6.785,2.));
#8743 = DIRECTION('',(-1.,0.,0.));
#8744 = DIRECTION('',(0.,-1.,0.));
#8745 = ADVANCED_FACE('',(#8746),#8772,.F.);
#8746 = FACE_BOUND('',#8747,.F.);
#8747 = EDGE_LOOP('',(#8748,#8756,#8764,#8770,#8771));
#8748 = ORIENTED_EDGE('',*,*,#8749,.T.);
#8749 = EDGE_CURVE('',#8702,#8750,#8752,.T.);
#8750 = VERTEX_POINT('',#8751);
#8751 = CARTESIAN_POINT('',(-3.,7.185,0.15));
#8752 = LINE('',#8753,#8754);
#8753 = CARTESIAN_POINT('',(-3.,7.185,2.));
#8754 = VECTOR('',#8755,1.);
#8755 = DIRECTION('',(-0.,-0.,-1.));
#8756 = ORIENTED_EDGE('',*,*,#8757,.T.);
#8757 = EDGE_CURVE('',#8750,#8758,#8760,.T.);
#8758 = VERTEX_POINT('',#8759);
#8759 = CARTESIAN_POINT('',(-2.2,7.185,0.15));
#8760 = LINE('',#8761,#8762);
#8761 = CARTESIAN_POINT('',(-3.,7.185,0.15));
#8762 = VECTOR('',#8763,1.);
#8763 = DIRECTION('',(1.,0.,0.));
#8764 = ORIENTED_EDGE('',*,*,#8765,.F.);
#8765 = EDGE_CURVE('',#8631,#8758,#8766,.T.);
#8766 = LINE('',#8767,#8768);
#8767 = CARTESIAN_POINT('',(-2.2,7.185,2.));
#8768 = VECTOR('',#8769,1.);
#8769 = DIRECTION('',(-0.,-0.,-1.));
#8770 = ORIENTED_EDGE('',*,*,#8638,.F.);
#8771 = ORIENTED_EDGE('',*,*,#8701,.T.);
#8772 = PLANE('',#8773);
#8773 = AXIS2_PLACEMENT_3D('',#8774,#8775,#8776);
#8774 = CARTESIAN_POINT('',(-3.,7.185,2.));
#8775 = DIRECTION('',(0.,-1.,0.));
#8776 = DIRECTION('',(1.,0.,0.));
#8777 = ADVANCED_FACE('',(#8778),#8804,.F.);
#8778 = FACE_BOUND('',#8779,.F.);
#8779 = EDGE_LOOP('',(#8780,#8788,#8796,#8802,#8803));
#8780 = ORIENTED_EDGE('',*,*,#8781,.T.);
#8781 = EDGE_CURVE('',#8607,#8782,#8784,.T.);
#8782 = VERTEX_POINT('',#8783);
#8783 = CARTESIAN_POINT('',(2.960774076653E-16,-6.785,1.721019057875));
#8784 = LINE('',#8785,#8786);
#8785 = CARTESIAN_POINT('',(0.445761230572,-6.785,1.642419325971));
#8786 = VECTOR('',#8787,1.);
#8787 = DIRECTION('',(0.984807753012,0.,-0.173648177667));
#8788 = ORIENTED_EDGE('',*,*,#8789,.T.);
#8789 = EDGE_CURVE('',#8782,#8790,#8792,.T.);
#8790 = VERTEX_POINT('',#8791);
#8791 = CARTESIAN_POINT('',(2.960774076653E-16,-6.785,0.15));
#8792 = LINE('',#8793,#8794);
#8793 = CARTESIAN_POINT('',(2.960774076653E-16,-6.785,2.));
#8794 = VECTOR('',#8795,1.);
#8795 = DIRECTION('',(-0.,-0.,-1.));
#8796 = ORIENTED_EDGE('',*,*,#8797,.T.);
#8797 = EDGE_CURVE('',#8790,#8726,#8798,.T.);
#8798 = LINE('',#8799,#8800);
#8799 = CARTESIAN_POINT('',(2.960774076653E-16,-6.785,0.15));
#8800 = VECTOR('',#8801,1.);
#8801 = DIRECTION('',(-1.,0.,0.));
#8802 = ORIENTED_EDGE('',*,*,#8725,.F.);
#8803 = ORIENTED_EDGE('',*,*,#8606,.F.);
#8804 = PLANE('',#8805);
#8805 = AXIS2_PLACEMENT_3D('',#8806,#8807,#8808);
#8806 = CARTESIAN_POINT('',(2.960774076653E-16,-6.785,2.));
#8807 = DIRECTION('',(0.,1.,0.));
#8808 = DIRECTION('',(-1.,0.,0.));
#8809 = ADVANCED_FACE('',(#8810),#8828,.T.);
#8810 = FACE_BOUND('',#8811,.T.);
#8811 = EDGE_LOOP('',(#8812,#8820,#8826,#8827));
#8812 = ORIENTED_EDGE('',*,*,#8813,.T.);
#8813 = EDGE_CURVE('',#8623,#8814,#8816,.T.);
#8814 = VERTEX_POINT('',#8815);
#8815 = CARTESIAN_POINT('',(-2.2,6.785,0.15));
#8816 = LINE('',#8817,#8818);
#8817 = CARTESIAN_POINT('',(-2.2,6.785,2.));
#8818 = VECTOR('',#8819,1.);
#8819 = DIRECTION('',(-0.,-0.,-1.));
#8820 = ORIENTED_EDGE('',*,*,#8821,.T.);
#8821 = EDGE_CURVE('',#8814,#8758,#8822,.T.);
#8822 = LINE('',#8823,#8824);
#8823 = CARTESIAN_POINT('',(-2.2,6.785,0.15));
#8824 = VECTOR('',#8825,1.);
#8825 = DIRECTION('',(0.,1.,0.));
#8826 = ORIENTED_EDGE('',*,*,#8765,.F.);
#8827 = ORIENTED_EDGE('',*,*,#8630,.F.);
#8828 = PLANE('',#8829);
#8829 = AXIS2_PLACEMENT_3D('',#8830,#8831,#8832);
#8830 = CARTESIAN_POINT('',(-2.2,6.785,2.));
#8831 = DIRECTION('',(1.,0.,0.));
#8832 = DIRECTION('',(-0.,1.,0.));
#8833 = ADVANCED_FACE('',(#8834),#8852,.T.);
#8834 = FACE_BOUND('',#8835,.T.);
#8835 = EDGE_LOOP('',(#8836,#8844,#8850,#8851));
#8836 = ORIENTED_EDGE('',*,*,#8837,.T.);
#8837 = EDGE_CURVE('',#8782,#8838,#8840,.T.);
#8838 = VERTEX_POINT('',#8839);
#8839 = CARTESIAN_POINT('',(3.700833115417E-16,6.785,1.721019057875));
#8840 = LINE('',#8841,#8842);
#8841 = CARTESIAN_POINT('',(2.590610062952E-16,-0.2,1.721019057875));
#8842 = VECTOR('',#8843,1.);
#8843 = DIRECTION('',(-3.633294515572E-33,1.,-2.22044604925E-16));
#8844 = ORIENTED_EDGE('',*,*,#8845,.T.);
#8845 = EDGE_CURVE('',#8838,#8615,#8846,.T.);
#8846 = LINE('',#8847,#8848);
#8847 = CARTESIAN_POINT('',(-0.621069710861,6.785,1.8305304048));
#8848 = VECTOR('',#8849,1.);
#8849 = DIRECTION('',(-0.984807753012,0.,0.173648177667));
#8850 = ORIENTED_EDGE('',*,*,#8614,.F.);
#8851 = ORIENTED_EDGE('',*,*,#8781,.T.);
#8852 = PLANE('',#8853);
#8853 = AXIS2_PLACEMENT_3D('',#8854,#8855,#8856);
#8854 = CARTESIAN_POINT('',(0.939231012049,-7.185,1.555407289332));
#8855 = DIRECTION('',(0.173648177667,2.186712484447E-16,0.984807753012)
  );
#8856 = DIRECTION('',(-0.984807753012,3.855764100602E-17,0.173648177667)
  );
#8857 = ADVANCED_FACE('',(#8858),#8877,.F.);
#8858 = FACE_BOUND('',#8859,.F.);
#8859 = EDGE_LOOP('',(#8860,#8861,#8862,#8870,#8876));
#8860 = ORIENTED_EDGE('',*,*,#8622,.F.);
#8861 = ORIENTED_EDGE('',*,*,#8813,.T.);
#8862 = ORIENTED_EDGE('',*,*,#8863,.T.);
#8863 = EDGE_CURVE('',#8814,#8864,#8866,.T.);
#8864 = VERTEX_POINT('',#8865);
#8865 = CARTESIAN_POINT('',(3.700833115417E-16,6.785,0.15));
#8866 = LINE('',#8867,#8868);
#8867 = CARTESIAN_POINT('',(-2.2,6.785,0.15));
#8868 = VECTOR('',#8869,1.);
#8869 = DIRECTION('',(1.,0.,0.));
#8870 = ORIENTED_EDGE('',*,*,#8871,.F.);
#8871 = EDGE_CURVE('',#8838,#8864,#8872,.T.);
#8872 = LINE('',#8873,#8874);
#8873 = CARTESIAN_POINT('',(3.700833115417E-16,6.785,2.));
#8874 = VECTOR('',#8875,1.);
#8875 = DIRECTION('',(-0.,-0.,-1.));
#8876 = ORIENTED_EDGE('',*,*,#8845,.T.);
#8877 = PLANE('',#8878);
#8878 = AXIS2_PLACEMENT_3D('',#8879,#8880,#8881);
#8879 = CARTESIAN_POINT('',(-2.2,6.785,2.));
#8880 = DIRECTION('',(0.,-1.,0.));
#8881 = DIRECTION('',(1.,0.,0.));
#8882 = ADVANCED_FACE('',(#8883),#8926,.F.);
#8883 = FACE_BOUND('',#8884,.F.);
#8884 = EDGE_LOOP('',(#8885,#8886,#8887,#8888,#8896,#8904,#8912,#8920));
#8885 = ORIENTED_EDGE('',*,*,#8749,.F.);
#8886 = ORIENTED_EDGE('',*,*,#8710,.F.);
#8887 = ORIENTED_EDGE('',*,*,#8660,.T.);
#8888 = ORIENTED_EDGE('',*,*,#8889,.T.);
#8889 = EDGE_CURVE('',#8663,#8890,#8892,.T.);
#8890 = VERTEX_POINT('',#8891);
#8891 = CARTESIAN_POINT('',(-3.,-6.285,0.15));
#8892 = LINE('',#8893,#8894);
#8893 = CARTESIAN_POINT('',(-3.,-7.185,0.15));
#8894 = VECTOR('',#8895,1.);
#8895 = DIRECTION('',(0.,1.,0.));
#8896 = ORIENTED_EDGE('',*,*,#8897,.F.);
#8897 = EDGE_CURVE('',#8898,#8890,#8900,.T.);
#8898 = VERTEX_POINT('',#8899);
#8899 = CARTESIAN_POINT('',(-3.,-6.285,0.75));
#8900 = LINE('',#8901,#8902);
#8901 = CARTESIAN_POINT('',(-3.,-6.285,0.75));
#8902 = VECTOR('',#8903,1.);
#8903 = DIRECTION('',(0.,0.,-1.));
#8904 = ORIENTED_EDGE('',*,*,#8905,.F.);
#8905 = EDGE_CURVE('',#8906,#8898,#8908,.T.);
#8906 = VERTEX_POINT('',#8907);
#8907 = CARTESIAN_POINT('',(-3.,6.285,0.75));
#8908 = LINE('',#8909,#8910);
#8909 = CARTESIAN_POINT('',(-3.,6.285,0.75));
#8910 = VECTOR('',#8911,1.);
#8911 = DIRECTION('',(0.,-1.,0.));
#8912 = ORIENTED_EDGE('',*,*,#8913,.F.);
#8913 = EDGE_CURVE('',#8914,#8906,#8916,.T.);
#8914 = VERTEX_POINT('',#8915);
#8915 = CARTESIAN_POINT('',(-3.,6.285,0.15));
#8916 = LINE('',#8917,#8918);
#8917 = CARTESIAN_POINT('',(-3.,6.285,0.));
#8918 = VECTOR('',#8919,1.);
#8919 = DIRECTION('',(0.,0.,1.));
#8920 = ORIENTED_EDGE('',*,*,#8921,.T.);
#8921 = EDGE_CURVE('',#8914,#8750,#8922,.T.);
#8922 = LINE('',#8923,#8924);
#8923 = CARTESIAN_POINT('',(-3.,-7.185,0.15));
#8924 = VECTOR('',#8925,1.);
#8925 = DIRECTION('',(0.,1.,0.));
#8926 = PLANE('',#8927);
#8927 = AXIS2_PLACEMENT_3D('',#8928,#8929,#8930);
#8928 = CARTESIAN_POINT('',(-3.,-7.185,2.));
#8929 = DIRECTION('',(1.,0.,0.));
#8930 = DIRECTION('',(-0.,1.,0.));
#8931 = ADVANCED_FACE('',(#8932),#8952,.F.);
#8932 = FACE_BOUND('',#8933,.F.);
#8933 = EDGE_LOOP('',(#8934,#8942,#8948,#8949,#8950,#8951));
#8934 = ORIENTED_EDGE('',*,*,#8935,.F.);
#8935 = EDGE_CURVE('',#8936,#8790,#8938,.T.);
#8936 = VERTEX_POINT('',#8937);
#8937 = CARTESIAN_POINT('',(2.960774076653E-16,-6.285,0.15));
#8938 = LINE('',#8939,#8940);
#8939 = CARTESIAN_POINT('',(2.960774076653E-16,6.785,0.15));
#8940 = VECTOR('',#8941,1.);
#8941 = DIRECTION('',(3.633294515572E-33,-1.,0.));
#8942 = ORIENTED_EDGE('',*,*,#8943,.T.);
#8943 = EDGE_CURVE('',#8936,#8890,#8944,.T.);
#8944 = LINE('',#8945,#8946);
#8945 = CARTESIAN_POINT('',(-2.275331030512,-6.285,0.15));
#8946 = VECTOR('',#8947,1.);
#8947 = DIRECTION('',(-1.,0.,0.));
#8948 = ORIENTED_EDGE('',*,*,#8889,.F.);
#8949 = ORIENTED_EDGE('',*,*,#8686,.F.);
#8950 = ORIENTED_EDGE('',*,*,#8733,.F.);
#8951 = ORIENTED_EDGE('',*,*,#8797,.F.);
#8952 = PLANE('',#8953);
#8953 = AXIS2_PLACEMENT_3D('',#8954,#8955,#8956);
#8954 = CARTESIAN_POINT('',(-1.550662061025,1.278322423287E-17,0.15));
#8955 = DIRECTION('',(0.,0.,1.));
#8956 = DIRECTION('',(1.,0.,-0.));
#8957 = ADVANCED_FACE('',(#8958),#8978,.F.);
#8958 = FACE_BOUND('',#8959,.F.);
#8959 = EDGE_LOOP('',(#8960,#8961,#8962,#8963,#8964,#8972));
#8960 = ORIENTED_EDGE('',*,*,#8863,.F.);
#8961 = ORIENTED_EDGE('',*,*,#8821,.T.);
#8962 = ORIENTED_EDGE('',*,*,#8757,.F.);
#8963 = ORIENTED_EDGE('',*,*,#8921,.F.);
#8964 = ORIENTED_EDGE('',*,*,#8965,.T.);
#8965 = EDGE_CURVE('',#8914,#8966,#8968,.T.);
#8966 = VERTEX_POINT('',#8967);
#8967 = CARTESIAN_POINT('',(2.960774076653E-16,6.285,0.15));
#8968 = LINE('',#8969,#8970);
#8969 = CARTESIAN_POINT('',(-2.275331030512,6.285,0.15));
#8970 = VECTOR('',#8971,1.);
#8971 = DIRECTION('',(1.,0.,0.));
#8972 = ORIENTED_EDGE('',*,*,#8973,.F.);
#8973 = EDGE_CURVE('',#8864,#8966,#8974,.T.);
#8974 = LINE('',#8975,#8976);
#8975 = CARTESIAN_POINT('',(2.960774076653E-16,6.785,0.15));
#8976 = VECTOR('',#8977,1.);
#8977 = DIRECTION('',(3.633294515572E-33,-1.,0.));
#8978 = PLANE('',#8979);
#8979 = AXIS2_PLACEMENT_3D('',#8980,#8981,#8982);
#8980 = CARTESIAN_POINT('',(-1.550662061025,1.278322423287E-17,0.15));
#8981 = DIRECTION('',(0.,0.,1.));
#8982 = DIRECTION('',(1.,0.,-0.));
#8983 = ADVANCED_FACE('',(#8984),#9013,.F.);
#8984 = FACE_BOUND('',#8985,.F.);
#8985 = EDGE_LOOP('',(#8986,#8987,#8988,#8989,#8997,#9005,#9011,#9012));
#8986 = ORIENTED_EDGE('',*,*,#8837,.T.);
#8987 = ORIENTED_EDGE('',*,*,#8871,.T.);
#8988 = ORIENTED_EDGE('',*,*,#8973,.T.);
#8989 = ORIENTED_EDGE('',*,*,#8990,.T.);
#8990 = EDGE_CURVE('',#8966,#8991,#8993,.T.);
#8991 = VERTEX_POINT('',#8992);
#8992 = CARTESIAN_POINT('',(4.440892098501E-16,6.285,0.75));
#8993 = LINE('',#8994,#8995);
#8994 = CARTESIAN_POINT('',(3.700833087577E-16,6.285,1.));
#8995 = VECTOR('',#8996,1.);
#8996 = DIRECTION('',(0.,0.,1.));
#8997 = ORIENTED_EDGE('',*,*,#8998,.T.);
#8998 = EDGE_CURVE('',#8991,#8999,#9001,.T.);
#8999 = VERTEX_POINT('',#9000);
#9000 = CARTESIAN_POINT('',(4.440892098501E-16,-6.285,0.75));
#9001 = LINE('',#9002,#9003);
#9002 = CARTESIAN_POINT('',(3.700833087577E-16,6.535,0.75));
#9003 = VECTOR('',#9004,1.);
#9004 = DIRECTION('',(3.633294515572E-33,-1.,0.));
#9005 = ORIENTED_EDGE('',*,*,#9006,.T.);
#9006 = EDGE_CURVE('',#8999,#8936,#9007,.T.);
#9007 = LINE('',#9008,#9009);
#9008 = CARTESIAN_POINT('',(3.700833087577E-16,-6.285,1.375));
#9009 = VECTOR('',#9010,1.);
#9010 = DIRECTION('',(0.,0.,-1.));
#9011 = ORIENTED_EDGE('',*,*,#8935,.T.);
#9012 = ORIENTED_EDGE('',*,*,#8789,.F.);
#9013 = PLANE('',#9014);
#9014 = AXIS2_PLACEMENT_3D('',#9015,#9016,#9017);
#9015 = CARTESIAN_POINT('',(2.960774076653E-16,6.785,2.));
#9016 = DIRECTION('',(-1.,-3.633294515572E-33,0.));
#9017 = DIRECTION('',(3.633294515572E-33,-1.,0.));
#9018 = ADVANCED_FACE('',(#9019),#9030,.T.);
#9019 = FACE_BOUND('',#9020,.T.);
#9020 = EDGE_LOOP('',(#9021,#9022,#9023,#9024));
#9021 = ORIENTED_EDGE('',*,*,#8913,.F.);
#9022 = ORIENTED_EDGE('',*,*,#8965,.T.);
#9023 = ORIENTED_EDGE('',*,*,#8990,.T.);
#9024 = ORIENTED_EDGE('',*,*,#9025,.F.);
#9025 = EDGE_CURVE('',#8906,#8991,#9026,.T.);
#9026 = LINE('',#9027,#9028);
#9027 = CARTESIAN_POINT('',(-3.,6.285,0.75));
#9028 = VECTOR('',#9029,1.);
#9029 = DIRECTION('',(1.,0.,0.));
#9030 = PLANE('',#9031);
#9031 = AXIS2_PLACEMENT_3D('',#9032,#9033,#9034);
#9032 = CARTESIAN_POINT('',(-3.,6.285,0.));
#9033 = DIRECTION('',(0.,-1.,0.));
#9034 = DIRECTION('',(0.,0.,1.));
#9035 = ADVANCED_FACE('',(#9036),#9047,.T.);
#9036 = FACE_BOUND('',#9037,.T.);
#9037 = EDGE_LOOP('',(#9038,#9039,#9040,#9041));
#9038 = ORIENTED_EDGE('',*,*,#8905,.F.);
#9039 = ORIENTED_EDGE('',*,*,#9025,.T.);
#9040 = ORIENTED_EDGE('',*,*,#8998,.T.);
#9041 = ORIENTED_EDGE('',*,*,#9042,.F.);
#9042 = EDGE_CURVE('',#8898,#8999,#9043,.T.);
#9043 = LINE('',#9044,#9045);
#9044 = CARTESIAN_POINT('',(-3.,-6.285,0.75));
#9045 = VECTOR('',#9046,1.);
#9046 = DIRECTION('',(1.,0.,0.));
#9047 = PLANE('',#9048);
#9048 = AXIS2_PLACEMENT_3D('',#9049,#9050,#9051);
#9049 = CARTESIAN_POINT('',(-3.,6.285,0.75));
#9050 = DIRECTION('',(0.,0.,-1.));
#9051 = DIRECTION('',(0.,-1.,0.));
#9052 = ADVANCED_FACE('',(#9053),#9059,.T.);
#9053 = FACE_BOUND('',#9054,.T.);
#9054 = EDGE_LOOP('',(#9055,#9056,#9057,#9058));
#9055 = ORIENTED_EDGE('',*,*,#8897,.F.);
#9056 = ORIENTED_EDGE('',*,*,#9042,.T.);
#9057 = ORIENTED_EDGE('',*,*,#9006,.T.);
#9058 = ORIENTED_EDGE('',*,*,#8943,.T.);
#9059 = PLANE('',#9060);
#9060 = AXIS2_PLACEMENT_3D('',#9061,#9062,#9063);
#9061 = CARTESIAN_POINT('',(-3.,-6.285,0.75));
#9062 = DIRECTION('',(0.,1.,0.));
#9063 = DIRECTION('',(0.,0.,-1.));
#9064 = ( GEOMETRIC_REPRESENTATION_CONTEXT(3) 
GLOBAL_UNCERTAINTY_ASSIGNED_CONTEXT((#9068)) 
GLOBAL_UNIT_ASSIGNED_CONTEXT((#9065,#9066,#9067)) REPRESENTATION_CONTEXT
('Context #1','3D Context with UNIT and UNCERTAINTY') );
#9065 = ( LENGTH_UNIT() NAMED_UNIT(*) SI_UNIT(.MILLI.,.METRE.) );
#9066 = ( NAMED_UNIT(*) PLANE_ANGLE_UNIT() SI_UNIT($,.RADIAN.) );
#9067 = ( NAMED_UNIT(*) SI_UNIT($,.STERADIAN.) SOLID_ANGLE_UNIT() );
#9068 = UNCERTAINTY_MEASURE_WITH_UNIT(LENGTH_MEASURE(1.E-07),#9065,
  'distance_accuracy_value','confusion accuracy');
#9069 = CONTEXT_DEPENDENT_SHAPE_REPRESENTATION(#9070,#9072);
#9070 = ( REPRESENTATION_RELATIONSHIP('','',#8581,#8051) 
REPRESENTATION_RELATIONSHIP_WITH_TRANSFORMATION(#9071) 
SHAPE_REPRESENTATION_RELATIONSHIP() );
#9071 = ITEM_DEFINED_TRANSFORMATION('','',#11,#8056);
#9072 = PRODUCT_DEFINITION_SHAPE('Placement','Placement of an item',
  #9073);
#9073 = NEXT_ASSEMBLY_USAGE_OCCURRENCE('22','lock','',#8046,#8576,$);
#9074 = PRODUCT_RELATED_PRODUCT_CATEGORY('part',$,(#8578));
#9075 = SHAPE_DEFINITION_REPRESENTATION(#9076,#9082);
#9076 = PRODUCT_DEFINITION_SHAPE('','',#9077);
#9077 = PRODUCT_DEFINITION('design','',#9078,#9081);
#9078 = PRODUCT_DEFINITION_FORMATION('','',#9079);
#9079 = PRODUCT('pins','pins','',(#9080));
#9080 = PRODUCT_CONTEXT('',#2,'mechanical');
#9081 = PRODUCT_DEFINITION_CONTEXT('part definition',#2,'design');
#9082 = ADVANCED_BREP_SHAPE_REPRESENTATION('',(#11,#9083),#19029);
#9083 = MANIFOLD_SOLID_BREP('',#9084);
#9084 = CLOSED_SHELL('',(#9085,#9125,#9956,#10037,#10861,#10878,#10902,
    #10974,#10991,#11065,#11089,#11161,#11178,#11252,#11276,#11348,
    #11365,#11439,#11463,#11535,#11552,#11626,#11650,#11722,#11739,
    #11813,#11837,#11909,#11926,#12000,#12024,#12096,#12113,#12187,
    #12211,#12283,#12300,#12374,#12398,#12470,#12487,#12561,#12585,
    #12657,#12674,#12748,#12772,#12844,#12861,#12935,#12959,#13031,
    #13048,#13122,#13146,#13218,#13235,#13309,#13333,#13405,#13422,
    #13496,#13520,#13592,#13609,#13683,#13707,#13779,#13796,#13870,
    #13894,#13966,#13983,#14057,#14081,#14153,#14170,#14244,#14268,
    #14340,#14357,#14431,#14455,#14527,#14544,#14618,#14642,#14714,
    #14731,#14805,#14829,#14901,#14918,#14992,#15016,#15088,#15105,
    #15179,#15203,#15275,#15292,#15309,#15326,#15380,#15397,#15446,
    #15463,#15480,#15497,#15514,#15531,#15548,#15565,#15577,#15594,
    #15611,#15628,#15645,#15662,#15679,#15696,#15713,#15730,#15747,
    #15764,#15781,#15798,#15815,#15832,#15849,#15866,#15883,#15900,
    #15917,#15934,#15951,#15968,#15985,#16002,#16019,#16036,#16053,
    #16065,#16082,#16099,#16116,#16133,#16150,#16162,#16179,#16196,
    #16213,#16230,#16247,#16259,#16276,#16293,#16310,#16327,#16344,
    #16356,#16373,#16390,#16407,#16424,#16441,#16453,#16470,#16487,
    #16504,#16521,#16538,#16550,#16567,#16584,#16601,#16618,#16635,
    #16647,#16664,#16681,#16698,#16715,#16732,#16744,#16761,#16778,
    #16795,#16812,#16829,#16841,#16858,#16875,#16892,#16909,#16926,
    #16938,#16955,#16972,#16989,#17006,#17023,#17035,#17052,#17069,
    #17086,#17103,#17120,#17132,#17149,#17166,#17183,#17200,#17217,
    #17229,#17246,#17263,#17280,#17297,#17314,#17326,#17343,#17360,
    #17377,#17394,#17411,#17423,#17440,#17457,#17474,#17491,#17508,
    #17520,#17537,#17554,#17571,#17588,#17605,#17617,#17634,#17651,
    #17668,#17685,#17702,#17714,#17731,#17748,#17765,#17782,#17799,
    #17811,#17828,#17845,#17862,#17879,#17896,#17908,#17925,#17942,
    #17959,#17976,#17993,#18005,#18022,#18039,#18056,#18073,#18090,
    #18102,#18119,#18136,#18153,#18170,#18187,#18199,#18230,#18333,
    #18358,#18449,#18466,#18588,#18613,#18704,#18721,#18733,#18755,
    #18772,#18789,#18806,#18823,#18840,#18852,#18869,#18881,#18903,
    #18920,#18937,#18954,#18971,#18988,#19000,#19017));
#9085 = ADVANCED_FACE('',(#9086),#9120,.T.);
#9086 = FACE_BOUND('',#9087,.T.);
#9087 = EDGE_LOOP('',(#9088,#9098,#9106,#9114));
#9088 = ORIENTED_EDGE('',*,*,#9089,.F.);
#9089 = EDGE_CURVE('',#9090,#9092,#9094,.T.);
#9090 = VERTEX_POINT('',#9091);
#9091 = CARTESIAN_POINT('',(1.7,6.5,0.2));
#9092 = VERTEX_POINT('',#9093);
#9093 = CARTESIAN_POINT('',(1.7,5.85,0.2));
#9094 = LINE('',#9095,#9096);
#9095 = CARTESIAN_POINT('',(1.7,6.5,0.2));
#9096 = VECTOR('',#9097,1.);
#9097 = DIRECTION('',(0.,-1.,0.));
#9098 = ORIENTED_EDGE('',*,*,#9099,.T.);
#9099 = EDGE_CURVE('',#9090,#9100,#9102,.T.);
#9100 = VERTEX_POINT('',#9101);
#9101 = CARTESIAN_POINT('',(1.7,6.5,0.5));
#9102 = LINE('',#9103,#9104);
#9103 = CARTESIAN_POINT('',(1.7,6.5,0.2));
#9104 = VECTOR('',#9105,1.);
#9105 = DIRECTION('',(0.,0.,1.));
#9106 = ORIENTED_EDGE('',*,*,#9107,.T.);
#9107 = EDGE_CURVE('',#9100,#9108,#9110,.T.);
#9108 = VERTEX_POINT('',#9109);
#9109 = CARTESIAN_POINT('',(1.7,5.85,0.5));
#9110 = LINE('',#9111,#9112);
#9111 = CARTESIAN_POINT('',(1.7,6.5,0.5));
#9112 = VECTOR('',#9113,1.);
#9113 = DIRECTION('',(0.,-1.,0.));
#9114 = ORIENTED_EDGE('',*,*,#9115,.F.);
#9115 = EDGE_CURVE('',#9092,#9108,#9116,.T.);
#9116 = LINE('',#9117,#9118);
#9117 = CARTESIAN_POINT('',(1.7,5.85,0.1));
#9118 = VECTOR('',#9119,1.);
#9119 = DIRECTION('',(0.,0.,1.));
#9120 = PLANE('',#9121);
#9121 = AXIS2_PLACEMENT_3D('',#9122,#9123,#9124);
#9122 = CARTESIAN_POINT('',(1.7,6.5,0.2));
#9123 = DIRECTION('',(1.,0.,0.));
#9124 = DIRECTION('',(0.,-1.,0.));
#9125 = ADVANCED_FACE('',(#9126),#9951,.F.);
#9126 = FACE_BOUND('',#9127,.F.);
#9127 = EDGE_LOOP('',(#9128,#9129,#9137,#9145,#9153,#9161,#9169,#9177,
    #9185,#9193,#9201,#9209,#9217,#9225,#9233,#9241,#9249,#9257,#9265,
    #9273,#9281,#9289,#9297,#9305,#9313,#9321,#9329,#9337,#9345,#9353,
    #9361,#9369,#9377,#9385,#9393,#9401,#9409,#9417,#9425,#9433,#9441,
    #9449,#9457,#9465,#9473,#9481,#9489,#9497,#9505,#9513,#9521,#9529,
    #9537,#9545,#9553,#9561,#9569,#9577,#9585,#9593,#9601,#9609,#9617,
    #9625,#9633,#9641,#9649,#9657,#9665,#9673,#9681,#9689,#9697,#9705,
    #9713,#9721,#9729,#9737,#9745,#9753,#9761,#9769,#9777,#9785,#9793,
    #9801,#9809,#9817,#9825,#9833,#9841,#9849,#9857,#9865,#9873,#9881,
    #9889,#9897,#9905,#9913,#9921,#9929,#9937,#9945));
#9128 = ORIENTED_EDGE('',*,*,#9089,.F.);
#9129 = ORIENTED_EDGE('',*,*,#9130,.F.);
#9130 = EDGE_CURVE('',#9131,#9090,#9133,.T.);
#9131 = VERTEX_POINT('',#9132);
#9132 = CARTESIAN_POINT('',(0.6,6.5,0.2));
#9133 = LINE('',#9134,#9135);
#9134 = CARTESIAN_POINT('',(0.6,6.5,0.2));
#9135 = VECTOR('',#9136,1.);
#9136 = DIRECTION('',(1.,0.,0.));
#9137 = ORIENTED_EDGE('',*,*,#9138,.F.);
#9138 = EDGE_CURVE('',#9139,#9131,#9141,.T.);
#9139 = VERTEX_POINT('',#9140);
#9140 = CARTESIAN_POINT('',(0.6,7.05,0.2));
#9141 = LINE('',#9142,#9143);
#9142 = CARTESIAN_POINT('',(0.6,7.15,0.2));
#9143 = VECTOR('',#9144,1.);
#9144 = DIRECTION('',(6.832141690001E-16,-1.,0.));
#9145 = ORIENTED_EDGE('',*,*,#9146,.F.);
#9146 = EDGE_CURVE('',#9147,#9139,#9149,.T.);
#9147 = VERTEX_POINT('',#9148);
#9148 = CARTESIAN_POINT('',(0.3,7.05,0.2));
#9149 = LINE('',#9150,#9151);
#9150 = CARTESIAN_POINT('',(0.777229299363,7.05,0.2));
#9151 = VECTOR('',#9152,1.);
#9152 = DIRECTION('',(1.,2.22044604925E-16,6.870944347512E-33));
#9153 = ORIENTED_EDGE('',*,*,#9154,.F.);
#9154 = EDGE_CURVE('',#9155,#9147,#9157,.T.);
#9155 = VERTEX_POINT('',#9156);
#9156 = CARTESIAN_POINT('',(0.3,-7.05,0.2));
#9157 = LINE('',#9158,#9159);
#9158 = CARTESIAN_POINT('',(0.3,-7.15,0.2));
#9159 = VECTOR('',#9160,1.);
#9160 = DIRECTION('',(0.,1.,0.));
#9161 = ORIENTED_EDGE('',*,*,#9162,.T.);
#9162 = EDGE_CURVE('',#9155,#9163,#9165,.T.);
#9163 = VERTEX_POINT('',#9164);
#9164 = CARTESIAN_POINT('',(0.6,-7.05,0.2));
#9165 = LINE('',#9166,#9167);
#9166 = CARTESIAN_POINT('',(0.777229299363,-7.05,0.2));
#9167 = VECTOR('',#9168,1.);
#9168 = DIRECTION('',(1.,-2.22044604925E-16,6.870944347512E-33));
#9169 = ORIENTED_EDGE('',*,*,#9170,.F.);
#9170 = EDGE_CURVE('',#9171,#9163,#9173,.T.);
#9171 = VERTEX_POINT('',#9172);
#9172 = CARTESIAN_POINT('',(0.6,-6.5,0.2));
#9173 = LINE('',#9174,#9175);
#9174 = CARTESIAN_POINT('',(0.6,-6.5,0.2));
#9175 = VECTOR('',#9176,1.);
#9176 = DIRECTION('',(1.19562479575E-15,-1.,0.));
#9177 = ORIENTED_EDGE('',*,*,#9178,.F.);
#9178 = EDGE_CURVE('',#9179,#9171,#9181,.T.);
#9179 = VERTEX_POINT('',#9180);
#9180 = CARTESIAN_POINT('',(1.7,-6.5,0.2));
#9181 = LINE('',#9182,#9183);
#9182 = CARTESIAN_POINT('',(1.7,-6.5,0.2));
#9183 = VECTOR('',#9184,1.);
#9184 = DIRECTION('',(-1.,0.,0.));
#9185 = ORIENTED_EDGE('',*,*,#9186,.F.);
#9186 = EDGE_CURVE('',#9187,#9179,#9189,.T.);
#9187 = VERTEX_POINT('',#9188);
#9188 = CARTESIAN_POINT('',(1.7,-5.85,0.2));
#9189 = LINE('',#9190,#9191);
#9190 = CARTESIAN_POINT('',(1.7,6.5,0.2));
#9191 = VECTOR('',#9192,1.);
#9192 = DIRECTION('',(0.,-1.,0.));
#9193 = ORIENTED_EDGE('',*,*,#9194,.F.);
#9194 = EDGE_CURVE('',#9195,#9187,#9197,.T.);
#9195 = VERTEX_POINT('',#9196);
#9196 = CARTESIAN_POINT('',(1.6,-5.85,0.2));
#9197 = LINE('',#9198,#9199);
#9198 = CARTESIAN_POINT('',(2.177229299363,-5.85,0.2));
#9199 = VECTOR('',#9200,1.);
#9200 = DIRECTION('',(1.,0.,6.870944347512E-33));
#9201 = ORIENTED_EDGE('',*,*,#9202,.F.);
#9202 = EDGE_CURVE('',#9203,#9195,#9205,.T.);
#9203 = VERTEX_POINT('',#9204);
#9204 = CARTESIAN_POINT('',(1.6,-5.65,0.2));
#9205 = LINE('',#9206,#9207);
#9206 = CARTESIAN_POINT('',(1.6,-2.925,0.2));
#9207 = VECTOR('',#9208,1.);
#9208 = DIRECTION('',(0.,-1.,4.212116354185E-34));
#9209 = ORIENTED_EDGE('',*,*,#9210,.F.);
#9210 = EDGE_CURVE('',#9211,#9203,#9213,.T.);
#9211 = VERTEX_POINT('',#9212);
#9212 = CARTESIAN_POINT('',(1.7,-5.65,0.2));
#9213 = LINE('',#9214,#9215);
#9214 = CARTESIAN_POINT('',(1.277229299363,-5.65,0.2));
#9215 = VECTOR('',#9216,1.);
#9216 = DIRECTION('',(-1.,0.,-6.870944347512E-33));
#9217 = ORIENTED_EDGE('',*,*,#9218,.F.);
#9218 = EDGE_CURVE('',#9219,#9211,#9221,.T.);
#9219 = VERTEX_POINT('',#9220);
#9220 = CARTESIAN_POINT('',(1.7,-5.35,0.2));
#9221 = LINE('',#9222,#9223);
#9222 = CARTESIAN_POINT('',(1.7,6.5,0.2));
#9223 = VECTOR('',#9224,1.);
#9224 = DIRECTION('',(0.,-1.,0.));
#9225 = ORIENTED_EDGE('',*,*,#9226,.F.);
#9226 = EDGE_CURVE('',#9227,#9219,#9229,.T.);
#9227 = VERTEX_POINT('',#9228);
#9228 = CARTESIAN_POINT('',(1.6,-5.35,0.2));
#9229 = LINE('',#9230,#9231);
#9230 = CARTESIAN_POINT('',(2.177229299363,-5.35,0.2));
#9231 = VECTOR('',#9232,1.);
#9232 = DIRECTION('',(1.,0.,6.870944347512E-33));
#9233 = ORIENTED_EDGE('',*,*,#9234,.F.);
#9234 = EDGE_CURVE('',#9235,#9227,#9237,.T.);
#9235 = VERTEX_POINT('',#9236);
#9236 = CARTESIAN_POINT('',(1.6,-5.15,0.2));
#9237 = LINE('',#9238,#9239);
#9238 = CARTESIAN_POINT('',(1.6,-2.675,0.2));
#9239 = VECTOR('',#9240,1.);
#9240 = DIRECTION('',(0.,-1.,4.212116354185E-34));
#9241 = ORIENTED_EDGE('',*,*,#9242,.F.);
#9242 = EDGE_CURVE('',#9243,#9235,#9245,.T.);
#9243 = VERTEX_POINT('',#9244);
#9244 = CARTESIAN_POINT('',(1.7,-5.15,0.2));
#9245 = LINE('',#9246,#9247);
#9246 = CARTESIAN_POINT('',(1.277229299363,-5.15,0.2));
#9247 = VECTOR('',#9248,1.);
#9248 = DIRECTION('',(-1.,0.,-6.870944347512E-33));
#9249 = ORIENTED_EDGE('',*,*,#9250,.F.);
#9250 = EDGE_CURVE('',#9251,#9243,#9253,.T.);
#9251 = VERTEX_POINT('',#9252);
#9252 = CARTESIAN_POINT('',(1.7,-4.85,0.2));
#9253 = LINE('',#9254,#9255);
#9254 = CARTESIAN_POINT('',(1.7,6.5,0.2));
#9255 = VECTOR('',#9256,1.);
#9256 = DIRECTION('',(0.,-1.,0.));
#9257 = ORIENTED_EDGE('',*,*,#9258,.F.);
#9258 = EDGE_CURVE('',#9259,#9251,#9261,.T.);
#9259 = VERTEX_POINT('',#9260);
#9260 = CARTESIAN_POINT('',(1.6,-4.85,0.2));
#9261 = LINE('',#9262,#9263);
#9262 = CARTESIAN_POINT('',(2.177229299363,-4.85,0.2));
#9263 = VECTOR('',#9264,1.);
#9264 = DIRECTION('',(1.,0.,6.870944347512E-33));
#9265 = ORIENTED_EDGE('',*,*,#9266,.F.);
#9266 = EDGE_CURVE('',#9267,#9259,#9269,.T.);
#9267 = VERTEX_POINT('',#9268);
#9268 = CARTESIAN_POINT('',(1.6,-4.65,0.2));
#9269 = LINE('',#9270,#9271);
#9270 = CARTESIAN_POINT('',(1.6,-2.425,0.2));
#9271 = VECTOR('',#9272,1.);
#9272 = DIRECTION('',(0.,-1.,4.212116354185E-34));
#9273 = ORIENTED_EDGE('',*,*,#9274,.F.);
#9274 = EDGE_CURVE('',#9275,#9267,#9277,.T.);
#9275 = VERTEX_POINT('',#9276);
#9276 = CARTESIAN_POINT('',(1.7,-4.65,0.2));
#9277 = LINE('',#9278,#9279);
#9278 = CARTESIAN_POINT('',(1.277229299363,-4.65,0.2));
#9279 = VECTOR('',#9280,1.);
#9280 = DIRECTION('',(-1.,0.,-6.870944347512E-33));
#9281 = ORIENTED_EDGE('',*,*,#9282,.F.);
#9282 = EDGE_CURVE('',#9283,#9275,#9285,.T.);
#9283 = VERTEX_POINT('',#9284);
#9284 = CARTESIAN_POINT('',(1.7,-4.35,0.2));
#9285 = LINE('',#9286,#9287);
#9286 = CARTESIAN_POINT('',(1.7,6.5,0.2));
#9287 = VECTOR('',#9288,1.);
#9288 = DIRECTION('',(0.,-1.,0.));
#9289 = ORIENTED_EDGE('',*,*,#9290,.F.);
#9290 = EDGE_CURVE('',#9291,#9283,#9293,.T.);
#9291 = VERTEX_POINT('',#9292);
#9292 = CARTESIAN_POINT('',(1.6,-4.35,0.2));
#9293 = LINE('',#9294,#9295);
#9294 = CARTESIAN_POINT('',(2.177229299363,-4.35,0.2));
#9295 = VECTOR('',#9296,1.);
#9296 = DIRECTION('',(1.,0.,6.870944347512E-33));
#9297 = ORIENTED_EDGE('',*,*,#9298,.F.);
#9298 = EDGE_CURVE('',#9299,#9291,#9301,.T.);
#9299 = VERTEX_POINT('',#9300);
#9300 = CARTESIAN_POINT('',(1.6,-4.15,0.2));
#9301 = LINE('',#9302,#9303);
#9302 = CARTESIAN_POINT('',(1.6,-2.175,0.2));
#9303 = VECTOR('',#9304,1.);
#9304 = DIRECTION('',(0.,-1.,4.212116354185E-34));
#9305 = ORIENTED_EDGE('',*,*,#9306,.F.);
#9306 = EDGE_CURVE('',#9307,#9299,#9309,.T.);
#9307 = VERTEX_POINT('',#9308);
#9308 = CARTESIAN_POINT('',(1.7,-4.15,0.2));
#9309 = LINE('',#9310,#9311);
#9310 = CARTESIAN_POINT('',(1.277229299363,-4.15,0.2));
#9311 = VECTOR('',#9312,1.);
#9312 = DIRECTION('',(-1.,0.,-6.870944347512E-33));
#9313 = ORIENTED_EDGE('',*,*,#9314,.F.);
#9314 = EDGE_CURVE('',#9315,#9307,#9317,.T.);
#9315 = VERTEX_POINT('',#9316);
#9316 = CARTESIAN_POINT('',(1.7,-3.85,0.2));
#9317 = LINE('',#9318,#9319);
#9318 = CARTESIAN_POINT('',(1.7,6.5,0.2));
#9319 = VECTOR('',#9320,1.);
#9320 = DIRECTION('',(0.,-1.,0.));
#9321 = ORIENTED_EDGE('',*,*,#9322,.F.);
#9322 = EDGE_CURVE('',#9323,#9315,#9325,.T.);
#9323 = VERTEX_POINT('',#9324);
#9324 = CARTESIAN_POINT('',(1.6,-3.85,0.2));
#9325 = LINE('',#9326,#9327);
#9326 = CARTESIAN_POINT('',(2.177229299363,-3.85,0.2));
#9327 = VECTOR('',#9328,1.);
#9328 = DIRECTION('',(1.,0.,6.870944347512E-33));
#9329 = ORIENTED_EDGE('',*,*,#9330,.F.);
#9330 = EDGE_CURVE('',#9331,#9323,#9333,.T.);
#9331 = VERTEX_POINT('',#9332);
#9332 = CARTESIAN_POINT('',(1.6,-3.65,0.2));
#9333 = LINE('',#9334,#9335);
#9334 = CARTESIAN_POINT('',(1.6,-1.925,0.2));
#9335 = VECTOR('',#9336,1.);
#9336 = DIRECTION('',(0.,-1.,4.212116354185E-34));
#9337 = ORIENTED_EDGE('',*,*,#9338,.F.);
#9338 = EDGE_CURVE('',#9339,#9331,#9341,.T.);
#9339 = VERTEX_POINT('',#9340);
#9340 = CARTESIAN_POINT('',(1.7,-3.65,0.2));
#9341 = LINE('',#9342,#9343);
#9342 = CARTESIAN_POINT('',(1.277229299363,-3.65,0.2));
#9343 = VECTOR('',#9344,1.);
#9344 = DIRECTION('',(-1.,0.,-6.870944347512E-33));
#9345 = ORIENTED_EDGE('',*,*,#9346,.F.);
#9346 = EDGE_CURVE('',#9347,#9339,#9349,.T.);
#9347 = VERTEX_POINT('',#9348);
#9348 = CARTESIAN_POINT('',(1.7,-3.35,0.2));
#9349 = LINE('',#9350,#9351);
#9350 = CARTESIAN_POINT('',(1.7,6.5,0.2));
#9351 = VECTOR('',#9352,1.);
#9352 = DIRECTION('',(0.,-1.,0.));
#9353 = ORIENTED_EDGE('',*,*,#9354,.F.);
#9354 = EDGE_CURVE('',#9355,#9347,#9357,.T.);
#9355 = VERTEX_POINT('',#9356);
#9356 = CARTESIAN_POINT('',(1.6,-3.35,0.2));
#9357 = LINE('',#9358,#9359);
#9358 = CARTESIAN_POINT('',(2.177229299363,-3.35,0.2));
#9359 = VECTOR('',#9360,1.);
#9360 = DIRECTION('',(1.,0.,6.870944347512E-33));
#9361 = ORIENTED_EDGE('',*,*,#9362,.F.);
#9362 = EDGE_CURVE('',#9363,#9355,#9365,.T.);
#9363 = VERTEX_POINT('',#9364);
#9364 = CARTESIAN_POINT('',(1.6,-3.15,0.2));
#9365 = LINE('',#9366,#9367);
#9366 = CARTESIAN_POINT('',(1.6,-1.675,0.2));
#9367 = VECTOR('',#9368,1.);
#9368 = DIRECTION('',(0.,-1.,4.212116354185E-34));
#9369 = ORIENTED_EDGE('',*,*,#9370,.F.);
#9370 = EDGE_CURVE('',#9371,#9363,#9373,.T.);
#9371 = VERTEX_POINT('',#9372);
#9372 = CARTESIAN_POINT('',(1.7,-3.15,0.2));
#9373 = LINE('',#9374,#9375);
#9374 = CARTESIAN_POINT('',(1.277229299363,-3.15,0.2));
#9375 = VECTOR('',#9376,1.);
#9376 = DIRECTION('',(-1.,0.,-6.870944347512E-33));
#9377 = ORIENTED_EDGE('',*,*,#9378,.F.);
#9378 = EDGE_CURVE('',#9379,#9371,#9381,.T.);
#9379 = VERTEX_POINT('',#9380);
#9380 = CARTESIAN_POINT('',(1.7,-2.85,0.2));
#9381 = LINE('',#9382,#9383);
#9382 = CARTESIAN_POINT('',(1.7,6.5,0.2));
#9383 = VECTOR('',#9384,1.);
#9384 = DIRECTION('',(0.,-1.,0.));
#9385 = ORIENTED_EDGE('',*,*,#9386,.F.);
#9386 = EDGE_CURVE('',#9387,#9379,#9389,.T.);
#9387 = VERTEX_POINT('',#9388);
#9388 = CARTESIAN_POINT('',(1.6,-2.85,0.2));
#9389 = LINE('',#9390,#9391);
#9390 = CARTESIAN_POINT('',(2.177229299363,-2.85,0.2));
#9391 = VECTOR('',#9392,1.);
#9392 = DIRECTION('',(1.,0.,6.870944347512E-33));
#9393 = ORIENTED_EDGE('',*,*,#9394,.F.);
#9394 = EDGE_CURVE('',#9395,#9387,#9397,.T.);
#9395 = VERTEX_POINT('',#9396);
#9396 = CARTESIAN_POINT('',(1.6,-2.65,0.2));
#9397 = LINE('',#9398,#9399);
#9398 = CARTESIAN_POINT('',(1.6,-1.425,0.2));
#9399 = VECTOR('',#9400,1.);
#9400 = DIRECTION('',(0.,-1.,4.212116354185E-34));
#9401 = ORIENTED_EDGE('',*,*,#9402,.F.);
#9402 = EDGE_CURVE('',#9403,#9395,#9405,.T.);
#9403 = VERTEX_POINT('',#9404);
#9404 = CARTESIAN_POINT('',(1.7,-2.65,0.2));
#9405 = LINE('',#9406,#9407);
#9406 = CARTESIAN_POINT('',(1.277229299363,-2.65,0.2));
#9407 = VECTOR('',#9408,1.);
#9408 = DIRECTION('',(-1.,0.,-6.870944347512E-33));
#9409 = ORIENTED_EDGE('',*,*,#9410,.F.);
#9410 = EDGE_CURVE('',#9411,#9403,#9413,.T.);
#9411 = VERTEX_POINT('',#9412);
#9412 = CARTESIAN_POINT('',(1.7,-2.35,0.2));
#9413 = LINE('',#9414,#9415);
#9414 = CARTESIAN_POINT('',(1.7,6.5,0.2));
#9415 = VECTOR('',#9416,1.);
#9416 = DIRECTION('',(0.,-1.,0.));
#9417 = ORIENTED_EDGE('',*,*,#9418,.F.);
#9418 = EDGE_CURVE('',#9419,#9411,#9421,.T.);
#9419 = VERTEX_POINT('',#9420);
#9420 = CARTESIAN_POINT('',(1.6,-2.35,0.2));
#9421 = LINE('',#9422,#9423);
#9422 = CARTESIAN_POINT('',(2.177229299363,-2.35,0.2));
#9423 = VECTOR('',#9424,1.);
#9424 = DIRECTION('',(1.,0.,6.870944347512E-33));
#9425 = ORIENTED_EDGE('',*,*,#9426,.F.);
#9426 = EDGE_CURVE('',#9427,#9419,#9429,.T.);
#9427 = VERTEX_POINT('',#9428);
#9428 = CARTESIAN_POINT('',(1.6,-2.15,0.2));
#9429 = LINE('',#9430,#9431);
#9430 = CARTESIAN_POINT('',(1.6,-1.175,0.2));
#9431 = VECTOR('',#9432,1.);
#9432 = DIRECTION('',(0.,-1.,4.212116354185E-34));
#9433 = ORIENTED_EDGE('',*,*,#9434,.F.);
#9434 = EDGE_CURVE('',#9435,#9427,#9437,.T.);
#9435 = VERTEX_POINT('',#9436);
#9436 = CARTESIAN_POINT('',(1.7,-2.15,0.2));
#9437 = LINE('',#9438,#9439);
#9438 = CARTESIAN_POINT('',(1.277229299363,-2.15,0.2));
#9439 = VECTOR('',#9440,1.);
#9440 = DIRECTION('',(-1.,0.,-6.870944347512E-33));
#9441 = ORIENTED_EDGE('',*,*,#9442,.F.);
#9442 = EDGE_CURVE('',#9443,#9435,#9445,.T.);
#9443 = VERTEX_POINT('',#9444);
#9444 = CARTESIAN_POINT('',(1.7,-1.85,0.2));
#9445 = LINE('',#9446,#9447);
#9446 = CARTESIAN_POINT('',(1.7,6.5,0.2));
#9447 = VECTOR('',#9448,1.);
#9448 = DIRECTION('',(0.,-1.,0.));
#9449 = ORIENTED_EDGE('',*,*,#9450,.F.);
#9450 = EDGE_CURVE('',#9451,#9443,#9453,.T.);
#9451 = VERTEX_POINT('',#9452);
#9452 = CARTESIAN_POINT('',(1.6,-1.85,0.2));
#9453 = LINE('',#9454,#9455);
#9454 = CARTESIAN_POINT('',(2.177229299363,-1.85,0.2));
#9455 = VECTOR('',#9456,1.);
#9456 = DIRECTION('',(1.,0.,6.870944347512E-33));
#9457 = ORIENTED_EDGE('',*,*,#9458,.F.);
#9458 = EDGE_CURVE('',#9459,#9451,#9461,.T.);
#9459 = VERTEX_POINT('',#9460);
#9460 = CARTESIAN_POINT('',(1.6,-1.65,0.2));
#9461 = LINE('',#9462,#9463);
#9462 = CARTESIAN_POINT('',(1.6,-0.925,0.2));
#9463 = VECTOR('',#9464,1.);
#9464 = DIRECTION('',(0.,-1.,4.212116354185E-34));
#9465 = ORIENTED_EDGE('',*,*,#9466,.F.);
#9466 = EDGE_CURVE('',#9467,#9459,#9469,.T.);
#9467 = VERTEX_POINT('',#9468);
#9468 = CARTESIAN_POINT('',(1.7,-1.65,0.2));
#9469 = LINE('',#9470,#9471);
#9470 = CARTESIAN_POINT('',(1.277229299363,-1.65,0.2));
#9471 = VECTOR('',#9472,1.);
#9472 = DIRECTION('',(-1.,0.,-6.870944347512E-33));
#9473 = ORIENTED_EDGE('',*,*,#9474,.F.);
#9474 = EDGE_CURVE('',#9475,#9467,#9477,.T.);
#9475 = VERTEX_POINT('',#9476);
#9476 = CARTESIAN_POINT('',(1.7,-1.35,0.2));
#9477 = LINE('',#9478,#9479);
#9478 = CARTESIAN_POINT('',(1.7,6.5,0.2));
#9479 = VECTOR('',#9480,1.);
#9480 = DIRECTION('',(0.,-1.,0.));
#9481 = ORIENTED_EDGE('',*,*,#9482,.F.);
#9482 = EDGE_CURVE('',#9483,#9475,#9485,.T.);
#9483 = VERTEX_POINT('',#9484);
#9484 = CARTESIAN_POINT('',(1.6,-1.35,0.2));
#9485 = LINE('',#9486,#9487);
#9486 = CARTESIAN_POINT('',(2.177229299363,-1.35,0.2));
#9487 = VECTOR('',#9488,1.);
#9488 = DIRECTION('',(1.,0.,6.870944347512E-33));
#9489 = ORIENTED_EDGE('',*,*,#9490,.F.);
#9490 = EDGE_CURVE('',#9491,#9483,#9493,.T.);
#9491 = VERTEX_POINT('',#9492);
#9492 = CARTESIAN_POINT('',(1.6,-1.15,0.2));
#9493 = LINE('',#9494,#9495);
#9494 = CARTESIAN_POINT('',(1.6,-0.675,0.2));
#9495 = VECTOR('',#9496,1.);
#9496 = DIRECTION('',(0.,-1.,4.212116354185E-34));
#9497 = ORIENTED_EDGE('',*,*,#9498,.F.);
#9498 = EDGE_CURVE('',#9499,#9491,#9501,.T.);
#9499 = VERTEX_POINT('',#9500);
#9500 = CARTESIAN_POINT('',(1.7,-1.15,0.2));
#9501 = LINE('',#9502,#9503);
#9502 = CARTESIAN_POINT('',(1.277229299363,-1.15,0.2));
#9503 = VECTOR('',#9504,1.);
#9504 = DIRECTION('',(-1.,0.,-6.870944347512E-33));
#9505 = ORIENTED_EDGE('',*,*,#9506,.F.);
#9506 = EDGE_CURVE('',#9507,#9499,#9509,.T.);
#9507 = VERTEX_POINT('',#9508);
#9508 = CARTESIAN_POINT('',(1.7,-0.85,0.2));
#9509 = LINE('',#9510,#9511);
#9510 = CARTESIAN_POINT('',(1.7,6.5,0.2));
#9511 = VECTOR('',#9512,1.);
#9512 = DIRECTION('',(0.,-1.,0.));
#9513 = ORIENTED_EDGE('',*,*,#9514,.F.);
#9514 = EDGE_CURVE('',#9515,#9507,#9517,.T.);
#9515 = VERTEX_POINT('',#9516);
#9516 = CARTESIAN_POINT('',(1.6,-0.85,0.2));
#9517 = LINE('',#9518,#9519);
#9518 = CARTESIAN_POINT('',(2.177229299363,-0.85,0.2));
#9519 = VECTOR('',#9520,1.);
#9520 = DIRECTION('',(1.,0.,6.870944347512E-33));
#9521 = ORIENTED_EDGE('',*,*,#9522,.F.);
#9522 = EDGE_CURVE('',#9523,#9515,#9525,.T.);
#9523 = VERTEX_POINT('',#9524);
#9524 = CARTESIAN_POINT('',(1.6,-0.65,0.2));
#9525 = LINE('',#9526,#9527);
#9526 = CARTESIAN_POINT('',(1.6,-0.425,0.2));
#9527 = VECTOR('',#9528,1.);
#9528 = DIRECTION('',(0.,-1.,4.212116354185E-34));
#9529 = ORIENTED_EDGE('',*,*,#9530,.F.);
#9530 = EDGE_CURVE('',#9531,#9523,#9533,.T.);
#9531 = VERTEX_POINT('',#9532);
#9532 = CARTESIAN_POINT('',(1.7,-0.65,0.2));
#9533 = LINE('',#9534,#9535);
#9534 = CARTESIAN_POINT('',(1.277229299363,-0.65,0.2));
#9535 = VECTOR('',#9536,1.);
#9536 = DIRECTION('',(-1.,0.,-6.870944347512E-33));
#9537 = ORIENTED_EDGE('',*,*,#9538,.F.);
#9538 = EDGE_CURVE('',#9539,#9531,#9541,.T.);
#9539 = VERTEX_POINT('',#9540);
#9540 = CARTESIAN_POINT('',(1.7,-0.35,0.2));
#9541 = LINE('',#9542,#9543);
#9542 = CARTESIAN_POINT('',(1.7,6.5,0.2));
#9543 = VECTOR('',#9544,1.);
#9544 = DIRECTION('',(0.,-1.,0.));
#9545 = ORIENTED_EDGE('',*,*,#9546,.F.);
#9546 = EDGE_CURVE('',#9547,#9539,#9549,.T.);
#9547 = VERTEX_POINT('',#9548);
#9548 = CARTESIAN_POINT('',(1.6,-0.35,0.2));
#9549 = LINE('',#9550,#9551);
#9550 = CARTESIAN_POINT('',(2.177229299363,-0.35,0.2));
#9551 = VECTOR('',#9552,1.);
#9552 = DIRECTION('',(1.,0.,6.870944347512E-33));
#9553 = ORIENTED_EDGE('',*,*,#9554,.F.);
#9554 = EDGE_CURVE('',#9555,#9547,#9557,.T.);
#9555 = VERTEX_POINT('',#9556);
#9556 = CARTESIAN_POINT('',(1.6,-0.15,0.2));
#9557 = LINE('',#9558,#9559);
#9558 = CARTESIAN_POINT('',(1.6,-0.175,0.2));
#9559 = VECTOR('',#9560,1.);
#9560 = DIRECTION('',(0.,-1.,4.212116354185E-34));
#9561 = ORIENTED_EDGE('',*,*,#9562,.F.);
#9562 = EDGE_CURVE('',#9563,#9555,#9565,.T.);
#9563 = VERTEX_POINT('',#9564);
#9564 = CARTESIAN_POINT('',(1.7,-0.15,0.2));
#9565 = LINE('',#9566,#9567);
#9566 = CARTESIAN_POINT('',(1.277229299363,-0.15,0.2));
#9567 = VECTOR('',#9568,1.);
#9568 = DIRECTION('',(-1.,0.,-6.870944347512E-33));
#9569 = ORIENTED_EDGE('',*,*,#9570,.F.);
#9570 = EDGE_CURVE('',#9571,#9563,#9573,.T.);
#9571 = VERTEX_POINT('',#9572);
#9572 = CARTESIAN_POINT('',(1.7,0.15,0.2));
#9573 = LINE('',#9574,#9575);
#9574 = CARTESIAN_POINT('',(1.7,6.5,0.2));
#9575 = VECTOR('',#9576,1.);
#9576 = DIRECTION('',(0.,-1.,0.));
#9577 = ORIENTED_EDGE('',*,*,#9578,.F.);
#9578 = EDGE_CURVE('',#9579,#9571,#9581,.T.);
#9579 = VERTEX_POINT('',#9580);
#9580 = CARTESIAN_POINT('',(1.6,0.15,0.2));
#9581 = LINE('',#9582,#9583);
#9582 = CARTESIAN_POINT('',(2.177229299363,0.15,0.2));
#9583 = VECTOR('',#9584,1.);
#9584 = DIRECTION('',(1.,0.,6.870944347512E-33));
#9585 = ORIENTED_EDGE('',*,*,#9586,.F.);
#9586 = EDGE_CURVE('',#9587,#9579,#9589,.T.);
#9587 = VERTEX_POINT('',#9588);
#9588 = CARTESIAN_POINT('',(1.6,0.35,0.2));
#9589 = LINE('',#9590,#9591);
#9590 = CARTESIAN_POINT('',(1.6,7.5E-02,0.2));
#9591 = VECTOR('',#9592,1.);
#9592 = DIRECTION('',(0.,-1.,4.212116354185E-34));
#9593 = ORIENTED_EDGE('',*,*,#9594,.F.);
#9594 = EDGE_CURVE('',#9595,#9587,#9597,.T.);
#9595 = VERTEX_POINT('',#9596);
#9596 = CARTESIAN_POINT('',(1.7,0.35,0.2));
#9597 = LINE('',#9598,#9599);
#9598 = CARTESIAN_POINT('',(1.277229299363,0.35,0.2));
#9599 = VECTOR('',#9600,1.);
#9600 = DIRECTION('',(-1.,0.,-6.870944347512E-33));
#9601 = ORIENTED_EDGE('',*,*,#9602,.F.);
#9602 = EDGE_CURVE('',#9603,#9595,#9605,.T.);
#9603 = VERTEX_POINT('',#9604);
#9604 = CARTESIAN_POINT('',(1.7,0.65,0.2));
#9605 = LINE('',#9606,#9607);
#9606 = CARTESIAN_POINT('',(1.7,6.5,0.2));
#9607 = VECTOR('',#9608,1.);
#9608 = DIRECTION('',(0.,-1.,0.));
#9609 = ORIENTED_EDGE('',*,*,#9610,.F.);
#9610 = EDGE_CURVE('',#9611,#9603,#9613,.T.);
#9611 = VERTEX_POINT('',#9612);
#9612 = CARTESIAN_POINT('',(1.6,0.65,0.2));
#9613 = LINE('',#9614,#9615);
#9614 = CARTESIAN_POINT('',(2.177229299363,0.65,0.2));
#9615 = VECTOR('',#9616,1.);
#9616 = DIRECTION('',(1.,0.,6.870944347512E-33));
#9617 = ORIENTED_EDGE('',*,*,#9618,.F.);
#9618 = EDGE_CURVE('',#9619,#9611,#9621,.T.);
#9619 = VERTEX_POINT('',#9620);
#9620 = CARTESIAN_POINT('',(1.6,0.85,0.2));
#9621 = LINE('',#9622,#9623);
#9622 = CARTESIAN_POINT('',(1.6,0.325,0.2));
#9623 = VECTOR('',#9624,1.);
#9624 = DIRECTION('',(0.,-1.,4.212116354185E-34));
#9625 = ORIENTED_EDGE('',*,*,#9626,.F.);
#9626 = EDGE_CURVE('',#9627,#9619,#9629,.T.);
#9627 = VERTEX_POINT('',#9628);
#9628 = CARTESIAN_POINT('',(1.7,0.85,0.2));
#9629 = LINE('',#9630,#9631);
#9630 = CARTESIAN_POINT('',(1.277229299363,0.85,0.2));
#9631 = VECTOR('',#9632,1.);
#9632 = DIRECTION('',(-1.,0.,-6.870944347512E-33));
#9633 = ORIENTED_EDGE('',*,*,#9634,.F.);
#9634 = EDGE_CURVE('',#9635,#9627,#9637,.T.);
#9635 = VERTEX_POINT('',#9636);
#9636 = CARTESIAN_POINT('',(1.7,1.15,0.2));
#9637 = LINE('',#9638,#9639);
#9638 = CARTESIAN_POINT('',(1.7,6.5,0.2));
#9639 = VECTOR('',#9640,1.);
#9640 = DIRECTION('',(0.,-1.,0.));
#9641 = ORIENTED_EDGE('',*,*,#9642,.F.);
#9642 = EDGE_CURVE('',#9643,#9635,#9645,.T.);
#9643 = VERTEX_POINT('',#9644);
#9644 = CARTESIAN_POINT('',(1.6,1.15,0.2));
#9645 = LINE('',#9646,#9647);
#9646 = CARTESIAN_POINT('',(2.177229299363,1.15,0.2));
#9647 = VECTOR('',#9648,1.);
#9648 = DIRECTION('',(1.,0.,6.870944347512E-33));
#9649 = ORIENTED_EDGE('',*,*,#9650,.F.);
#9650 = EDGE_CURVE('',#9651,#9643,#9653,.T.);
#9651 = VERTEX_POINT('',#9652);
#9652 = CARTESIAN_POINT('',(1.6,1.35,0.2));
#9653 = LINE('',#9654,#9655);
#9654 = CARTESIAN_POINT('',(1.6,0.575,0.2));
#9655 = VECTOR('',#9656,1.);
#9656 = DIRECTION('',(0.,-1.,4.212116354185E-34));
#9657 = ORIENTED_EDGE('',*,*,#9658,.F.);
#9658 = EDGE_CURVE('',#9659,#9651,#9661,.T.);
#9659 = VERTEX_POINT('',#9660);
#9660 = CARTESIAN_POINT('',(1.7,1.35,0.2));
#9661 = LINE('',#9662,#9663);
#9662 = CARTESIAN_POINT('',(1.277229299363,1.35,0.2));
#9663 = VECTOR('',#9664,1.);
#9664 = DIRECTION('',(-1.,0.,-6.870944347512E-33));
#9665 = ORIENTED_EDGE('',*,*,#9666,.F.);
#9666 = EDGE_CURVE('',#9667,#9659,#9669,.T.);
#9667 = VERTEX_POINT('',#9668);
#9668 = CARTESIAN_POINT('',(1.7,1.65,0.2));
#9669 = LINE('',#9670,#9671);
#9670 = CARTESIAN_POINT('',(1.7,6.5,0.2));
#9671 = VECTOR('',#9672,1.);
#9672 = DIRECTION('',(0.,-1.,0.));
#9673 = ORIENTED_EDGE('',*,*,#9674,.F.);
#9674 = EDGE_CURVE('',#9675,#9667,#9677,.T.);
#9675 = VERTEX_POINT('',#9676);
#9676 = CARTESIAN_POINT('',(1.6,1.65,0.2));
#9677 = LINE('',#9678,#9679);
#9678 = CARTESIAN_POINT('',(2.177229299363,1.65,0.2));
#9679 = VECTOR('',#9680,1.);
#9680 = DIRECTION('',(1.,0.,6.870944347512E-33));
#9681 = ORIENTED_EDGE('',*,*,#9682,.F.);
#9682 = EDGE_CURVE('',#9683,#9675,#9685,.T.);
#9683 = VERTEX_POINT('',#9684);
#9684 = CARTESIAN_POINT('',(1.6,1.85,0.2));
#9685 = LINE('',#9686,#9687);
#9686 = CARTESIAN_POINT('',(1.6,0.825,0.2));
#9687 = VECTOR('',#9688,1.);
#9688 = DIRECTION('',(0.,-1.,4.212116354185E-34));
#9689 = ORIENTED_EDGE('',*,*,#9690,.F.);
#9690 = EDGE_CURVE('',#9691,#9683,#9693,.T.);
#9691 = VERTEX_POINT('',#9692);
#9692 = CARTESIAN_POINT('',(1.7,1.85,0.2));
#9693 = LINE('',#9694,#9695);
#9694 = CARTESIAN_POINT('',(1.277229299363,1.85,0.2));
#9695 = VECTOR('',#9696,1.);
#9696 = DIRECTION('',(-1.,0.,-6.870944347512E-33));
#9697 = ORIENTED_EDGE('',*,*,#9698,.F.);
#9698 = EDGE_CURVE('',#9699,#9691,#9701,.T.);
#9699 = VERTEX_POINT('',#9700);
#9700 = CARTESIAN_POINT('',(1.7,2.15,0.2));
#9701 = LINE('',#9702,#9703);
#9702 = CARTESIAN_POINT('',(1.7,6.5,0.2));
#9703 = VECTOR('',#9704,1.);
#9704 = DIRECTION('',(0.,-1.,0.));
#9705 = ORIENTED_EDGE('',*,*,#9706,.F.);
#9706 = EDGE_CURVE('',#9707,#9699,#9709,.T.);
#9707 = VERTEX_POINT('',#9708);
#9708 = CARTESIAN_POINT('',(1.6,2.15,0.2));
#9709 = LINE('',#9710,#9711);
#9710 = CARTESIAN_POINT('',(2.177229299363,2.15,0.2));
#9711 = VECTOR('',#9712,1.);
#9712 = DIRECTION('',(1.,0.,6.870944347512E-33));
#9713 = ORIENTED_EDGE('',*,*,#9714,.F.);
#9714 = EDGE_CURVE('',#9715,#9707,#9717,.T.);
#9715 = VERTEX_POINT('',#9716);
#9716 = CARTESIAN_POINT('',(1.6,2.35,0.2));
#9717 = LINE('',#9718,#9719);
#9718 = CARTESIAN_POINT('',(1.6,1.075,0.2));
#9719 = VECTOR('',#9720,1.);
#9720 = DIRECTION('',(0.,-1.,4.212116354185E-34));
#9721 = ORIENTED_EDGE('',*,*,#9722,.F.);
#9722 = EDGE_CURVE('',#9723,#9715,#9725,.T.);
#9723 = VERTEX_POINT('',#9724);
#9724 = CARTESIAN_POINT('',(1.7,2.35,0.2));
#9725 = LINE('',#9726,#9727);
#9726 = CARTESIAN_POINT('',(1.277229299363,2.35,0.2));
#9727 = VECTOR('',#9728,1.);
#9728 = DIRECTION('',(-1.,0.,-6.870944347512E-33));
#9729 = ORIENTED_EDGE('',*,*,#9730,.F.);
#9730 = EDGE_CURVE('',#9731,#9723,#9733,.T.);
#9731 = VERTEX_POINT('',#9732);
#9732 = CARTESIAN_POINT('',(1.7,2.65,0.2));
#9733 = LINE('',#9734,#9735);
#9734 = CARTESIAN_POINT('',(1.7,6.5,0.2));
#9735 = VECTOR('',#9736,1.);
#9736 = DIRECTION('',(0.,-1.,0.));
#9737 = ORIENTED_EDGE('',*,*,#9738,.F.);
#9738 = EDGE_CURVE('',#9739,#9731,#9741,.T.);
#9739 = VERTEX_POINT('',#9740);
#9740 = CARTESIAN_POINT('',(1.6,2.65,0.2));
#9741 = LINE('',#9742,#9743);
#9742 = CARTESIAN_POINT('',(2.177229299363,2.65,0.2));
#9743 = VECTOR('',#9744,1.);
#9744 = DIRECTION('',(1.,0.,6.870944347512E-33));
#9745 = ORIENTED_EDGE('',*,*,#9746,.F.);
#9746 = EDGE_CURVE('',#9747,#9739,#9749,.T.);
#9747 = VERTEX_POINT('',#9748);
#9748 = CARTESIAN_POINT('',(1.6,2.85,0.2));
#9749 = LINE('',#9750,#9751);
#9750 = CARTESIAN_POINT('',(1.6,1.325,0.2));
#9751 = VECTOR('',#9752,1.);
#9752 = DIRECTION('',(0.,-1.,4.212116354185E-34));
#9753 = ORIENTED_EDGE('',*,*,#9754,.F.);
#9754 = EDGE_CURVE('',#9755,#9747,#9757,.T.);
#9755 = VERTEX_POINT('',#9756);
#9756 = CARTESIAN_POINT('',(1.7,2.85,0.2));
#9757 = LINE('',#9758,#9759);
#9758 = CARTESIAN_POINT('',(1.277229299363,2.85,0.2));
#9759 = VECTOR('',#9760,1.);
#9760 = DIRECTION('',(-1.,0.,-6.870944347512E-33));
#9761 = ORIENTED_EDGE('',*,*,#9762,.F.);
#9762 = EDGE_CURVE('',#9763,#9755,#9765,.T.);
#9763 = VERTEX_POINT('',#9764);
#9764 = CARTESIAN_POINT('',(1.7,3.15,0.2));
#9765 = LINE('',#9766,#9767);
#9766 = CARTESIAN_POINT('',(1.7,6.5,0.2));
#9767 = VECTOR('',#9768,1.);
#9768 = DIRECTION('',(0.,-1.,0.));
#9769 = ORIENTED_EDGE('',*,*,#9770,.F.);
#9770 = EDGE_CURVE('',#9771,#9763,#9773,.T.);
#9771 = VERTEX_POINT('',#9772);
#9772 = CARTESIAN_POINT('',(1.6,3.15,0.2));
#9773 = LINE('',#9774,#9775);
#9774 = CARTESIAN_POINT('',(2.177229299363,3.15,0.2));
#9775 = VECTOR('',#9776,1.);
#9776 = DIRECTION('',(1.,0.,6.870944347512E-33));
#9777 = ORIENTED_EDGE('',*,*,#9778,.F.);
#9778 = EDGE_CURVE('',#9779,#9771,#9781,.T.);
#9779 = VERTEX_POINT('',#9780);
#9780 = CARTESIAN_POINT('',(1.6,3.35,0.2));
#9781 = LINE('',#9782,#9783);
#9782 = CARTESIAN_POINT('',(1.6,1.575,0.2));
#9783 = VECTOR('',#9784,1.);
#9784 = DIRECTION('',(0.,-1.,4.212116354185E-34));
#9785 = ORIENTED_EDGE('',*,*,#9786,.F.);
#9786 = EDGE_CURVE('',#9787,#9779,#9789,.T.);
#9787 = VERTEX_POINT('',#9788);
#9788 = CARTESIAN_POINT('',(1.7,3.35,0.2));
#9789 = LINE('',#9790,#9791);
#9790 = CARTESIAN_POINT('',(1.277229299363,3.35,0.2));
#9791 = VECTOR('',#9792,1.);
#9792 = DIRECTION('',(-1.,0.,-6.870944347512E-33));
#9793 = ORIENTED_EDGE('',*,*,#9794,.F.);
#9794 = EDGE_CURVE('',#9795,#9787,#9797,.T.);
#9795 = VERTEX_POINT('',#9796);
#9796 = CARTESIAN_POINT('',(1.7,3.65,0.2));
#9797 = LINE('',#9798,#9799);
#9798 = CARTESIAN_POINT('',(1.7,6.5,0.2));
#9799 = VECTOR('',#9800,1.);
#9800 = DIRECTION('',(0.,-1.,0.));
#9801 = ORIENTED_EDGE('',*,*,#9802,.F.);
#9802 = EDGE_CURVE('',#9803,#9795,#9805,.T.);
#9803 = VERTEX_POINT('',#9804);
#9804 = CARTESIAN_POINT('',(1.6,3.65,0.2));
#9805 = LINE('',#9806,#9807);
#9806 = CARTESIAN_POINT('',(2.177229299363,3.65,0.2));
#9807 = VECTOR('',#9808,1.);
#9808 = DIRECTION('',(1.,0.,6.870944347512E-33));
#9809 = ORIENTED_EDGE('',*,*,#9810,.F.);
#9810 = EDGE_CURVE('',#9811,#9803,#9813,.T.);
#9811 = VERTEX_POINT('',#9812);
#9812 = CARTESIAN_POINT('',(1.6,3.85,0.2));
#9813 = LINE('',#9814,#9815);
#9814 = CARTESIAN_POINT('',(1.6,1.825,0.2));
#9815 = VECTOR('',#9816,1.);
#9816 = DIRECTION('',(0.,-1.,4.212116354185E-34));
#9817 = ORIENTED_EDGE('',*,*,#9818,.F.);
#9818 = EDGE_CURVE('',#9819,#9811,#9821,.T.);
#9819 = VERTEX_POINT('',#9820);
#9820 = CARTESIAN_POINT('',(1.7,3.85,0.2));
#9821 = LINE('',#9822,#9823);
#9822 = CARTESIAN_POINT('',(1.277229299363,3.85,0.2));
#9823 = VECTOR('',#9824,1.);
#9824 = DIRECTION('',(-1.,0.,-6.870944347512E-33));
#9825 = ORIENTED_EDGE('',*,*,#9826,.F.);
#9826 = EDGE_CURVE('',#9827,#9819,#9829,.T.);
#9827 = VERTEX_POINT('',#9828);
#9828 = CARTESIAN_POINT('',(1.7,4.15,0.2));
#9829 = LINE('',#9830,#9831);
#9830 = CARTESIAN_POINT('',(1.7,6.5,0.2));
#9831 = VECTOR('',#9832,1.);
#9832 = DIRECTION('',(0.,-1.,0.));
#9833 = ORIENTED_EDGE('',*,*,#9834,.F.);
#9834 = EDGE_CURVE('',#9835,#9827,#9837,.T.);
#9835 = VERTEX_POINT('',#9836);
#9836 = CARTESIAN_POINT('',(1.6,4.15,0.2));
#9837 = LINE('',#9838,#9839);
#9838 = CARTESIAN_POINT('',(2.177229299363,4.15,0.2));
#9839 = VECTOR('',#9840,1.);
#9840 = DIRECTION('',(1.,0.,6.870944347512E-33));
#9841 = ORIENTED_EDGE('',*,*,#9842,.F.);
#9842 = EDGE_CURVE('',#9843,#9835,#9845,.T.);
#9843 = VERTEX_POINT('',#9844);
#9844 = CARTESIAN_POINT('',(1.6,4.35,0.2));
#9845 = LINE('',#9846,#9847);
#9846 = CARTESIAN_POINT('',(1.6,2.075,0.2));
#9847 = VECTOR('',#9848,1.);
#9848 = DIRECTION('',(0.,-1.,4.212116354185E-34));
#9849 = ORIENTED_EDGE('',*,*,#9850,.F.);
#9850 = EDGE_CURVE('',#9851,#9843,#9853,.T.);
#9851 = VERTEX_POINT('',#9852);
#9852 = CARTESIAN_POINT('',(1.7,4.35,0.2));
#9853 = LINE('',#9854,#9855);
#9854 = CARTESIAN_POINT('',(1.277229299363,4.35,0.2));
#9855 = VECTOR('',#9856,1.);
#9856 = DIRECTION('',(-1.,0.,-6.870944347512E-33));
#9857 = ORIENTED_EDGE('',*,*,#9858,.F.);
#9858 = EDGE_CURVE('',#9859,#9851,#9861,.T.);
#9859 = VERTEX_POINT('',#9860);
#9860 = CARTESIAN_POINT('',(1.7,4.65,0.2));
#9861 = LINE('',#9862,#9863);
#9862 = CARTESIAN_POINT('',(1.7,6.5,0.2));
#9863 = VECTOR('',#9864,1.);
#9864 = DIRECTION('',(0.,-1.,0.));
#9865 = ORIENTED_EDGE('',*,*,#9866,.F.);
#9866 = EDGE_CURVE('',#9867,#9859,#9869,.T.);
#9867 = VERTEX_POINT('',#9868);
#9868 = CARTESIAN_POINT('',(1.6,4.65,0.2));
#9869 = LINE('',#9870,#9871);
#9870 = CARTESIAN_POINT('',(2.177229299363,4.65,0.2));
#9871 = VECTOR('',#9872,1.);
#9872 = DIRECTION('',(1.,0.,6.870944347512E-33));
#9873 = ORIENTED_EDGE('',*,*,#9874,.F.);
#9874 = EDGE_CURVE('',#9875,#9867,#9877,.T.);
#9875 = VERTEX_POINT('',#9876);
#9876 = CARTESIAN_POINT('',(1.6,4.85,0.2));
#9877 = LINE('',#9878,#9879);
#9878 = CARTESIAN_POINT('',(1.6,2.325,0.2));
#9879 = VECTOR('',#9880,1.);
#9880 = DIRECTION('',(0.,-1.,4.212116354185E-34));
#9881 = ORIENTED_EDGE('',*,*,#9882,.F.);
#9882 = EDGE_CURVE('',#9883,#9875,#9885,.T.);
#9883 = VERTEX_POINT('',#9884);
#9884 = CARTESIAN_POINT('',(1.7,4.85,0.2));
#9885 = LINE('',#9886,#9887);
#9886 = CARTESIAN_POINT('',(1.277229299363,4.85,0.2));
#9887 = VECTOR('',#9888,1.);
#9888 = DIRECTION('',(-1.,0.,-6.870944347512E-33));
#9889 = ORIENTED_EDGE('',*,*,#9890,.F.);
#9890 = EDGE_CURVE('',#9891,#9883,#9893,.T.);
#9891 = VERTEX_POINT('',#9892);
#9892 = CARTESIAN_POINT('',(1.7,5.15,0.2));
#9893 = LINE('',#9894,#9895);
#9894 = CARTESIAN_POINT('',(1.7,6.5,0.2));
#9895 = VECTOR('',#9896,1.);
#9896 = DIRECTION('',(0.,-1.,0.));
#9897 = ORIENTED_EDGE('',*,*,#9898,.F.);
#9898 = EDGE_CURVE('',#9899,#9891,#9901,.T.);
#9899 = VERTEX_POINT('',#9900);
#9900 = CARTESIAN_POINT('',(1.6,5.15,0.2));
#9901 = LINE('',#9902,#9903);
#9902 = CARTESIAN_POINT('',(2.177229299363,5.15,0.2));
#9903 = VECTOR('',#9904,1.);
#9904 = DIRECTION('',(1.,0.,6.870944347512E-33));
#9905 = ORIENTED_EDGE('',*,*,#9906,.F.);
#9906 = EDGE_CURVE('',#9907,#9899,#9909,.T.);
#9907 = VERTEX_POINT('',#9908);
#9908 = CARTESIAN_POINT('',(1.6,5.35,0.2));
#9909 = LINE('',#9910,#9911);
#9910 = CARTESIAN_POINT('',(1.6,2.575,0.2));
#9911 = VECTOR('',#9912,1.);
#9912 = DIRECTION('',(0.,-1.,4.212116354185E-34));
#9913 = ORIENTED_EDGE('',*,*,#9914,.F.);
#9914 = EDGE_CURVE('',#9915,#9907,#9917,.T.);
#9915 = VERTEX_POINT('',#9916);
#9916 = CARTESIAN_POINT('',(1.7,5.35,0.2));
#9917 = LINE('',#9918,#9919);
#9918 = CARTESIAN_POINT('',(1.277229299363,5.35,0.2));
#9919 = VECTOR('',#9920,1.);
#9920 = DIRECTION('',(-1.,0.,-6.870944347512E-33));
#9921 = ORIENTED_EDGE('',*,*,#9922,.F.);
#9922 = EDGE_CURVE('',#9923,#9915,#9925,.T.);
#9923 = VERTEX_POINT('',#9924);
#9924 = CARTESIAN_POINT('',(1.7,5.65,0.2));
#9925 = LINE('',#9926,#9927);
#9926 = CARTESIAN_POINT('',(1.7,6.5,0.2));
#9927 = VECTOR('',#9928,1.);
#9928 = DIRECTION('',(0.,-1.,0.));
#9929 = ORIENTED_EDGE('',*,*,#9930,.F.);
#9930 = EDGE_CURVE('',#9931,#9923,#9933,.T.);
#9931 = VERTEX_POINT('',#9932);
#9932 = CARTESIAN_POINT('',(1.6,5.65,0.2));
#9933 = LINE('',#9934,#9935);
#9934 = CARTESIAN_POINT('',(2.177229299363,5.65,0.2));
#9935 = VECTOR('',#9936,1.);
#9936 = DIRECTION('',(1.,0.,6.870944347512E-33));
#9937 = ORIENTED_EDGE('',*,*,#9938,.F.);
#9938 = EDGE_CURVE('',#9939,#9931,#9941,.T.);
#9939 = VERTEX_POINT('',#9940);
#9940 = CARTESIAN_POINT('',(1.6,5.85,0.2));
#9941 = LINE('',#9942,#9943);
#9942 = CARTESIAN_POINT('',(1.6,2.825,0.2));
#9943 = VECTOR('',#9944,1.);
#9944 = DIRECTION('',(0.,-1.,4.212116354185E-34));
#9945 = ORIENTED_EDGE('',*,*,#9946,.F.);
#9946 = EDGE_CURVE('',#9092,#9939,#9947,.T.);
#9947 = LINE('',#9948,#9949);
#9948 = CARTESIAN_POINT('',(1.277229299363,5.85,0.2));
#9949 = VECTOR('',#9950,1.);
#9950 = DIRECTION('',(-1.,0.,-6.870944347512E-33));
#9951 = PLANE('',#9952);
#9952 = AXIS2_PLACEMENT_3D('',#9953,#9954,#9955);
#9953 = CARTESIAN_POINT('',(0.954458598726,-5.940046755956E-16,0.2));
#9954 = DIRECTION('',(-6.870944347512E-33,4.212116354185E-34,1.));
#9955 = DIRECTION('',(1.,0.,6.870944347512E-33));
#9956 = ADVANCED_FACE('',(#9957),#10032,.T.);
#9957 = FACE_BOUND('',#9958,.T.);
#9958 = EDGE_LOOP('',(#9959,#9969,#9975,#9976,#9977,#9985,#9993,#10001,
    #10009,#10018,#10026));
#9959 = ORIENTED_EDGE('',*,*,#9960,.F.);
#9960 = EDGE_CURVE('',#9961,#9963,#9965,.T.);
#9961 = VERTEX_POINT('',#9962);
#9962 = CARTESIAN_POINT('',(1.6,5.85,0.));
#9963 = VERTEX_POINT('',#9964);
#9964 = CARTESIAN_POINT('',(3.4,5.85,0.));
#9965 = LINE('',#9966,#9967);
#9966 = CARTESIAN_POINT('',(1.6,5.85,0.));
#9967 = VECTOR('',#9968,1.);
#9968 = DIRECTION('',(1.,0.,0.));
#9969 = ORIENTED_EDGE('',*,*,#9970,.T.);
#9970 = EDGE_CURVE('',#9961,#9939,#9971,.T.);
#9971 = LINE('',#9972,#9973);
#9972 = CARTESIAN_POINT('',(1.6,5.85,0.));
#9973 = VECTOR('',#9974,1.);
#9974 = DIRECTION('',(0.,0.,1.));
#9975 = ORIENTED_EDGE('',*,*,#9946,.F.);
#9976 = ORIENTED_EDGE('',*,*,#9115,.T.);
#9977 = ORIENTED_EDGE('',*,*,#9978,.T.);
#9978 = EDGE_CURVE('',#9108,#9979,#9981,.T.);
#9979 = VERTEX_POINT('',#9980);
#9980 = CARTESIAN_POINT('',(1.6,5.85,0.5));
#9981 = LINE('',#9982,#9983);
#9982 = CARTESIAN_POINT('',(1.277229299363,5.85,0.5));
#9983 = VECTOR('',#9984,1.);
#9984 = DIRECTION('',(-1.,0.,-6.870944347512E-33));
#9985 = ORIENTED_EDGE('',*,*,#9986,.T.);
#9986 = EDGE_CURVE('',#9979,#9987,#9989,.T.);
#9987 = VERTEX_POINT('',#9988);
#9988 = CARTESIAN_POINT('',(1.6,5.85,1.8));
#9989 = LINE('',#9990,#9991);
#9990 = CARTESIAN_POINT('',(1.6,5.85,0.));
#9991 = VECTOR('',#9992,1.);
#9992 = DIRECTION('',(0.,0.,1.));
#9993 = ORIENTED_EDGE('',*,*,#9994,.T.);
#9994 = EDGE_CURVE('',#9987,#9995,#9997,.T.);
#9995 = VERTEX_POINT('',#9996);
#9996 = CARTESIAN_POINT('',(2.7,5.85,1.8));
#9997 = LINE('',#9998,#9999);
#9998 = CARTESIAN_POINT('',(1.6,5.85,1.8));
#9999 = VECTOR('',#10000,1.);
#10000 = DIRECTION('',(1.,0.,0.));
#10001 = ORIENTED_EDGE('',*,*,#10002,.T.);
#10002 = EDGE_CURVE('',#9995,#10003,#10005,.T.);
#10003 = VERTEX_POINT('',#10004);
#10004 = CARTESIAN_POINT('',(2.7,5.85,0.5));
#10005 = LINE('',#10006,#10007);
#10006 = CARTESIAN_POINT('',(2.7,5.85,0.25));
#10007 = VECTOR('',#10008,1.);
#10008 = DIRECTION('',(0.,0.,-1.));
#10009 = ORIENTED_EDGE('',*,*,#10010,.T.);
#10010 = EDGE_CURVE('',#10003,#10011,#10013,.T.);
#10011 = VERTEX_POINT('',#10012);
#10012 = CARTESIAN_POINT('',(2.9,5.85,0.3));
#10013 = CIRCLE('',#10014,0.2);
#10014 = AXIS2_PLACEMENT_3D('',#10015,#10016,#10017);
#10015 = CARTESIAN_POINT('',(2.9,5.85,0.5));
#10016 = DIRECTION('',(0.,-1.,-2.22044604925E-16));
#10017 = DIRECTION('',(1.,0.,0.));
#10018 = ORIENTED_EDGE('',*,*,#10019,.T.);
#10019 = EDGE_CURVE('',#10011,#10020,#10022,.T.);
#10020 = VERTEX_POINT('',#10021);
#10021 = CARTESIAN_POINT('',(3.4,5.85,0.3));
#10022 = LINE('',#10023,#10024);
#10023 = CARTESIAN_POINT('',(3.05,5.85,0.3));
#10024 = VECTOR('',#10025,1.);
#10025 = DIRECTION('',(1.,0.,0.));
#10026 = ORIENTED_EDGE('',*,*,#10027,.F.);
#10027 = EDGE_CURVE('',#9963,#10020,#10028,.T.);
#10028 = LINE('',#10029,#10030);
#10029 = CARTESIAN_POINT('',(3.4,5.85,0.));
#10030 = VECTOR('',#10031,1.);
#10031 = DIRECTION('',(0.,0.,1.));
#10032 = PLANE('',#10033);
#10033 = AXIS2_PLACEMENT_3D('',#10034,#10035,#10036);
#10034 = CARTESIAN_POINT('',(1.6,5.85,0.));
#10035 = DIRECTION('',(0.,1.,0.));
#10036 = DIRECTION('',(1.,0.,0.));
#10037 = ADVANCED_FACE('',(#10038),#10856,.T.);
#10038 = FACE_BOUND('',#10039,.T.);
#10039 = EDGE_LOOP('',(#10040,#10041,#10049,#10057,#10065,#10073,#10081,
    #10089,#10097,#10105,#10113,#10121,#10129,#10137,#10145,#10153,
    #10161,#10169,#10177,#10185,#10193,#10201,#10209,#10217,#10225,
    #10233,#10241,#10249,#10257,#10265,#10273,#10281,#10289,#10297,
    #10305,#10313,#10321,#10329,#10337,#10345,#10353,#10361,#10369,
    #10377,#10385,#10393,#10401,#10409,#10417,#10425,#10433,#10441,
    #10449,#10457,#10465,#10473,#10481,#10489,#10497,#10505,#10513,
    #10521,#10529,#10537,#10545,#10553,#10561,#10569,#10577,#10585,
    #10593,#10601,#10609,#10617,#10625,#10633,#10641,#10649,#10657,
    #10665,#10673,#10681,#10689,#10697,#10705,#10713,#10721,#10729,
    #10737,#10745,#10753,#10761,#10769,#10777,#10785,#10793,#10801,
    #10809,#10817,#10825,#10833,#10841,#10849,#10855));
#10040 = ORIENTED_EDGE('',*,*,#9107,.F.);
#10041 = ORIENTED_EDGE('',*,*,#10042,.F.);
#10042 = EDGE_CURVE('',#10043,#9100,#10045,.T.);
#10043 = VERTEX_POINT('',#10044);
#10044 = CARTESIAN_POINT('',(0.6,6.5,0.5));
#10045 = LINE('',#10046,#10047);
#10046 = CARTESIAN_POINT('',(0.6,6.5,0.5));
#10047 = VECTOR('',#10048,1.);
#10048 = DIRECTION('',(1.,0.,0.));
#10049 = ORIENTED_EDGE('',*,*,#10050,.F.);
#10050 = EDGE_CURVE('',#10051,#10043,#10053,.T.);
#10051 = VERTEX_POINT('',#10052);
#10052 = CARTESIAN_POINT('',(0.6,7.05,0.5));
#10053 = LINE('',#10054,#10055);
#10054 = CARTESIAN_POINT('',(0.6,7.15,0.5));
#10055 = VECTOR('',#10056,1.);
#10056 = DIRECTION('',(6.832141690001E-16,-1.,0.));
#10057 = ORIENTED_EDGE('',*,*,#10058,.F.);
#10058 = EDGE_CURVE('',#10059,#10051,#10061,.T.);
#10059 = VERTEX_POINT('',#10060);
#10060 = CARTESIAN_POINT('',(0.3,7.05,0.5));
#10061 = LINE('',#10062,#10063);
#10062 = CARTESIAN_POINT('',(0.777229299363,7.05,0.5));
#10063 = VECTOR('',#10064,1.);
#10064 = DIRECTION('',(1.,2.22044604925E-16,6.870944347512E-33));
#10065 = ORIENTED_EDGE('',*,*,#10066,.F.);
#10066 = EDGE_CURVE('',#10067,#10059,#10069,.T.);
#10067 = VERTEX_POINT('',#10068);
#10068 = CARTESIAN_POINT('',(0.3,-7.05,0.5));
#10069 = LINE('',#10070,#10071);
#10070 = CARTESIAN_POINT('',(0.3,-7.15,0.5));
#10071 = VECTOR('',#10072,1.);
#10072 = DIRECTION('',(0.,1.,0.));
#10073 = ORIENTED_EDGE('',*,*,#10074,.T.);
#10074 = EDGE_CURVE('',#10067,#10075,#10077,.T.);
#10075 = VERTEX_POINT('',#10076);
#10076 = CARTESIAN_POINT('',(0.6,-7.05,0.5));
#10077 = LINE('',#10078,#10079);
#10078 = CARTESIAN_POINT('',(0.777229299363,-7.05,0.5));
#10079 = VECTOR('',#10080,1.);
#10080 = DIRECTION('',(1.,-2.22044604925E-16,6.870944347512E-33));
#10081 = ORIENTED_EDGE('',*,*,#10082,.F.);
#10082 = EDGE_CURVE('',#10083,#10075,#10085,.T.);
#10083 = VERTEX_POINT('',#10084);
#10084 = CARTESIAN_POINT('',(0.6,-6.5,0.5));
#10085 = LINE('',#10086,#10087);
#10086 = CARTESIAN_POINT('',(0.6,-6.5,0.5));
#10087 = VECTOR('',#10088,1.);
#10088 = DIRECTION('',(1.19562479575E-15,-1.,0.));
#10089 = ORIENTED_EDGE('',*,*,#10090,.F.);
#10090 = EDGE_CURVE('',#10091,#10083,#10093,.T.);
#10091 = VERTEX_POINT('',#10092);
#10092 = CARTESIAN_POINT('',(1.7,-6.5,0.5));
#10093 = LINE('',#10094,#10095);
#10094 = CARTESIAN_POINT('',(1.7,-6.5,0.5));
#10095 = VECTOR('',#10096,1.);
#10096 = DIRECTION('',(-1.,0.,0.));
#10097 = ORIENTED_EDGE('',*,*,#10098,.F.);
#10098 = EDGE_CURVE('',#10099,#10091,#10101,.T.);
#10099 = VERTEX_POINT('',#10100);
#10100 = CARTESIAN_POINT('',(1.7,-5.85,0.5));
#10101 = LINE('',#10102,#10103);
#10102 = CARTESIAN_POINT('',(1.7,6.5,0.5));
#10103 = VECTOR('',#10104,1.);
#10104 = DIRECTION('',(0.,-1.,0.));
#10105 = ORIENTED_EDGE('',*,*,#10106,.F.);
#10106 = EDGE_CURVE('',#10107,#10099,#10109,.T.);
#10107 = VERTEX_POINT('',#10108);
#10108 = CARTESIAN_POINT('',(1.6,-5.85,0.5));
#10109 = LINE('',#10110,#10111);
#10110 = CARTESIAN_POINT('',(2.177229299363,-5.85,0.5));
#10111 = VECTOR('',#10112,1.);
#10112 = DIRECTION('',(1.,0.,6.870944347512E-33));
#10113 = ORIENTED_EDGE('',*,*,#10114,.F.);
#10114 = EDGE_CURVE('',#10115,#10107,#10117,.T.);
#10115 = VERTEX_POINT('',#10116);
#10116 = CARTESIAN_POINT('',(1.6,-5.65,0.5));
#10117 = LINE('',#10118,#10119);
#10118 = CARTESIAN_POINT('',(1.6,-2.925,0.5));
#10119 = VECTOR('',#10120,1.);
#10120 = DIRECTION('',(0.,-1.,4.212116354185E-34));
#10121 = ORIENTED_EDGE('',*,*,#10122,.F.);
#10122 = EDGE_CURVE('',#10123,#10115,#10125,.T.);
#10123 = VERTEX_POINT('',#10124);
#10124 = CARTESIAN_POINT('',(1.7,-5.65,0.5));
#10125 = LINE('',#10126,#10127);
#10126 = CARTESIAN_POINT('',(1.277229299363,-5.65,0.5));
#10127 = VECTOR('',#10128,1.);
#10128 = DIRECTION('',(-1.,0.,-6.870944347512E-33));
#10129 = ORIENTED_EDGE('',*,*,#10130,.F.);
#10130 = EDGE_CURVE('',#10131,#10123,#10133,.T.);
#10131 = VERTEX_POINT('',#10132);
#10132 = CARTESIAN_POINT('',(1.7,-5.35,0.5));
#10133 = LINE('',#10134,#10135);
#10134 = CARTESIAN_POINT('',(1.7,6.5,0.5));
#10135 = VECTOR('',#10136,1.);
#10136 = DIRECTION('',(0.,-1.,0.));
#10137 = ORIENTED_EDGE('',*,*,#10138,.F.);
#10138 = EDGE_CURVE('',#10139,#10131,#10141,.T.);
#10139 = VERTEX_POINT('',#10140);
#10140 = CARTESIAN_POINT('',(1.6,-5.35,0.5));
#10141 = LINE('',#10142,#10143);
#10142 = CARTESIAN_POINT('',(2.177229299363,-5.35,0.5));
#10143 = VECTOR('',#10144,1.);
#10144 = DIRECTION('',(1.,0.,6.870944347512E-33));
#10145 = ORIENTED_EDGE('',*,*,#10146,.F.);
#10146 = EDGE_CURVE('',#10147,#10139,#10149,.T.);
#10147 = VERTEX_POINT('',#10148);
#10148 = CARTESIAN_POINT('',(1.6,-5.15,0.5));
#10149 = LINE('',#10150,#10151);
#10150 = CARTESIAN_POINT('',(1.6,-2.675,0.5));
#10151 = VECTOR('',#10152,1.);
#10152 = DIRECTION('',(0.,-1.,4.212116354185E-34));
#10153 = ORIENTED_EDGE('',*,*,#10154,.F.);
#10154 = EDGE_CURVE('',#10155,#10147,#10157,.T.);
#10155 = VERTEX_POINT('',#10156);
#10156 = CARTESIAN_POINT('',(1.7,-5.15,0.5));
#10157 = LINE('',#10158,#10159);
#10158 = CARTESIAN_POINT('',(1.277229299363,-5.15,0.5));
#10159 = VECTOR('',#10160,1.);
#10160 = DIRECTION('',(-1.,0.,-6.870944347512E-33));
#10161 = ORIENTED_EDGE('',*,*,#10162,.F.);
#10162 = EDGE_CURVE('',#10163,#10155,#10165,.T.);
#10163 = VERTEX_POINT('',#10164);
#10164 = CARTESIAN_POINT('',(1.7,-4.85,0.5));
#10165 = LINE('',#10166,#10167);
#10166 = CARTESIAN_POINT('',(1.7,6.5,0.5));
#10167 = VECTOR('',#10168,1.);
#10168 = DIRECTION('',(0.,-1.,0.));
#10169 = ORIENTED_EDGE('',*,*,#10170,.F.);
#10170 = EDGE_CURVE('',#10171,#10163,#10173,.T.);
#10171 = VERTEX_POINT('',#10172);
#10172 = CARTESIAN_POINT('',(1.6,-4.85,0.5));
#10173 = LINE('',#10174,#10175);
#10174 = CARTESIAN_POINT('',(2.177229299363,-4.85,0.5));
#10175 = VECTOR('',#10176,1.);
#10176 = DIRECTION('',(1.,0.,6.870944347512E-33));
#10177 = ORIENTED_EDGE('',*,*,#10178,.F.);
#10178 = EDGE_CURVE('',#10179,#10171,#10181,.T.);
#10179 = VERTEX_POINT('',#10180);
#10180 = CARTESIAN_POINT('',(1.6,-4.65,0.5));
#10181 = LINE('',#10182,#10183);
#10182 = CARTESIAN_POINT('',(1.6,-2.425,0.5));
#10183 = VECTOR('',#10184,1.);
#10184 = DIRECTION('',(0.,-1.,4.212116354185E-34));
#10185 = ORIENTED_EDGE('',*,*,#10186,.F.);
#10186 = EDGE_CURVE('',#10187,#10179,#10189,.T.);
#10187 = VERTEX_POINT('',#10188);
#10188 = CARTESIAN_POINT('',(1.7,-4.65,0.5));
#10189 = LINE('',#10190,#10191);
#10190 = CARTESIAN_POINT('',(1.277229299363,-4.65,0.5));
#10191 = VECTOR('',#10192,1.);
#10192 = DIRECTION('',(-1.,0.,-6.870944347512E-33));
#10193 = ORIENTED_EDGE('',*,*,#10194,.F.);
#10194 = EDGE_CURVE('',#10195,#10187,#10197,.T.);
#10195 = VERTEX_POINT('',#10196);
#10196 = CARTESIAN_POINT('',(1.7,-4.35,0.5));
#10197 = LINE('',#10198,#10199);
#10198 = CARTESIAN_POINT('',(1.7,6.5,0.5));
#10199 = VECTOR('',#10200,1.);
#10200 = DIRECTION('',(0.,-1.,0.));
#10201 = ORIENTED_EDGE('',*,*,#10202,.F.);
#10202 = EDGE_CURVE('',#10203,#10195,#10205,.T.);
#10203 = VERTEX_POINT('',#10204);
#10204 = CARTESIAN_POINT('',(1.6,-4.35,0.5));
#10205 = LINE('',#10206,#10207);
#10206 = CARTESIAN_POINT('',(2.177229299363,-4.35,0.5));
#10207 = VECTOR('',#10208,1.);
#10208 = DIRECTION('',(1.,0.,6.870944347512E-33));
#10209 = ORIENTED_EDGE('',*,*,#10210,.F.);
#10210 = EDGE_CURVE('',#10211,#10203,#10213,.T.);
#10211 = VERTEX_POINT('',#10212);
#10212 = CARTESIAN_POINT('',(1.6,-4.15,0.5));
#10213 = LINE('',#10214,#10215);
#10214 = CARTESIAN_POINT('',(1.6,-2.175,0.5));
#10215 = VECTOR('',#10216,1.);
#10216 = DIRECTION('',(0.,-1.,4.212116354185E-34));
#10217 = ORIENTED_EDGE('',*,*,#10218,.F.);
#10218 = EDGE_CURVE('',#10219,#10211,#10221,.T.);
#10219 = VERTEX_POINT('',#10220);
#10220 = CARTESIAN_POINT('',(1.7,-4.15,0.5));
#10221 = LINE('',#10222,#10223);
#10222 = CARTESIAN_POINT('',(1.277229299363,-4.15,0.5));
#10223 = VECTOR('',#10224,1.);
#10224 = DIRECTION('',(-1.,0.,-6.870944347512E-33));
#10225 = ORIENTED_EDGE('',*,*,#10226,.F.);
#10226 = EDGE_CURVE('',#10227,#10219,#10229,.T.);
#10227 = VERTEX_POINT('',#10228);
#10228 = CARTESIAN_POINT('',(1.7,-3.85,0.5));
#10229 = LINE('',#10230,#10231);
#10230 = CARTESIAN_POINT('',(1.7,6.5,0.5));
#10231 = VECTOR('',#10232,1.);
#10232 = DIRECTION('',(0.,-1.,0.));
#10233 = ORIENTED_EDGE('',*,*,#10234,.F.);
#10234 = EDGE_CURVE('',#10235,#10227,#10237,.T.);
#10235 = VERTEX_POINT('',#10236);
#10236 = CARTESIAN_POINT('',(1.6,-3.85,0.5));
#10237 = LINE('',#10238,#10239);
#10238 = CARTESIAN_POINT('',(2.177229299363,-3.85,0.5));
#10239 = VECTOR('',#10240,1.);
#10240 = DIRECTION('',(1.,0.,6.870944347512E-33));
#10241 = ORIENTED_EDGE('',*,*,#10242,.F.);
#10242 = EDGE_CURVE('',#10243,#10235,#10245,.T.);
#10243 = VERTEX_POINT('',#10244);
#10244 = CARTESIAN_POINT('',(1.6,-3.65,0.5));
#10245 = LINE('',#10246,#10247);
#10246 = CARTESIAN_POINT('',(1.6,-1.925,0.5));
#10247 = VECTOR('',#10248,1.);
#10248 = DIRECTION('',(0.,-1.,4.212116354185E-34));
#10249 = ORIENTED_EDGE('',*,*,#10250,.F.);
#10250 = EDGE_CURVE('',#10251,#10243,#10253,.T.);
#10251 = VERTEX_POINT('',#10252);
#10252 = CARTESIAN_POINT('',(1.7,-3.65,0.5));
#10253 = LINE('',#10254,#10255);
#10254 = CARTESIAN_POINT('',(1.277229299363,-3.65,0.5));
#10255 = VECTOR('',#10256,1.);
#10256 = DIRECTION('',(-1.,0.,-6.870944347512E-33));
#10257 = ORIENTED_EDGE('',*,*,#10258,.F.);
#10258 = EDGE_CURVE('',#10259,#10251,#10261,.T.);
#10259 = VERTEX_POINT('',#10260);
#10260 = CARTESIAN_POINT('',(1.7,-3.35,0.5));
#10261 = LINE('',#10262,#10263);
#10262 = CARTESIAN_POINT('',(1.7,6.5,0.5));
#10263 = VECTOR('',#10264,1.);
#10264 = DIRECTION('',(0.,-1.,0.));
#10265 = ORIENTED_EDGE('',*,*,#10266,.F.);
#10266 = EDGE_CURVE('',#10267,#10259,#10269,.T.);
#10267 = VERTEX_POINT('',#10268);
#10268 = CARTESIAN_POINT('',(1.6,-3.35,0.5));
#10269 = LINE('',#10270,#10271);
#10270 = CARTESIAN_POINT('',(2.177229299363,-3.35,0.5));
#10271 = VECTOR('',#10272,1.);
#10272 = DIRECTION('',(1.,0.,6.870944347512E-33));
#10273 = ORIENTED_EDGE('',*,*,#10274,.F.);
#10274 = EDGE_CURVE('',#10275,#10267,#10277,.T.);
#10275 = VERTEX_POINT('',#10276);
#10276 = CARTESIAN_POINT('',(1.6,-3.15,0.5));
#10277 = LINE('',#10278,#10279);
#10278 = CARTESIAN_POINT('',(1.6,-1.675,0.5));
#10279 = VECTOR('',#10280,1.);
#10280 = DIRECTION('',(0.,-1.,4.212116354185E-34));
#10281 = ORIENTED_EDGE('',*,*,#10282,.F.);
#10282 = EDGE_CURVE('',#10283,#10275,#10285,.T.);
#10283 = VERTEX_POINT('',#10284);
#10284 = CARTESIAN_POINT('',(1.7,-3.15,0.5));
#10285 = LINE('',#10286,#10287);
#10286 = CARTESIAN_POINT('',(1.277229299363,-3.15,0.5));
#10287 = VECTOR('',#10288,1.);
#10288 = DIRECTION('',(-1.,0.,-6.870944347512E-33));
#10289 = ORIENTED_EDGE('',*,*,#10290,.F.);
#10290 = EDGE_CURVE('',#10291,#10283,#10293,.T.);
#10291 = VERTEX_POINT('',#10292);
#10292 = CARTESIAN_POINT('',(1.7,-2.85,0.5));
#10293 = LINE('',#10294,#10295);
#10294 = CARTESIAN_POINT('',(1.7,6.5,0.5));
#10295 = VECTOR('',#10296,1.);
#10296 = DIRECTION('',(0.,-1.,0.));
#10297 = ORIENTED_EDGE('',*,*,#10298,.F.);
#10298 = EDGE_CURVE('',#10299,#10291,#10301,.T.);
#10299 = VERTEX_POINT('',#10300);
#10300 = CARTESIAN_POINT('',(1.6,-2.85,0.5));
#10301 = LINE('',#10302,#10303);
#10302 = CARTESIAN_POINT('',(2.177229299363,-2.85,0.5));
#10303 = VECTOR('',#10304,1.);
#10304 = DIRECTION('',(1.,0.,6.870944347512E-33));
#10305 = ORIENTED_EDGE('',*,*,#10306,.F.);
#10306 = EDGE_CURVE('',#10307,#10299,#10309,.T.);
#10307 = VERTEX_POINT('',#10308);
#10308 = CARTESIAN_POINT('',(1.6,-2.65,0.5));
#10309 = LINE('',#10310,#10311);
#10310 = CARTESIAN_POINT('',(1.6,-1.425,0.5));
#10311 = VECTOR('',#10312,1.);
#10312 = DIRECTION('',(0.,-1.,4.212116354185E-34));
#10313 = ORIENTED_EDGE('',*,*,#10314,.F.);
#10314 = EDGE_CURVE('',#10315,#10307,#10317,.T.);
#10315 = VERTEX_POINT('',#10316);
#10316 = CARTESIAN_POINT('',(1.7,-2.65,0.5));
#10317 = LINE('',#10318,#10319);
#10318 = CARTESIAN_POINT('',(1.277229299363,-2.65,0.5));
#10319 = VECTOR('',#10320,1.);
#10320 = DIRECTION('',(-1.,0.,-6.870944347512E-33));
#10321 = ORIENTED_EDGE('',*,*,#10322,.F.);
#10322 = EDGE_CURVE('',#10323,#10315,#10325,.T.);
#10323 = VERTEX_POINT('',#10324);
#10324 = CARTESIAN_POINT('',(1.7,-2.35,0.5));
#10325 = LINE('',#10326,#10327);
#10326 = CARTESIAN_POINT('',(1.7,6.5,0.5));
#10327 = VECTOR('',#10328,1.);
#10328 = DIRECTION('',(0.,-1.,0.));
#10329 = ORIENTED_EDGE('',*,*,#10330,.F.);
#10330 = EDGE_CURVE('',#10331,#10323,#10333,.T.);
#10331 = VERTEX_POINT('',#10332);
#10332 = CARTESIAN_POINT('',(1.6,-2.35,0.5));
#10333 = LINE('',#10334,#10335);
#10334 = CARTESIAN_POINT('',(2.177229299363,-2.35,0.5));
#10335 = VECTOR('',#10336,1.);
#10336 = DIRECTION('',(1.,0.,6.870944347512E-33));
#10337 = ORIENTED_EDGE('',*,*,#10338,.F.);
#10338 = EDGE_CURVE('',#10339,#10331,#10341,.T.);
#10339 = VERTEX_POINT('',#10340);
#10340 = CARTESIAN_POINT('',(1.6,-2.15,0.5));
#10341 = LINE('',#10342,#10343);
#10342 = CARTESIAN_POINT('',(1.6,-1.175,0.5));
#10343 = VECTOR('',#10344,1.);
#10344 = DIRECTION('',(0.,-1.,4.212116354185E-34));
#10345 = ORIENTED_EDGE('',*,*,#10346,.F.);
#10346 = EDGE_CURVE('',#10347,#10339,#10349,.T.);
#10347 = VERTEX_POINT('',#10348);
#10348 = CARTESIAN_POINT('',(1.7,-2.15,0.5));
#10349 = LINE('',#10350,#10351);
#10350 = CARTESIAN_POINT('',(1.277229299363,-2.15,0.5));
#10351 = VECTOR('',#10352,1.);
#10352 = DIRECTION('',(-1.,0.,-6.870944347512E-33));
#10353 = ORIENTED_EDGE('',*,*,#10354,.F.);
#10354 = EDGE_CURVE('',#10355,#10347,#10357,.T.);
#10355 = VERTEX_POINT('',#10356);
#10356 = CARTESIAN_POINT('',(1.7,-1.85,0.5));
#10357 = LINE('',#10358,#10359);
#10358 = CARTESIAN_POINT('',(1.7,6.5,0.5));
#10359 = VECTOR('',#10360,1.);
#10360 = DIRECTION('',(0.,-1.,0.));
#10361 = ORIENTED_EDGE('',*,*,#10362,.F.);
#10362 = EDGE_CURVE('',#10363,#10355,#10365,.T.);
#10363 = VERTEX_POINT('',#10364);
#10364 = CARTESIAN_POINT('',(1.6,-1.85,0.5));
#10365 = LINE('',#10366,#10367);
#10366 = CARTESIAN_POINT('',(2.177229299363,-1.85,0.5));
#10367 = VECTOR('',#10368,1.);
#10368 = DIRECTION('',(1.,0.,6.870944347512E-33));
#10369 = ORIENTED_EDGE('',*,*,#10370,.F.);
#10370 = EDGE_CURVE('',#10371,#10363,#10373,.T.);
#10371 = VERTEX_POINT('',#10372);
#10372 = CARTESIAN_POINT('',(1.6,-1.65,0.5));
#10373 = LINE('',#10374,#10375);
#10374 = CARTESIAN_POINT('',(1.6,-0.925,0.5));
#10375 = VECTOR('',#10376,1.);
#10376 = DIRECTION('',(0.,-1.,4.212116354185E-34));
#10377 = ORIENTED_EDGE('',*,*,#10378,.F.);
#10378 = EDGE_CURVE('',#10379,#10371,#10381,.T.);
#10379 = VERTEX_POINT('',#10380);
#10380 = CARTESIAN_POINT('',(1.7,-1.65,0.5));
#10381 = LINE('',#10382,#10383);
#10382 = CARTESIAN_POINT('',(1.277229299363,-1.65,0.5));
#10383 = VECTOR('',#10384,1.);
#10384 = DIRECTION('',(-1.,0.,-6.870944347512E-33));
#10385 = ORIENTED_EDGE('',*,*,#10386,.F.);
#10386 = EDGE_CURVE('',#10387,#10379,#10389,.T.);
#10387 = VERTEX_POINT('',#10388);
#10388 = CARTESIAN_POINT('',(1.7,-1.35,0.5));
#10389 = LINE('',#10390,#10391);
#10390 = CARTESIAN_POINT('',(1.7,6.5,0.5));
#10391 = VECTOR('',#10392,1.);
#10392 = DIRECTION('',(0.,-1.,0.));
#10393 = ORIENTED_EDGE('',*,*,#10394,.F.);
#10394 = EDGE_CURVE('',#10395,#10387,#10397,.T.);
#10395 = VERTEX_POINT('',#10396);
#10396 = CARTESIAN_POINT('',(1.6,-1.35,0.5));
#10397 = LINE('',#10398,#10399);
#10398 = CARTESIAN_POINT('',(2.177229299363,-1.35,0.5));
#10399 = VECTOR('',#10400,1.);
#10400 = DIRECTION('',(1.,0.,6.870944347512E-33));
#10401 = ORIENTED_EDGE('',*,*,#10402,.F.);
#10402 = EDGE_CURVE('',#10403,#10395,#10405,.T.);
#10403 = VERTEX_POINT('',#10404);
#10404 = CARTESIAN_POINT('',(1.6,-1.15,0.5));
#10405 = LINE('',#10406,#10407);
#10406 = CARTESIAN_POINT('',(1.6,-0.675,0.5));
#10407 = VECTOR('',#10408,1.);
#10408 = DIRECTION('',(0.,-1.,4.212116354185E-34));
#10409 = ORIENTED_EDGE('',*,*,#10410,.F.);
#10410 = EDGE_CURVE('',#10411,#10403,#10413,.T.);
#10411 = VERTEX_POINT('',#10412);
#10412 = CARTESIAN_POINT('',(1.7,-1.15,0.5));
#10413 = LINE('',#10414,#10415);
#10414 = CARTESIAN_POINT('',(1.277229299363,-1.15,0.5));
#10415 = VECTOR('',#10416,1.);
#10416 = DIRECTION('',(-1.,0.,-6.870944347512E-33));
#10417 = ORIENTED_EDGE('',*,*,#10418,.F.);
#10418 = EDGE_CURVE('',#10419,#10411,#10421,.T.);
#10419 = VERTEX_POINT('',#10420);
#10420 = CARTESIAN_POINT('',(1.7,-0.85,0.5));
#10421 = LINE('',#10422,#10423);
#10422 = CARTESIAN_POINT('',(1.7,6.5,0.5));
#10423 = VECTOR('',#10424,1.);
#10424 = DIRECTION('',(0.,-1.,0.));
#10425 = ORIENTED_EDGE('',*,*,#10426,.F.);
#10426 = EDGE_CURVE('',#10427,#10419,#10429,.T.);
#10427 = VERTEX_POINT('',#10428);
#10428 = CARTESIAN_POINT('',(1.6,-0.85,0.5));
#10429 = LINE('',#10430,#10431);
#10430 = CARTESIAN_POINT('',(2.177229299363,-0.85,0.5));
#10431 = VECTOR('',#10432,1.);
#10432 = DIRECTION('',(1.,0.,6.870944347512E-33));
#10433 = ORIENTED_EDGE('',*,*,#10434,.F.);
#10434 = EDGE_CURVE('',#10435,#10427,#10437,.T.);
#10435 = VERTEX_POINT('',#10436);
#10436 = CARTESIAN_POINT('',(1.6,-0.65,0.5));
#10437 = LINE('',#10438,#10439);
#10438 = CARTESIAN_POINT('',(1.6,-0.425,0.5));
#10439 = VECTOR('',#10440,1.);
#10440 = DIRECTION('',(0.,-1.,4.212116354185E-34));
#10441 = ORIENTED_EDGE('',*,*,#10442,.F.);
#10442 = EDGE_CURVE('',#10443,#10435,#10445,.T.);
#10443 = VERTEX_POINT('',#10444);
#10444 = CARTESIAN_POINT('',(1.7,-0.65,0.5));
#10445 = LINE('',#10446,#10447);
#10446 = CARTESIAN_POINT('',(1.277229299363,-0.65,0.5));
#10447 = VECTOR('',#10448,1.);
#10448 = DIRECTION('',(-1.,0.,-6.870944347512E-33));
#10449 = ORIENTED_EDGE('',*,*,#10450,.F.);
#10450 = EDGE_CURVE('',#10451,#10443,#10453,.T.);
#10451 = VERTEX_POINT('',#10452);
#10452 = CARTESIAN_POINT('',(1.7,-0.35,0.5));
#10453 = LINE('',#10454,#10455);
#10454 = CARTESIAN_POINT('',(1.7,6.5,0.5));
#10455 = VECTOR('',#10456,1.);
#10456 = DIRECTION('',(0.,-1.,0.));
#10457 = ORIENTED_EDGE('',*,*,#10458,.F.);
#10458 = EDGE_CURVE('',#10459,#10451,#10461,.T.);
#10459 = VERTEX_POINT('',#10460);
#10460 = CARTESIAN_POINT('',(1.6,-0.35,0.5));
#10461 = LINE('',#10462,#10463);
#10462 = CARTESIAN_POINT('',(2.177229299363,-0.35,0.5));
#10463 = VECTOR('',#10464,1.);
#10464 = DIRECTION('',(1.,0.,6.870944347512E-33));
#10465 = ORIENTED_EDGE('',*,*,#10466,.F.);
#10466 = EDGE_CURVE('',#10467,#10459,#10469,.T.);
#10467 = VERTEX_POINT('',#10468);
#10468 = CARTESIAN_POINT('',(1.6,-0.15,0.5));
#10469 = LINE('',#10470,#10471);
#10470 = CARTESIAN_POINT('',(1.6,-0.175,0.5));
#10471 = VECTOR('',#10472,1.);
#10472 = DIRECTION('',(0.,-1.,4.212116354185E-34));
#10473 = ORIENTED_EDGE('',*,*,#10474,.F.);
#10474 = EDGE_CURVE('',#10475,#10467,#10477,.T.);
#10475 = VERTEX_POINT('',#10476);
#10476 = CARTESIAN_POINT('',(1.7,-0.15,0.5));
#10477 = LINE('',#10478,#10479);
#10478 = CARTESIAN_POINT('',(1.277229299363,-0.15,0.5));
#10479 = VECTOR('',#10480,1.);
#10480 = DIRECTION('',(-1.,0.,-6.870944347512E-33));
#10481 = ORIENTED_EDGE('',*,*,#10482,.F.);
#10482 = EDGE_CURVE('',#10483,#10475,#10485,.T.);
#10483 = VERTEX_POINT('',#10484);
#10484 = CARTESIAN_POINT('',(1.7,0.15,0.5));
#10485 = LINE('',#10486,#10487);
#10486 = CARTESIAN_POINT('',(1.7,6.5,0.5));
#10487 = VECTOR('',#10488,1.);
#10488 = DIRECTION('',(0.,-1.,0.));
#10489 = ORIENTED_EDGE('',*,*,#10490,.F.);
#10490 = EDGE_CURVE('',#10491,#10483,#10493,.T.);
#10491 = VERTEX_POINT('',#10492);
#10492 = CARTESIAN_POINT('',(1.6,0.15,0.5));
#10493 = LINE('',#10494,#10495);
#10494 = CARTESIAN_POINT('',(2.177229299363,0.15,0.5));
#10495 = VECTOR('',#10496,1.);
#10496 = DIRECTION('',(1.,0.,6.870944347512E-33));
#10497 = ORIENTED_EDGE('',*,*,#10498,.F.);
#10498 = EDGE_CURVE('',#10499,#10491,#10501,.T.);
#10499 = VERTEX_POINT('',#10500);
#10500 = CARTESIAN_POINT('',(1.6,0.35,0.5));
#10501 = LINE('',#10502,#10503);
#10502 = CARTESIAN_POINT('',(1.6,7.5E-02,0.5));
#10503 = VECTOR('',#10504,1.);
#10504 = DIRECTION('',(0.,-1.,4.212116354185E-34));
#10505 = ORIENTED_EDGE('',*,*,#10506,.F.);
#10506 = EDGE_CURVE('',#10507,#10499,#10509,.T.);
#10507 = VERTEX_POINT('',#10508);
#10508 = CARTESIAN_POINT('',(1.7,0.35,0.5));
#10509 = LINE('',#10510,#10511);
#10510 = CARTESIAN_POINT('',(1.277229299363,0.35,0.5));
#10511 = VECTOR('',#10512,1.);
#10512 = DIRECTION('',(-1.,0.,-6.870944347512E-33));
#10513 = ORIENTED_EDGE('',*,*,#10514,.F.);
#10514 = EDGE_CURVE('',#10515,#10507,#10517,.T.);
#10515 = VERTEX_POINT('',#10516);
#10516 = CARTESIAN_POINT('',(1.7,0.65,0.5));
#10517 = LINE('',#10518,#10519);
#10518 = CARTESIAN_POINT('',(1.7,6.5,0.5));
#10519 = VECTOR('',#10520,1.);
#10520 = DIRECTION('',(0.,-1.,0.));
#10521 = ORIENTED_EDGE('',*,*,#10522,.F.);
#10522 = EDGE_CURVE('',#10523,#10515,#10525,.T.);
#10523 = VERTEX_POINT('',#10524);
#10524 = CARTESIAN_POINT('',(1.6,0.65,0.5));
#10525 = LINE('',#10526,#10527);
#10526 = CARTESIAN_POINT('',(2.177229299363,0.65,0.5));
#10527 = VECTOR('',#10528,1.);
#10528 = DIRECTION('',(1.,0.,6.870944347512E-33));
#10529 = ORIENTED_EDGE('',*,*,#10530,.F.);
#10530 = EDGE_CURVE('',#10531,#10523,#10533,.T.);
#10531 = VERTEX_POINT('',#10532);
#10532 = CARTESIAN_POINT('',(1.6,0.85,0.5));
#10533 = LINE('',#10534,#10535);
#10534 = CARTESIAN_POINT('',(1.6,0.325,0.5));
#10535 = VECTOR('',#10536,1.);
#10536 = DIRECTION('',(0.,-1.,4.212116354185E-34));
#10537 = ORIENTED_EDGE('',*,*,#10538,.F.);
#10538 = EDGE_CURVE('',#10539,#10531,#10541,.T.);
#10539 = VERTEX_POINT('',#10540);
#10540 = CARTESIAN_POINT('',(1.7,0.85,0.5));
#10541 = LINE('',#10542,#10543);
#10542 = CARTESIAN_POINT('',(1.277229299363,0.85,0.5));
#10543 = VECTOR('',#10544,1.);
#10544 = DIRECTION('',(-1.,0.,-6.870944347512E-33));
#10545 = ORIENTED_EDGE('',*,*,#10546,.F.);
#10546 = EDGE_CURVE('',#10547,#10539,#10549,.T.);
#10547 = VERTEX_POINT('',#10548);
#10548 = CARTESIAN_POINT('',(1.7,1.15,0.5));
#10549 = LINE('',#10550,#10551);
#10550 = CARTESIAN_POINT('',(1.7,6.5,0.5));
#10551 = VECTOR('',#10552,1.);
#10552 = DIRECTION('',(0.,-1.,0.));
#10553 = ORIENTED_EDGE('',*,*,#10554,.F.);
#10554 = EDGE_CURVE('',#10555,#10547,#10557,.T.);
#10555 = VERTEX_POINT('',#10556);
#10556 = CARTESIAN_POINT('',(1.6,1.15,0.5));
#10557 = LINE('',#10558,#10559);
#10558 = CARTESIAN_POINT('',(2.177229299363,1.15,0.5));
#10559 = VECTOR('',#10560,1.);
#10560 = DIRECTION('',(1.,0.,6.870944347512E-33));
#10561 = ORIENTED_EDGE('',*,*,#10562,.F.);
#10562 = EDGE_CURVE('',#10563,#10555,#10565,.T.);
#10563 = VERTEX_POINT('',#10564);
#10564 = CARTESIAN_POINT('',(1.6,1.35,0.5));
#10565 = LINE('',#10566,#10567);
#10566 = CARTESIAN_POINT('',(1.6,0.575,0.5));
#10567 = VECTOR('',#10568,1.);
#10568 = DIRECTION('',(0.,-1.,4.212116354185E-34));
#10569 = ORIENTED_EDGE('',*,*,#10570,.F.);
#10570 = EDGE_CURVE('',#10571,#10563,#10573,.T.);
#10571 = VERTEX_POINT('',#10572);
#10572 = CARTESIAN_POINT('',(1.7,1.35,0.5));
#10573 = LINE('',#10574,#10575);
#10574 = CARTESIAN_POINT('',(1.277229299363,1.35,0.5));
#10575 = VECTOR('',#10576,1.);
#10576 = DIRECTION('',(-1.,0.,-6.870944347512E-33));
#10577 = ORIENTED_EDGE('',*,*,#10578,.F.);
#10578 = EDGE_CURVE('',#10579,#10571,#10581,.T.);
#10579 = VERTEX_POINT('',#10580);
#10580 = CARTESIAN_POINT('',(1.7,1.65,0.5));
#10581 = LINE('',#10582,#10583);
#10582 = CARTESIAN_POINT('',(1.7,6.5,0.5));
#10583 = VECTOR('',#10584,1.);
#10584 = DIRECTION('',(0.,-1.,0.));
#10585 = ORIENTED_EDGE('',*,*,#10586,.F.);
#10586 = EDGE_CURVE('',#10587,#10579,#10589,.T.);
#10587 = VERTEX_POINT('',#10588);
#10588 = CARTESIAN_POINT('',(1.6,1.65,0.5));
#10589 = LINE('',#10590,#10591);
#10590 = CARTESIAN_POINT('',(2.177229299363,1.65,0.5));
#10591 = VECTOR('',#10592,1.);
#10592 = DIRECTION('',(1.,0.,6.870944347512E-33));
#10593 = ORIENTED_EDGE('',*,*,#10594,.F.);
#10594 = EDGE_CURVE('',#10595,#10587,#10597,.T.);
#10595 = VERTEX_POINT('',#10596);
#10596 = CARTESIAN_POINT('',(1.6,1.85,0.5));
#10597 = LINE('',#10598,#10599);
#10598 = CARTESIAN_POINT('',(1.6,0.825,0.5));
#10599 = VECTOR('',#10600,1.);
#10600 = DIRECTION('',(0.,-1.,4.212116354185E-34));
#10601 = ORIENTED_EDGE('',*,*,#10602,.F.);
#10602 = EDGE_CURVE('',#10603,#10595,#10605,.T.);
#10603 = VERTEX_POINT('',#10604);
#10604 = CARTESIAN_POINT('',(1.7,1.85,0.5));
#10605 = LINE('',#10606,#10607);
#10606 = CARTESIAN_POINT('',(1.277229299363,1.85,0.5));
#10607 = VECTOR('',#10608,1.);
#10608 = DIRECTION('',(-1.,0.,-6.870944347512E-33));
#10609 = ORIENTED_EDGE('',*,*,#10610,.F.);
#10610 = EDGE_CURVE('',#10611,#10603,#10613,.T.);
#10611 = VERTEX_POINT('',#10612);
#10612 = CARTESIAN_POINT('',(1.7,2.15,0.5));
#10613 = LINE('',#10614,#10615);
#10614 = CARTESIAN_POINT('',(1.7,6.5,0.5));
#10615 = VECTOR('',#10616,1.);
#10616 = DIRECTION('',(0.,-1.,0.));
#10617 = ORIENTED_EDGE('',*,*,#10618,.F.);
#10618 = EDGE_CURVE('',#10619,#10611,#10621,.T.);
#10619 = VERTEX_POINT('',#10620);
#10620 = CARTESIAN_POINT('',(1.6,2.15,0.5));
#10621 = LINE('',#10622,#10623);
#10622 = CARTESIAN_POINT('',(2.177229299363,2.15,0.5));
#10623 = VECTOR('',#10624,1.);
#10624 = DIRECTION('',(1.,0.,6.870944347512E-33));
#10625 = ORIENTED_EDGE('',*,*,#10626,.F.);
#10626 = EDGE_CURVE('',#10627,#10619,#10629,.T.);
#10627 = VERTEX_POINT('',#10628);
#10628 = CARTESIAN_POINT('',(1.6,2.35,0.5));
#10629 = LINE('',#10630,#10631);
#10630 = CARTESIAN_POINT('',(1.6,1.075,0.5));
#10631 = VECTOR('',#10632,1.);
#10632 = DIRECTION('',(0.,-1.,4.212116354185E-34));
#10633 = ORIENTED_EDGE('',*,*,#10634,.F.);
#10634 = EDGE_CURVE('',#10635,#10627,#10637,.T.);
#10635 = VERTEX_POINT('',#10636);
#10636 = CARTESIAN_POINT('',(1.7,2.35,0.5));
#10637 = LINE('',#10638,#10639);
#10638 = CARTESIAN_POINT('',(1.277229299363,2.35,0.5));
#10639 = VECTOR('',#10640,1.);
#10640 = DIRECTION('',(-1.,0.,-6.870944347512E-33));
#10641 = ORIENTED_EDGE('',*,*,#10642,.F.);
#10642 = EDGE_CURVE('',#10643,#10635,#10645,.T.);
#10643 = VERTEX_POINT('',#10644);
#10644 = CARTESIAN_POINT('',(1.7,2.65,0.5));
#10645 = LINE('',#10646,#10647);
#10646 = CARTESIAN_POINT('',(1.7,6.5,0.5));
#10647 = VECTOR('',#10648,1.);
#10648 = DIRECTION('',(0.,-1.,0.));
#10649 = ORIENTED_EDGE('',*,*,#10650,.F.);
#10650 = EDGE_CURVE('',#10651,#10643,#10653,.T.);
#10651 = VERTEX_POINT('',#10652);
#10652 = CARTESIAN_POINT('',(1.6,2.65,0.5));
#10653 = LINE('',#10654,#10655);
#10654 = CARTESIAN_POINT('',(2.177229299363,2.65,0.5));
#10655 = VECTOR('',#10656,1.);
#10656 = DIRECTION('',(1.,0.,6.870944347512E-33));
#10657 = ORIENTED_EDGE('',*,*,#10658,.F.);
#10658 = EDGE_CURVE('',#10659,#10651,#10661,.T.);
#10659 = VERTEX_POINT('',#10660);
#10660 = CARTESIAN_POINT('',(1.6,2.85,0.5));
#10661 = LINE('',#10662,#10663);
#10662 = CARTESIAN_POINT('',(1.6,1.325,0.5));
#10663 = VECTOR('',#10664,1.);
#10664 = DIRECTION('',(0.,-1.,4.212116354185E-34));
#10665 = ORIENTED_EDGE('',*,*,#10666,.F.);
#10666 = EDGE_CURVE('',#10667,#10659,#10669,.T.);
#10667 = VERTEX_POINT('',#10668);
#10668 = CARTESIAN_POINT('',(1.7,2.85,0.5));
#10669 = LINE('',#10670,#10671);
#10670 = CARTESIAN_POINT('',(1.277229299363,2.85,0.5));
#10671 = VECTOR('',#10672,1.);
#10672 = DIRECTION('',(-1.,0.,-6.870944347512E-33));
#10673 = ORIENTED_EDGE('',*,*,#10674,.F.);
#10674 = EDGE_CURVE('',#10675,#10667,#10677,.T.);
#10675 = VERTEX_POINT('',#10676);
#10676 = CARTESIAN_POINT('',(1.7,3.15,0.5));
#10677 = LINE('',#10678,#10679);
#10678 = CARTESIAN_POINT('',(1.7,6.5,0.5));
#10679 = VECTOR('',#10680,1.);
#10680 = DIRECTION('',(0.,-1.,0.));
#10681 = ORIENTED_EDGE('',*,*,#10682,.F.);
#10682 = EDGE_CURVE('',#10683,#10675,#10685,.T.);
#10683 = VERTEX_POINT('',#10684);
#10684 = CARTESIAN_POINT('',(1.6,3.15,0.5));
#10685 = LINE('',#10686,#10687);
#10686 = CARTESIAN_POINT('',(2.177229299363,3.15,0.5));
#10687 = VECTOR('',#10688,1.);
#10688 = DIRECTION('',(1.,0.,6.870944347512E-33));
#10689 = ORIENTED_EDGE('',*,*,#10690,.F.);
#10690 = EDGE_CURVE('',#10691,#10683,#10693,.T.);
#10691 = VERTEX_POINT('',#10692);
#10692 = CARTESIAN_POINT('',(1.6,3.35,0.5));
#10693 = LINE('',#10694,#10695);
#10694 = CARTESIAN_POINT('',(1.6,1.575,0.5));
#10695 = VECTOR('',#10696,1.);
#10696 = DIRECTION('',(0.,-1.,4.212116354185E-34));
#10697 = ORIENTED_EDGE('',*,*,#10698,.F.);
#10698 = EDGE_CURVE('',#10699,#10691,#10701,.T.);
#10699 = VERTEX_POINT('',#10700);
#10700 = CARTESIAN_POINT('',(1.7,3.35,0.5));
#10701 = LINE('',#10702,#10703);
#10702 = CARTESIAN_POINT('',(1.277229299363,3.35,0.5));
#10703 = VECTOR('',#10704,1.);
#10704 = DIRECTION('',(-1.,0.,-6.870944347512E-33));
#10705 = ORIENTED_EDGE('',*,*,#10706,.F.);
#10706 = EDGE_CURVE('',#10707,#10699,#10709,.T.);
#10707 = VERTEX_POINT('',#10708);
#10708 = CARTESIAN_POINT('',(1.7,3.65,0.5));
#10709 = LINE('',#10710,#10711);
#10710 = CARTESIAN_POINT('',(1.7,6.5,0.5));
#10711 = VECTOR('',#10712,1.);
#10712 = DIRECTION('',(0.,-1.,0.));
#10713 = ORIENTED_EDGE('',*,*,#10714,.F.);
#10714 = EDGE_CURVE('',#10715,#10707,#10717,.T.);
#10715 = VERTEX_POINT('',#10716);
#10716 = CARTESIAN_POINT('',(1.6,3.65,0.5));
#10717 = LINE('',#10718,#10719);
#10718 = CARTESIAN_POINT('',(2.177229299363,3.65,0.5));
#10719 = VECTOR('',#10720,1.);
#10720 = DIRECTION('',(1.,0.,6.870944347512E-33));
#10721 = ORIENTED_EDGE('',*,*,#10722,.F.);
#10722 = EDGE_CURVE('',#10723,#10715,#10725,.T.);
#10723 = VERTEX_POINT('',#10724);
#10724 = CARTESIAN_POINT('',(1.6,3.85,0.5));
#10725 = LINE('',#10726,#10727);
#10726 = CARTESIAN_POINT('',(1.6,1.825,0.5));
#10727 = VECTOR('',#10728,1.);
#10728 = DIRECTION('',(0.,-1.,4.212116354185E-34));
#10729 = ORIENTED_EDGE('',*,*,#10730,.F.);
#10730 = EDGE_CURVE('',#10731,#10723,#10733,.T.);
#10731 = VERTEX_POINT('',#10732);
#10732 = CARTESIAN_POINT('',(1.7,3.85,0.5));
#10733 = LINE('',#10734,#10735);
#10734 = CARTESIAN_POINT('',(1.277229299363,3.85,0.5));
#10735 = VECTOR('',#10736,1.);
#10736 = DIRECTION('',(-1.,0.,-6.870944347512E-33));
#10737 = ORIENTED_EDGE('',*,*,#10738,.F.);
#10738 = EDGE_CURVE('',#10739,#10731,#10741,.T.);
#10739 = VERTEX_POINT('',#10740);
#10740 = CARTESIAN_POINT('',(1.7,4.15,0.5));
#10741 = LINE('',#10742,#10743);
#10742 = CARTESIAN_POINT('',(1.7,6.5,0.5));
#10743 = VECTOR('',#10744,1.);
#10744 = DIRECTION('',(0.,-1.,0.));
#10745 = ORIENTED_EDGE('',*,*,#10746,.F.);
#10746 = EDGE_CURVE('',#10747,#10739,#10749,.T.);
#10747 = VERTEX_POINT('',#10748);
#10748 = CARTESIAN_POINT('',(1.6,4.15,0.5));
#10749 = LINE('',#10750,#10751);
#10750 = CARTESIAN_POINT('',(2.177229299363,4.15,0.5));
#10751 = VECTOR('',#10752,1.);
#10752 = DIRECTION('',(1.,0.,6.870944347512E-33));
#10753 = ORIENTED_EDGE('',*,*,#10754,.F.);
#10754 = EDGE_CURVE('',#10755,#10747,#10757,.T.);
#10755 = VERTEX_POINT('',#10756);
#10756 = CARTESIAN_POINT('',(1.6,4.35,0.5));
#10757 = LINE('',#10758,#10759);
#10758 = CARTESIAN_POINT('',(1.6,2.075,0.5));
#10759 = VECTOR('',#10760,1.);
#10760 = DIRECTION('',(0.,-1.,4.212116354185E-34));
#10761 = ORIENTED_EDGE('',*,*,#10762,.F.);
#10762 = EDGE_CURVE('',#10763,#10755,#10765,.T.);
#10763 = VERTEX_POINT('',#10764);
#10764 = CARTESIAN_POINT('',(1.7,4.35,0.5));
#10765 = LINE('',#10766,#10767);
#10766 = CARTESIAN_POINT('',(1.277229299363,4.35,0.5));
#10767 = VECTOR('',#10768,1.);
#10768 = DIRECTION('',(-1.,0.,-6.870944347512E-33));
#10769 = ORIENTED_EDGE('',*,*,#10770,.F.);
#10770 = EDGE_CURVE('',#10771,#10763,#10773,.T.);
#10771 = VERTEX_POINT('',#10772);
#10772 = CARTESIAN_POINT('',(1.7,4.65,0.5));
#10773 = LINE('',#10774,#10775);
#10774 = CARTESIAN_POINT('',(1.7,6.5,0.5));
#10775 = VECTOR('',#10776,1.);
#10776 = DIRECTION('',(0.,-1.,0.));
#10777 = ORIENTED_EDGE('',*,*,#10778,.F.);
#10778 = EDGE_CURVE('',#10779,#10771,#10781,.T.);
#10779 = VERTEX_POINT('',#10780);
#10780 = CARTESIAN_POINT('',(1.6,4.65,0.5));
#10781 = LINE('',#10782,#10783);
#10782 = CARTESIAN_POINT('',(2.177229299363,4.65,0.5));
#10783 = VECTOR('',#10784,1.);
#10784 = DIRECTION('',(1.,0.,6.870944347512E-33));
#10785 = ORIENTED_EDGE('',*,*,#10786,.F.);
#10786 = EDGE_CURVE('',#10787,#10779,#10789,.T.);
#10787 = VERTEX_POINT('',#10788);
#10788 = CARTESIAN_POINT('',(1.6,4.85,0.5));
#10789 = LINE('',#10790,#10791);
#10790 = CARTESIAN_POINT('',(1.6,2.325,0.5));
#10791 = VECTOR('',#10792,1.);
#10792 = DIRECTION('',(0.,-1.,4.212116354185E-34));
#10793 = ORIENTED_EDGE('',*,*,#10794,.F.);
#10794 = EDGE_CURVE('',#10795,#10787,#10797,.T.);
#10795 = VERTEX_POINT('',#10796);
#10796 = CARTESIAN_POINT('',(1.7,4.85,0.5));
#10797 = LINE('',#10798,#10799);
#10798 = CARTESIAN_POINT('',(1.277229299363,4.85,0.5));
#10799 = VECTOR('',#10800,1.);
#10800 = DIRECTION('',(-1.,0.,-6.870944347512E-33));
#10801 = ORIENTED_EDGE('',*,*,#10802,.F.);
#10802 = EDGE_CURVE('',#10803,#10795,#10805,.T.);
#10803 = VERTEX_POINT('',#10804);
#10804 = CARTESIAN_POINT('',(1.7,5.15,0.5));
#10805 = LINE('',#10806,#10807);
#10806 = CARTESIAN_POINT('',(1.7,6.5,0.5));
#10807 = VECTOR('',#10808,1.);
#10808 = DIRECTION('',(0.,-1.,0.));
#10809 = ORIENTED_EDGE('',*,*,#10810,.F.);
#10810 = EDGE_CURVE('',#10811,#10803,#10813,.T.);
#10811 = VERTEX_POINT('',#10812);
#10812 = CARTESIAN_POINT('',(1.6,5.15,0.5));
#10813 = LINE('',#10814,#10815);
#10814 = CARTESIAN_POINT('',(2.177229299363,5.15,0.5));
#10815 = VECTOR('',#10816,1.);
#10816 = DIRECTION('',(1.,0.,6.870944347512E-33));
#10817 = ORIENTED_EDGE('',*,*,#10818,.F.);
#10818 = EDGE_CURVE('',#10819,#10811,#10821,.T.);
#10819 = VERTEX_POINT('',#10820);
#10820 = CARTESIAN_POINT('',(1.6,5.35,0.5));
#10821 = LINE('',#10822,#10823);
#10822 = CARTESIAN_POINT('',(1.6,2.575,0.5));
#10823 = VECTOR('',#10824,1.);
#10824 = DIRECTION('',(0.,-1.,4.212116354185E-34));
#10825 = ORIENTED_EDGE('',*,*,#10826,.F.);
#10826 = EDGE_CURVE('',#10827,#10819,#10829,.T.);
#10827 = VERTEX_POINT('',#10828);
#10828 = CARTESIAN_POINT('',(1.7,5.35,0.5));
#10829 = LINE('',#10830,#10831);
#10830 = CARTESIAN_POINT('',(1.277229299363,5.35,0.5));
#10831 = VECTOR('',#10832,1.);
#10832 = DIRECTION('',(-1.,0.,-6.870944347512E-33));
#10833 = ORIENTED_EDGE('',*,*,#10834,.F.);
#10834 = EDGE_CURVE('',#10835,#10827,#10837,.T.);
#10835 = VERTEX_POINT('',#10836);
#10836 = CARTESIAN_POINT('',(1.7,5.65,0.5));
#10837 = LINE('',#10838,#10839);
#10838 = CARTESIAN_POINT('',(1.7,6.5,0.5));
#10839 = VECTOR('',#10840,1.);
#10840 = DIRECTION('',(0.,-1.,0.));
#10841 = ORIENTED_EDGE('',*,*,#10842,.F.);
#10842 = EDGE_CURVE('',#10843,#10835,#10845,.T.);
#10843 = VERTEX_POINT('',#10844);
#10844 = CARTESIAN_POINT('',(1.6,5.65,0.5));
#10845 = LINE('',#10846,#10847);
#10846 = CARTESIAN_POINT('',(2.177229299363,5.65,0.5));
#10847 = VECTOR('',#10848,1.);
#10848 = DIRECTION('',(1.,0.,6.870944347512E-33));
#10849 = ORIENTED_EDGE('',*,*,#10850,.F.);
#10850 = EDGE_CURVE('',#9979,#10843,#10851,.T.);
#10851 = LINE('',#10852,#10853);
#10852 = CARTESIAN_POINT('',(1.6,2.825,0.5));
#10853 = VECTOR('',#10854,1.);
#10854 = DIRECTION('',(0.,-1.,4.212116354185E-34));
#10855 = ORIENTED_EDGE('',*,*,#9978,.F.);
#10856 = PLANE('',#10857);
#10857 = AXIS2_PLACEMENT_3D('',#10858,#10859,#10860);
#10858 = CARTESIAN_POINT('',(0.954458598726,-5.940046755956E-16,0.5));
#10859 = DIRECTION('',(-6.870944347512E-33,4.212116354185E-34,1.));
#10860 = DIRECTION('',(1.,0.,6.870944347512E-33));
#10861 = ADVANCED_FACE('',(#10862),#10873,.T.);
#10862 = FACE_BOUND('',#10863,.T.);
#10863 = EDGE_LOOP('',(#10864,#10870,#10871,#10872));
#10864 = ORIENTED_EDGE('',*,*,#10865,.T.);
#10865 = EDGE_CURVE('',#9131,#10043,#10866,.T.);
#10866 = LINE('',#10867,#10868);
#10867 = CARTESIAN_POINT('',(0.6,6.5,0.2));
#10868 = VECTOR('',#10869,1.);
#10869 = DIRECTION('',(0.,0.,1.));
#10870 = ORIENTED_EDGE('',*,*,#10042,.T.);
#10871 = ORIENTED_EDGE('',*,*,#9099,.F.);
#10872 = ORIENTED_EDGE('',*,*,#9130,.F.);
#10873 = PLANE('',#10874);
#10874 = AXIS2_PLACEMENT_3D('',#10875,#10876,#10877);
#10875 = CARTESIAN_POINT('',(0.6,6.5,0.2));
#10876 = DIRECTION('',(0.,1.,0.));
#10877 = DIRECTION('',(1.,0.,0.));
#10878 = ADVANCED_FACE('',(#10879),#10897,.T.);
#10879 = FACE_BOUND('',#10880,.T.);
#10880 = EDGE_LOOP('',(#10881,#10889,#10895,#10896));
#10881 = ORIENTED_EDGE('',*,*,#10882,.F.);
#10882 = EDGE_CURVE('',#10883,#9961,#10885,.T.);
#10883 = VERTEX_POINT('',#10884);
#10884 = CARTESIAN_POINT('',(1.6,5.65,0.));
#10885 = LINE('',#10886,#10887);
#10886 = CARTESIAN_POINT('',(1.6,5.65,0.));
#10887 = VECTOR('',#10888,1.);
#10888 = DIRECTION('',(0.,1.,0.));
#10889 = ORIENTED_EDGE('',*,*,#10890,.T.);
#10890 = EDGE_CURVE('',#10883,#9931,#10891,.T.);
#10891 = LINE('',#10892,#10893);
#10892 = CARTESIAN_POINT('',(1.6,5.65,0.));
#10893 = VECTOR('',#10894,1.);
#10894 = DIRECTION('',(0.,0.,1.));
#10895 = ORIENTED_EDGE('',*,*,#9938,.F.);
#10896 = ORIENTED_EDGE('',*,*,#9970,.F.);
#10897 = PLANE('',#10898);
#10898 = AXIS2_PLACEMENT_3D('',#10899,#10900,#10901);
#10899 = CARTESIAN_POINT('',(1.6,5.65,0.));
#10900 = DIRECTION('',(-1.,0.,0.));
#10901 = DIRECTION('',(0.,1.,0.));
#10902 = ADVANCED_FACE('',(#10903),#10969,.T.);
#10903 = FACE_BOUND('',#10904,.T.);
#10904 = EDGE_LOOP('',(#10905,#10913,#10921,#10929,#10938,#10946,#10954,
    #10960,#10961,#10967,#10968));
#10905 = ORIENTED_EDGE('',*,*,#10906,.F.);
#10906 = EDGE_CURVE('',#10907,#10883,#10909,.T.);
#10907 = VERTEX_POINT('',#10908);
#10908 = CARTESIAN_POINT('',(3.4,5.65,0.));
#10909 = LINE('',#10910,#10911);
#10910 = CARTESIAN_POINT('',(3.4,5.65,0.));
#10911 = VECTOR('',#10912,1.);
#10912 = DIRECTION('',(-1.,0.,0.));
#10913 = ORIENTED_EDGE('',*,*,#10914,.T.);
#10914 = EDGE_CURVE('',#10907,#10915,#10917,.T.);
#10915 = VERTEX_POINT('',#10916);
#10916 = CARTESIAN_POINT('',(3.4,5.65,0.3));
#10917 = LINE('',#10918,#10919);
#10918 = CARTESIAN_POINT('',(3.4,5.65,0.));
#10919 = VECTOR('',#10920,1.);
#10920 = DIRECTION('',(0.,0.,1.));
#10921 = ORIENTED_EDGE('',*,*,#10922,.T.);
#10922 = EDGE_CURVE('',#10915,#10923,#10925,.T.);
#10923 = VERTEX_POINT('',#10924);
#10924 = CARTESIAN_POINT('',(2.9,5.65,0.3));
#10925 = LINE('',#10926,#10927);
#10926 = CARTESIAN_POINT('',(3.95,5.65,0.3));
#10927 = VECTOR('',#10928,1.);
#10928 = DIRECTION('',(-1.,0.,0.));
#10929 = ORIENTED_EDGE('',*,*,#10930,.F.);
#10930 = EDGE_CURVE('',#10931,#10923,#10933,.T.);
#10931 = VERTEX_POINT('',#10932);
#10932 = CARTESIAN_POINT('',(2.7,5.65,0.5));
#10933 = CIRCLE('',#10934,0.2);
#10934 = AXIS2_PLACEMENT_3D('',#10935,#10936,#10937);
#10935 = CARTESIAN_POINT('',(2.9,5.65,0.5));
#10936 = DIRECTION('',(0.,-1.,-2.22044604925E-16));
#10937 = DIRECTION('',(1.,0.,0.));
#10938 = ORIENTED_EDGE('',*,*,#10939,.T.);
#10939 = EDGE_CURVE('',#10931,#10940,#10942,.T.);
#10940 = VERTEX_POINT('',#10941);
#10941 = CARTESIAN_POINT('',(2.7,5.65,1.8));
#10942 = LINE('',#10943,#10944);
#10943 = CARTESIAN_POINT('',(2.7,5.65,0.25));
#10944 = VECTOR('',#10945,1.);
#10945 = DIRECTION('',(0.,0.,1.));
#10946 = ORIENTED_EDGE('',*,*,#10947,.T.);
#10947 = EDGE_CURVE('',#10940,#10948,#10950,.T.);
#10948 = VERTEX_POINT('',#10949);
#10949 = CARTESIAN_POINT('',(1.6,5.65,1.8));
#10950 = LINE('',#10951,#10952);
#10951 = CARTESIAN_POINT('',(3.4,5.65,1.8));
#10952 = VECTOR('',#10953,1.);
#10953 = DIRECTION('',(-1.,0.,0.));
#10954 = ORIENTED_EDGE('',*,*,#10955,.F.);
#10955 = EDGE_CURVE('',#10843,#10948,#10956,.T.);
#10956 = LINE('',#10957,#10958);
#10957 = CARTESIAN_POINT('',(1.6,5.65,0.));
#10958 = VECTOR('',#10959,1.);
#10959 = DIRECTION('',(0.,0.,1.));
#10960 = ORIENTED_EDGE('',*,*,#10842,.T.);
#10961 = ORIENTED_EDGE('',*,*,#10962,.T.);
#10962 = EDGE_CURVE('',#10835,#9923,#10963,.T.);
#10963 = LINE('',#10964,#10965);
#10964 = CARTESIAN_POINT('',(1.7,5.65,0.1));
#10965 = VECTOR('',#10966,1.);
#10966 = DIRECTION('',(0.,0.,-1.));
#10967 = ORIENTED_EDGE('',*,*,#9930,.F.);
#10968 = ORIENTED_EDGE('',*,*,#10890,.F.);
#10969 = PLANE('',#10970);
#10970 = AXIS2_PLACEMENT_3D('',#10971,#10972,#10973);
#10971 = CARTESIAN_POINT('',(3.4,5.65,0.));
#10972 = DIRECTION('',(0.,-1.,0.));
#10973 = DIRECTION('',(-1.,0.,0.));
#10974 = ADVANCED_FACE('',(#10975),#10986,.T.);
#10975 = FACE_BOUND('',#10976,.T.);
#10976 = EDGE_LOOP('',(#10977,#10978,#10979,#10980));
#10977 = ORIENTED_EDGE('',*,*,#9922,.F.);
#10978 = ORIENTED_EDGE('',*,*,#10962,.F.);
#10979 = ORIENTED_EDGE('',*,*,#10834,.T.);
#10980 = ORIENTED_EDGE('',*,*,#10981,.F.);
#10981 = EDGE_CURVE('',#9915,#10827,#10982,.T.);
#10982 = LINE('',#10983,#10984);
#10983 = CARTESIAN_POINT('',(1.7,5.35,0.1));
#10984 = VECTOR('',#10985,1.);
#10985 = DIRECTION('',(0.,0.,1.));
#10986 = PLANE('',#10987);
#10987 = AXIS2_PLACEMENT_3D('',#10988,#10989,#10990);
#10988 = CARTESIAN_POINT('',(1.7,6.5,0.2));
#10989 = DIRECTION('',(1.,0.,0.));
#10990 = DIRECTION('',(0.,-1.,0.));
#10991 = ADVANCED_FACE('',(#10992),#11060,.T.);
#10992 = FACE_BOUND('',#10993,.T.);
#10993 = EDGE_LOOP('',(#10994,#11004,#11010,#11011,#11012,#11013,#11021,
    #11029,#11037,#11046,#11054));
#10994 = ORIENTED_EDGE('',*,*,#10995,.F.);
#10995 = EDGE_CURVE('',#10996,#10998,#11000,.T.);
#10996 = VERTEX_POINT('',#10997);
#10997 = CARTESIAN_POINT('',(1.6,5.35,5.551115123126E-17));
#10998 = VERTEX_POINT('',#10999);
#10999 = CARTESIAN_POINT('',(3.4,5.35,5.551115123126E-17));
#11000 = LINE('',#11001,#11002);
#11001 = CARTESIAN_POINT('',(1.6,5.35,5.551115123126E-17));
#11002 = VECTOR('',#11003,1.);
#11003 = DIRECTION('',(1.,0.,0.));
#11004 = ORIENTED_EDGE('',*,*,#11005,.T.);
#11005 = EDGE_CURVE('',#10996,#9907,#11006,.T.);
#11006 = LINE('',#11007,#11008);
#11007 = CARTESIAN_POINT('',(1.6,5.35,5.551115123126E-17));
#11008 = VECTOR('',#11009,1.);
#11009 = DIRECTION('',(0.,0.,1.));
#11010 = ORIENTED_EDGE('',*,*,#9914,.F.);
#11011 = ORIENTED_EDGE('',*,*,#10981,.T.);
#11012 = ORIENTED_EDGE('',*,*,#10826,.T.);
#11013 = ORIENTED_EDGE('',*,*,#11014,.T.);
#11014 = EDGE_CURVE('',#10819,#11015,#11017,.T.);
#11015 = VERTEX_POINT('',#11016);
#11016 = CARTESIAN_POINT('',(1.6,5.35,1.8));
#11017 = LINE('',#11018,#11019);
#11018 = CARTESIAN_POINT('',(1.6,5.35,5.551115123126E-17));
#11019 = VECTOR('',#11020,1.);
#11020 = DIRECTION('',(0.,0.,1.));
#11021 = ORIENTED_EDGE('',*,*,#11022,.T.);
#11022 = EDGE_CURVE('',#11015,#11023,#11025,.T.);
#11023 = VERTEX_POINT('',#11024);
#11024 = CARTESIAN_POINT('',(2.7,5.35,1.8));
#11025 = LINE('',#11026,#11027);
#11026 = CARTESIAN_POINT('',(1.6,5.35,1.8));
#11027 = VECTOR('',#11028,1.);
#11028 = DIRECTION('',(1.,0.,0.));
#11029 = ORIENTED_EDGE('',*,*,#11030,.T.);
#11030 = EDGE_CURVE('',#11023,#11031,#11033,.T.);
#11031 = VERTEX_POINT('',#11032);
#11032 = CARTESIAN_POINT('',(2.7,5.35,0.5));
#11033 = LINE('',#11034,#11035);
#11034 = CARTESIAN_POINT('',(2.7,5.35,0.25));
#11035 = VECTOR('',#11036,1.);
#11036 = DIRECTION('',(0.,0.,-1.));
#11037 = ORIENTED_EDGE('',*,*,#11038,.T.);
#11038 = EDGE_CURVE('',#11031,#11039,#11041,.T.);
#11039 = VERTEX_POINT('',#11040);
#11040 = CARTESIAN_POINT('',(2.9,5.35,0.3));
#11041 = CIRCLE('',#11042,0.2);
#11042 = AXIS2_PLACEMENT_3D('',#11043,#11044,#11045);
#11043 = CARTESIAN_POINT('',(2.9,5.35,0.5));
#11044 = DIRECTION('',(0.,-1.,-2.22044604925E-16));
#11045 = DIRECTION('',(1.,0.,0.));
#11046 = ORIENTED_EDGE('',*,*,#11047,.T.);
#11047 = EDGE_CURVE('',#11039,#11048,#11050,.T.);
#11048 = VERTEX_POINT('',#11049);
#11049 = CARTESIAN_POINT('',(3.4,5.35,0.3));
#11050 = LINE('',#11051,#11052);
#11051 = CARTESIAN_POINT('',(3.05,5.35,0.3));
#11052 = VECTOR('',#11053,1.);
#11053 = DIRECTION('',(1.,0.,0.));
#11054 = ORIENTED_EDGE('',*,*,#11055,.F.);
#11055 = EDGE_CURVE('',#10998,#11048,#11056,.T.);
#11056 = LINE('',#11057,#11058);
#11057 = CARTESIAN_POINT('',(3.4,5.35,5.551115123126E-17));
#11058 = VECTOR('',#11059,1.);
#11059 = DIRECTION('',(0.,0.,1.));
#11060 = PLANE('',#11061);
#11061 = AXIS2_PLACEMENT_3D('',#11062,#11063,#11064);
#11062 = CARTESIAN_POINT('',(1.6,5.35,5.551115123126E-17));
#11063 = DIRECTION('',(0.,1.,0.));
#11064 = DIRECTION('',(1.,0.,0.));
#11065 = ADVANCED_FACE('',(#11066),#11084,.T.);
#11066 = FACE_BOUND('',#11067,.T.);
#11067 = EDGE_LOOP('',(#11068,#11076,#11082,#11083));
#11068 = ORIENTED_EDGE('',*,*,#11069,.F.);
#11069 = EDGE_CURVE('',#11070,#10996,#11072,.T.);
#11070 = VERTEX_POINT('',#11071);
#11071 = CARTESIAN_POINT('',(1.6,5.15,5.551115123126E-17));
#11072 = LINE('',#11073,#11074);
#11073 = CARTESIAN_POINT('',(1.6,5.15,5.551115123126E-17));
#11074 = VECTOR('',#11075,1.);
#11075 = DIRECTION('',(0.,1.,0.));
#11076 = ORIENTED_EDGE('',*,*,#11077,.T.);
#11077 = EDGE_CURVE('',#11070,#9899,#11078,.T.);
#11078 = LINE('',#11079,#11080);
#11079 = CARTESIAN_POINT('',(1.6,5.15,5.551115123126E-17));
#11080 = VECTOR('',#11081,1.);
#11081 = DIRECTION('',(0.,0.,1.));
#11082 = ORIENTED_EDGE('',*,*,#9906,.F.);
#11083 = ORIENTED_EDGE('',*,*,#11005,.F.);
#11084 = PLANE('',#11085);
#11085 = AXIS2_PLACEMENT_3D('',#11086,#11087,#11088);
#11086 = CARTESIAN_POINT('',(1.6,5.15,5.551115123126E-17));
#11087 = DIRECTION('',(-1.,0.,0.));
#11088 = DIRECTION('',(0.,1.,0.));
#11089 = ADVANCED_FACE('',(#11090),#11156,.T.);
#11090 = FACE_BOUND('',#11091,.T.);
#11091 = EDGE_LOOP('',(#11092,#11100,#11108,#11116,#11125,#11133,#11141,
    #11147,#11148,#11154,#11155));
#11092 = ORIENTED_EDGE('',*,*,#11093,.F.);
#11093 = EDGE_CURVE('',#11094,#11070,#11096,.T.);
#11094 = VERTEX_POINT('',#11095);
#11095 = CARTESIAN_POINT('',(3.4,5.15,5.551115123126E-17));
#11096 = LINE('',#11097,#11098);
#11097 = CARTESIAN_POINT('',(3.4,5.15,5.551115123126E-17));
#11098 = VECTOR('',#11099,1.);
#11099 = DIRECTION('',(-1.,0.,0.));
#11100 = ORIENTED_EDGE('',*,*,#11101,.T.);
#11101 = EDGE_CURVE('',#11094,#11102,#11104,.T.);
#11102 = VERTEX_POINT('',#11103);
#11103 = CARTESIAN_POINT('',(3.4,5.15,0.3));
#11104 = LINE('',#11105,#11106);
#11105 = CARTESIAN_POINT('',(3.4,5.15,5.551115123126E-17));
#11106 = VECTOR('',#11107,1.);
#11107 = DIRECTION('',(0.,0.,1.));
#11108 = ORIENTED_EDGE('',*,*,#11109,.T.);
#11109 = EDGE_CURVE('',#11102,#11110,#11112,.T.);
#11110 = VERTEX_POINT('',#11111);
#11111 = CARTESIAN_POINT('',(2.9,5.15,0.3));
#11112 = LINE('',#11113,#11114);
#11113 = CARTESIAN_POINT('',(3.95,5.15,0.3));
#11114 = VECTOR('',#11115,1.);
#11115 = DIRECTION('',(-1.,0.,0.));
#11116 = ORIENTED_EDGE('',*,*,#11117,.F.);
#11117 = EDGE_CURVE('',#11118,#11110,#11120,.T.);
#11118 = VERTEX_POINT('',#11119);
#11119 = CARTESIAN_POINT('',(2.7,5.15,0.5));
#11120 = CIRCLE('',#11121,0.2);
#11121 = AXIS2_PLACEMENT_3D('',#11122,#11123,#11124);
#11122 = CARTESIAN_POINT('',(2.9,5.15,0.5));
#11123 = DIRECTION('',(0.,-1.,-2.22044604925E-16));
#11124 = DIRECTION('',(1.,0.,0.));
#11125 = ORIENTED_EDGE('',*,*,#11126,.T.);
#11126 = EDGE_CURVE('',#11118,#11127,#11129,.T.);
#11127 = VERTEX_POINT('',#11128);
#11128 = CARTESIAN_POINT('',(2.7,5.15,1.8));
#11129 = LINE('',#11130,#11131);
#11130 = CARTESIAN_POINT('',(2.7,5.15,0.25));
#11131 = VECTOR('',#11132,1.);
#11132 = DIRECTION('',(0.,0.,1.));
#11133 = ORIENTED_EDGE('',*,*,#11134,.T.);
#11134 = EDGE_CURVE('',#11127,#11135,#11137,.T.);
#11135 = VERTEX_POINT('',#11136);
#11136 = CARTESIAN_POINT('',(1.6,5.15,1.8));
#11137 = LINE('',#11138,#11139);
#11138 = CARTESIAN_POINT('',(3.4,5.15,1.8));
#11139 = VECTOR('',#11140,1.);
#11140 = DIRECTION('',(-1.,0.,0.));
#11141 = ORIENTED_EDGE('',*,*,#11142,.F.);
#11142 = EDGE_CURVE('',#10811,#11135,#11143,.T.);
#11143 = LINE('',#11144,#11145);
#11144 = CARTESIAN_POINT('',(1.6,5.15,5.551115123126E-17));
#11145 = VECTOR('',#11146,1.);
#11146 = DIRECTION('',(0.,0.,1.));
#11147 = ORIENTED_EDGE('',*,*,#10810,.T.);
#11148 = ORIENTED_EDGE('',*,*,#11149,.T.);
#11149 = EDGE_CURVE('',#10803,#9891,#11150,.T.);
#11150 = LINE('',#11151,#11152);
#11151 = CARTESIAN_POINT('',(1.7,5.15,0.1));
#11152 = VECTOR('',#11153,1.);
#11153 = DIRECTION('',(0.,0.,-1.));
#11154 = ORIENTED_EDGE('',*,*,#9898,.F.);
#11155 = ORIENTED_EDGE('',*,*,#11077,.F.);
#11156 = PLANE('',#11157);
#11157 = AXIS2_PLACEMENT_3D('',#11158,#11159,#11160);
#11158 = CARTESIAN_POINT('',(3.4,5.15,5.551115123126E-17));
#11159 = DIRECTION('',(0.,-1.,0.));
#11160 = DIRECTION('',(-1.,0.,0.));
#11161 = ADVANCED_FACE('',(#11162),#11173,.T.);
#11162 = FACE_BOUND('',#11163,.T.);
#11163 = EDGE_LOOP('',(#11164,#11165,#11166,#11167));
#11164 = ORIENTED_EDGE('',*,*,#9890,.F.);
#11165 = ORIENTED_EDGE('',*,*,#11149,.F.);
#11166 = ORIENTED_EDGE('',*,*,#10802,.T.);
#11167 = ORIENTED_EDGE('',*,*,#11168,.F.);
#11168 = EDGE_CURVE('',#9883,#10795,#11169,.T.);
#11169 = LINE('',#11170,#11171);
#11170 = CARTESIAN_POINT('',(1.7,4.85,0.1));
#11171 = VECTOR('',#11172,1.);
#11172 = DIRECTION('',(0.,0.,1.));
#11173 = PLANE('',#11174);
#11174 = AXIS2_PLACEMENT_3D('',#11175,#11176,#11177);
#11175 = CARTESIAN_POINT('',(1.7,6.5,0.2));
#11176 = DIRECTION('',(1.,0.,0.));
#11177 = DIRECTION('',(0.,-1.,0.));
#11178 = ADVANCED_FACE('',(#11179),#11247,.T.);
#11179 = FACE_BOUND('',#11180,.T.);
#11180 = EDGE_LOOP('',(#11181,#11191,#11197,#11198,#11199,#11200,#11208,
    #11216,#11224,#11233,#11241));
#11181 = ORIENTED_EDGE('',*,*,#11182,.F.);
#11182 = EDGE_CURVE('',#11183,#11185,#11187,.T.);
#11183 = VERTEX_POINT('',#11184);
#11184 = CARTESIAN_POINT('',(1.6,4.85,1.110223024625E-16));
#11185 = VERTEX_POINT('',#11186);
#11186 = CARTESIAN_POINT('',(3.4,4.85,1.110223024625E-16));
#11187 = LINE('',#11188,#11189);
#11188 = CARTESIAN_POINT('',(1.6,4.85,1.110223024625E-16));
#11189 = VECTOR('',#11190,1.);
#11190 = DIRECTION('',(1.,0.,0.));
#11191 = ORIENTED_EDGE('',*,*,#11192,.T.);
#11192 = EDGE_CURVE('',#11183,#9875,#11193,.T.);
#11193 = LINE('',#11194,#11195);
#11194 = CARTESIAN_POINT('',(1.6,4.85,1.110223024625E-16));
#11195 = VECTOR('',#11196,1.);
#11196 = DIRECTION('',(0.,0.,1.));
#11197 = ORIENTED_EDGE('',*,*,#9882,.F.);
#11198 = ORIENTED_EDGE('',*,*,#11168,.T.);
#11199 = ORIENTED_EDGE('',*,*,#10794,.T.);
#11200 = ORIENTED_EDGE('',*,*,#11201,.T.);
#11201 = EDGE_CURVE('',#10787,#11202,#11204,.T.);
#11202 = VERTEX_POINT('',#11203);
#11203 = CARTESIAN_POINT('',(1.6,4.85,1.8));
#11204 = LINE('',#11205,#11206);
#11205 = CARTESIAN_POINT('',(1.6,4.85,1.110223024625E-16));
#11206 = VECTOR('',#11207,1.);
#11207 = DIRECTION('',(0.,0.,1.));
#11208 = ORIENTED_EDGE('',*,*,#11209,.T.);
#11209 = EDGE_CURVE('',#11202,#11210,#11212,.T.);
#11210 = VERTEX_POINT('',#11211);
#11211 = CARTESIAN_POINT('',(2.7,4.85,1.8));
#11212 = LINE('',#11213,#11214);
#11213 = CARTESIAN_POINT('',(1.6,4.85,1.8));
#11214 = VECTOR('',#11215,1.);
#11215 = DIRECTION('',(1.,0.,0.));
#11216 = ORIENTED_EDGE('',*,*,#11217,.T.);
#11217 = EDGE_CURVE('',#11210,#11218,#11220,.T.);
#11218 = VERTEX_POINT('',#11219);
#11219 = CARTESIAN_POINT('',(2.7,4.85,0.5));
#11220 = LINE('',#11221,#11222);
#11221 = CARTESIAN_POINT('',(2.7,4.85,0.25));
#11222 = VECTOR('',#11223,1.);
#11223 = DIRECTION('',(0.,0.,-1.));
#11224 = ORIENTED_EDGE('',*,*,#11225,.T.);
#11225 = EDGE_CURVE('',#11218,#11226,#11228,.T.);
#11226 = VERTEX_POINT('',#11227);
#11227 = CARTESIAN_POINT('',(2.9,4.85,0.3));
#11228 = CIRCLE('',#11229,0.2);
#11229 = AXIS2_PLACEMENT_3D('',#11230,#11231,#11232);
#11230 = CARTESIAN_POINT('',(2.9,4.85,0.5));
#11231 = DIRECTION('',(0.,-1.,-2.22044604925E-16));
#11232 = DIRECTION('',(1.,0.,0.));
#11233 = ORIENTED_EDGE('',*,*,#11234,.T.);
#11234 = EDGE_CURVE('',#11226,#11235,#11237,.T.);
#11235 = VERTEX_POINT('',#11236);
#11236 = CARTESIAN_POINT('',(3.4,4.85,0.3));
#11237 = LINE('',#11238,#11239);
#11238 = CARTESIAN_POINT('',(3.05,4.85,0.3));
#11239 = VECTOR('',#11240,1.);
#11240 = DIRECTION('',(1.,0.,0.));
#11241 = ORIENTED_EDGE('',*,*,#11242,.F.);
#11242 = EDGE_CURVE('',#11185,#11235,#11243,.T.);
#11243 = LINE('',#11244,#11245);
#11244 = CARTESIAN_POINT('',(3.4,4.85,1.110223024625E-16));
#11245 = VECTOR('',#11246,1.);
#11246 = DIRECTION('',(0.,0.,1.));
#11247 = PLANE('',#11248);
#11248 = AXIS2_PLACEMENT_3D('',#11249,#11250,#11251);
#11249 = CARTESIAN_POINT('',(1.6,4.85,1.110223024625E-16));
#11250 = DIRECTION('',(0.,1.,0.));
#11251 = DIRECTION('',(1.,0.,0.));
#11252 = ADVANCED_FACE('',(#11253),#11271,.T.);
#11253 = FACE_BOUND('',#11254,.T.);
#11254 = EDGE_LOOP('',(#11255,#11263,#11269,#11270));
#11255 = ORIENTED_EDGE('',*,*,#11256,.F.);
#11256 = EDGE_CURVE('',#11257,#11183,#11259,.T.);
#11257 = VERTEX_POINT('',#11258);
#11258 = CARTESIAN_POINT('',(1.6,4.65,1.110223024625E-16));
#11259 = LINE('',#11260,#11261);
#11260 = CARTESIAN_POINT('',(1.6,4.65,1.110223024625E-16));
#11261 = VECTOR('',#11262,1.);
#11262 = DIRECTION('',(0.,1.,0.));
#11263 = ORIENTED_EDGE('',*,*,#11264,.T.);
#11264 = EDGE_CURVE('',#11257,#9867,#11265,.T.);
#11265 = LINE('',#11266,#11267);
#11266 = CARTESIAN_POINT('',(1.6,4.65,1.110223024625E-16));
#11267 = VECTOR('',#11268,1.);
#11268 = DIRECTION('',(0.,0.,1.));
#11269 = ORIENTED_EDGE('',*,*,#9874,.F.);
#11270 = ORIENTED_EDGE('',*,*,#11192,.F.);
#11271 = PLANE('',#11272);
#11272 = AXIS2_PLACEMENT_3D('',#11273,#11274,#11275);
#11273 = CARTESIAN_POINT('',(1.6,4.65,1.110223024625E-16));
#11274 = DIRECTION('',(-1.,0.,0.));
#11275 = DIRECTION('',(0.,1.,0.));
#11276 = ADVANCED_FACE('',(#11277),#11343,.T.);
#11277 = FACE_BOUND('',#11278,.T.);
#11278 = EDGE_LOOP('',(#11279,#11287,#11295,#11303,#11312,#11320,#11328,
    #11334,#11335,#11341,#11342));
#11279 = ORIENTED_EDGE('',*,*,#11280,.F.);
#11280 = EDGE_CURVE('',#11281,#11257,#11283,.T.);
#11281 = VERTEX_POINT('',#11282);
#11282 = CARTESIAN_POINT('',(3.4,4.65,1.110223024625E-16));
#11283 = LINE('',#11284,#11285);
#11284 = CARTESIAN_POINT('',(3.4,4.65,1.110223024625E-16));
#11285 = VECTOR('',#11286,1.);
#11286 = DIRECTION('',(-1.,0.,0.));
#11287 = ORIENTED_EDGE('',*,*,#11288,.T.);
#11288 = EDGE_CURVE('',#11281,#11289,#11291,.T.);
#11289 = VERTEX_POINT('',#11290);
#11290 = CARTESIAN_POINT('',(3.4,4.65,0.3));
#11291 = LINE('',#11292,#11293);
#11292 = CARTESIAN_POINT('',(3.4,4.65,1.110223024625E-16));
#11293 = VECTOR('',#11294,1.);
#11294 = DIRECTION('',(0.,0.,1.));
#11295 = ORIENTED_EDGE('',*,*,#11296,.T.);
#11296 = EDGE_CURVE('',#11289,#11297,#11299,.T.);
#11297 = VERTEX_POINT('',#11298);
#11298 = CARTESIAN_POINT('',(2.9,4.65,0.3));
#11299 = LINE('',#11300,#11301);
#11300 = CARTESIAN_POINT('',(3.95,4.65,0.3));
#11301 = VECTOR('',#11302,1.);
#11302 = DIRECTION('',(-1.,0.,0.));
#11303 = ORIENTED_EDGE('',*,*,#11304,.F.);
#11304 = EDGE_CURVE('',#11305,#11297,#11307,.T.);
#11305 = VERTEX_POINT('',#11306);
#11306 = CARTESIAN_POINT('',(2.7,4.65,0.5));
#11307 = CIRCLE('',#11308,0.2);
#11308 = AXIS2_PLACEMENT_3D('',#11309,#11310,#11311);
#11309 = CARTESIAN_POINT('',(2.9,4.65,0.5));
#11310 = DIRECTION('',(0.,-1.,-2.22044604925E-16));
#11311 = DIRECTION('',(1.,0.,0.));
#11312 = ORIENTED_EDGE('',*,*,#11313,.T.);
#11313 = EDGE_CURVE('',#11305,#11314,#11316,.T.);
#11314 = VERTEX_POINT('',#11315);
#11315 = CARTESIAN_POINT('',(2.7,4.65,1.8));
#11316 = LINE('',#11317,#11318);
#11317 = CARTESIAN_POINT('',(2.7,4.65,0.25));
#11318 = VECTOR('',#11319,1.);
#11319 = DIRECTION('',(0.,0.,1.));
#11320 = ORIENTED_EDGE('',*,*,#11321,.T.);
#11321 = EDGE_CURVE('',#11314,#11322,#11324,.T.);
#11322 = VERTEX_POINT('',#11323);
#11323 = CARTESIAN_POINT('',(1.6,4.65,1.8));
#11324 = LINE('',#11325,#11326);
#11325 = CARTESIAN_POINT('',(3.4,4.65,1.8));
#11326 = VECTOR('',#11327,1.);
#11327 = DIRECTION('',(-1.,0.,0.));
#11328 = ORIENTED_EDGE('',*,*,#11329,.F.);
#11329 = EDGE_CURVE('',#10779,#11322,#11330,.T.);
#11330 = LINE('',#11331,#11332);
#11331 = CARTESIAN_POINT('',(1.6,4.65,1.110223024625E-16));
#11332 = VECTOR('',#11333,1.);
#11333 = DIRECTION('',(0.,0.,1.));
#11334 = ORIENTED_EDGE('',*,*,#10778,.T.);
#11335 = ORIENTED_EDGE('',*,*,#11336,.T.);
#11336 = EDGE_CURVE('',#10771,#9859,#11337,.T.);
#11337 = LINE('',#11338,#11339);
#11338 = CARTESIAN_POINT('',(1.7,4.65,0.1));
#11339 = VECTOR('',#11340,1.);
#11340 = DIRECTION('',(0.,0.,-1.));
#11341 = ORIENTED_EDGE('',*,*,#9866,.F.);
#11342 = ORIENTED_EDGE('',*,*,#11264,.F.);
#11343 = PLANE('',#11344);
#11344 = AXIS2_PLACEMENT_3D('',#11345,#11346,#11347);
#11345 = CARTESIAN_POINT('',(3.4,4.65,1.110223024625E-16));
#11346 = DIRECTION('',(0.,-1.,0.));
#11347 = DIRECTION('',(-1.,0.,0.));
#11348 = ADVANCED_FACE('',(#11349),#11360,.T.);
#11349 = FACE_BOUND('',#11350,.T.);
#11350 = EDGE_LOOP('',(#11351,#11352,#11353,#11354));
#11351 = ORIENTED_EDGE('',*,*,#9858,.F.);
#11352 = ORIENTED_EDGE('',*,*,#11336,.F.);
#11353 = ORIENTED_EDGE('',*,*,#10770,.T.);
#11354 = ORIENTED_EDGE('',*,*,#11355,.F.);
#11355 = EDGE_CURVE('',#9851,#10763,#11356,.T.);
#11356 = LINE('',#11357,#11358);
#11357 = CARTESIAN_POINT('',(1.7,4.35,0.1));
#11358 = VECTOR('',#11359,1.);
#11359 = DIRECTION('',(0.,0.,1.));
#11360 = PLANE('',#11361);
#11361 = AXIS2_PLACEMENT_3D('',#11362,#11363,#11364);
#11362 = CARTESIAN_POINT('',(1.7,6.5,0.2));
#11363 = DIRECTION('',(1.,0.,0.));
#11364 = DIRECTION('',(0.,-1.,0.));
#11365 = ADVANCED_FACE('',(#11366),#11434,.T.);
#11366 = FACE_BOUND('',#11367,.T.);
#11367 = EDGE_LOOP('',(#11368,#11378,#11384,#11385,#11386,#11387,#11395,
    #11403,#11411,#11420,#11428));
#11368 = ORIENTED_EDGE('',*,*,#11369,.F.);
#11369 = EDGE_CURVE('',#11370,#11372,#11374,.T.);
#11370 = VERTEX_POINT('',#11371);
#11371 = CARTESIAN_POINT('',(1.6,4.35,1.665334536938E-16));
#11372 = VERTEX_POINT('',#11373);
#11373 = CARTESIAN_POINT('',(3.4,4.35,1.665334536938E-16));
#11374 = LINE('',#11375,#11376);
#11375 = CARTESIAN_POINT('',(1.6,4.35,1.665334536938E-16));
#11376 = VECTOR('',#11377,1.);
#11377 = DIRECTION('',(1.,0.,0.));
#11378 = ORIENTED_EDGE('',*,*,#11379,.T.);
#11379 = EDGE_CURVE('',#11370,#9843,#11380,.T.);
#11380 = LINE('',#11381,#11382);
#11381 = CARTESIAN_POINT('',(1.6,4.35,1.665334536938E-16));
#11382 = VECTOR('',#11383,1.);
#11383 = DIRECTION('',(0.,0.,1.));
#11384 = ORIENTED_EDGE('',*,*,#9850,.F.);
#11385 = ORIENTED_EDGE('',*,*,#11355,.T.);
#11386 = ORIENTED_EDGE('',*,*,#10762,.T.);
#11387 = ORIENTED_EDGE('',*,*,#11388,.T.);
#11388 = EDGE_CURVE('',#10755,#11389,#11391,.T.);
#11389 = VERTEX_POINT('',#11390);
#11390 = CARTESIAN_POINT('',(1.6,4.35,1.8));
#11391 = LINE('',#11392,#11393);
#11392 = CARTESIAN_POINT('',(1.6,4.35,1.665334536938E-16));
#11393 = VECTOR('',#11394,1.);
#11394 = DIRECTION('',(0.,0.,1.));
#11395 = ORIENTED_EDGE('',*,*,#11396,.T.);
#11396 = EDGE_CURVE('',#11389,#11397,#11399,.T.);
#11397 = VERTEX_POINT('',#11398);
#11398 = CARTESIAN_POINT('',(2.7,4.35,1.8));
#11399 = LINE('',#11400,#11401);
#11400 = CARTESIAN_POINT('',(1.6,4.35,1.8));
#11401 = VECTOR('',#11402,1.);
#11402 = DIRECTION('',(1.,0.,0.));
#11403 = ORIENTED_EDGE('',*,*,#11404,.T.);
#11404 = EDGE_CURVE('',#11397,#11405,#11407,.T.);
#11405 = VERTEX_POINT('',#11406);
#11406 = CARTESIAN_POINT('',(2.7,4.35,0.5));
#11407 = LINE('',#11408,#11409);
#11408 = CARTESIAN_POINT('',(2.7,4.35,0.25));
#11409 = VECTOR('',#11410,1.);
#11410 = DIRECTION('',(0.,0.,-1.));
#11411 = ORIENTED_EDGE('',*,*,#11412,.T.);
#11412 = EDGE_CURVE('',#11405,#11413,#11415,.T.);
#11413 = VERTEX_POINT('',#11414);
#11414 = CARTESIAN_POINT('',(2.9,4.35,0.3));
#11415 = CIRCLE('',#11416,0.2);
#11416 = AXIS2_PLACEMENT_3D('',#11417,#11418,#11419);
#11417 = CARTESIAN_POINT('',(2.9,4.35,0.5));
#11418 = DIRECTION('',(0.,-1.,-2.22044604925E-16));
#11419 = DIRECTION('',(1.,0.,0.));
#11420 = ORIENTED_EDGE('',*,*,#11421,.T.);
#11421 = EDGE_CURVE('',#11413,#11422,#11424,.T.);
#11422 = VERTEX_POINT('',#11423);
#11423 = CARTESIAN_POINT('',(3.4,4.35,0.3));
#11424 = LINE('',#11425,#11426);
#11425 = CARTESIAN_POINT('',(3.05,4.35,0.3));
#11426 = VECTOR('',#11427,1.);
#11427 = DIRECTION('',(1.,0.,0.));
#11428 = ORIENTED_EDGE('',*,*,#11429,.F.);
#11429 = EDGE_CURVE('',#11372,#11422,#11430,.T.);
#11430 = LINE('',#11431,#11432);
#11431 = CARTESIAN_POINT('',(3.4,4.35,1.665334536938E-16));
#11432 = VECTOR('',#11433,1.);
#11433 = DIRECTION('',(0.,0.,1.));
#11434 = PLANE('',#11435);
#11435 = AXIS2_PLACEMENT_3D('',#11436,#11437,#11438);
#11436 = CARTESIAN_POINT('',(1.6,4.35,1.665334536938E-16));
#11437 = DIRECTION('',(0.,1.,0.));
#11438 = DIRECTION('',(1.,0.,0.));
#11439 = ADVANCED_FACE('',(#11440),#11458,.T.);
#11440 = FACE_BOUND('',#11441,.T.);
#11441 = EDGE_LOOP('',(#11442,#11450,#11456,#11457));
#11442 = ORIENTED_EDGE('',*,*,#11443,.F.);
#11443 = EDGE_CURVE('',#11444,#11370,#11446,.T.);
#11444 = VERTEX_POINT('',#11445);
#11445 = CARTESIAN_POINT('',(1.6,4.15,1.665334536938E-16));
#11446 = LINE('',#11447,#11448);
#11447 = CARTESIAN_POINT('',(1.6,4.15,1.665334536938E-16));
#11448 = VECTOR('',#11449,1.);
#11449 = DIRECTION('',(0.,1.,0.));
#11450 = ORIENTED_EDGE('',*,*,#11451,.T.);
#11451 = EDGE_CURVE('',#11444,#9835,#11452,.T.);
#11452 = LINE('',#11453,#11454);
#11453 = CARTESIAN_POINT('',(1.6,4.15,1.665334536938E-16));
#11454 = VECTOR('',#11455,1.);
#11455 = DIRECTION('',(0.,0.,1.));
#11456 = ORIENTED_EDGE('',*,*,#9842,.F.);
#11457 = ORIENTED_EDGE('',*,*,#11379,.F.);
#11458 = PLANE('',#11459);
#11459 = AXIS2_PLACEMENT_3D('',#11460,#11461,#11462);
#11460 = CARTESIAN_POINT('',(1.6,4.15,1.665334536938E-16));
#11461 = DIRECTION('',(-1.,0.,0.));
#11462 = DIRECTION('',(0.,1.,0.));
#11463 = ADVANCED_FACE('',(#11464),#11530,.T.);
#11464 = FACE_BOUND('',#11465,.T.);
#11465 = EDGE_LOOP('',(#11466,#11474,#11482,#11490,#11499,#11507,#11515,
    #11521,#11522,#11528,#11529));
#11466 = ORIENTED_EDGE('',*,*,#11467,.F.);
#11467 = EDGE_CURVE('',#11468,#11444,#11470,.T.);
#11468 = VERTEX_POINT('',#11469);
#11469 = CARTESIAN_POINT('',(3.4,4.15,1.665334536938E-16));
#11470 = LINE('',#11471,#11472);
#11471 = CARTESIAN_POINT('',(3.4,4.15,1.665334536938E-16));
#11472 = VECTOR('',#11473,1.);
#11473 = DIRECTION('',(-1.,0.,0.));
#11474 = ORIENTED_EDGE('',*,*,#11475,.T.);
#11475 = EDGE_CURVE('',#11468,#11476,#11478,.T.);
#11476 = VERTEX_POINT('',#11477);
#11477 = CARTESIAN_POINT('',(3.4,4.15,0.3));
#11478 = LINE('',#11479,#11480);
#11479 = CARTESIAN_POINT('',(3.4,4.15,1.665334536938E-16));
#11480 = VECTOR('',#11481,1.);
#11481 = DIRECTION('',(0.,0.,1.));
#11482 = ORIENTED_EDGE('',*,*,#11483,.T.);
#11483 = EDGE_CURVE('',#11476,#11484,#11486,.T.);
#11484 = VERTEX_POINT('',#11485);
#11485 = CARTESIAN_POINT('',(2.9,4.15,0.3));
#11486 = LINE('',#11487,#11488);
#11487 = CARTESIAN_POINT('',(3.95,4.15,0.3));
#11488 = VECTOR('',#11489,1.);
#11489 = DIRECTION('',(-1.,0.,0.));
#11490 = ORIENTED_EDGE('',*,*,#11491,.F.);
#11491 = EDGE_CURVE('',#11492,#11484,#11494,.T.);
#11492 = VERTEX_POINT('',#11493);
#11493 = CARTESIAN_POINT('',(2.7,4.15,0.5));
#11494 = CIRCLE('',#11495,0.2);
#11495 = AXIS2_PLACEMENT_3D('',#11496,#11497,#11498);
#11496 = CARTESIAN_POINT('',(2.9,4.15,0.5));
#11497 = DIRECTION('',(0.,-1.,-2.22044604925E-16));
#11498 = DIRECTION('',(1.,0.,0.));
#11499 = ORIENTED_EDGE('',*,*,#11500,.T.);
#11500 = EDGE_CURVE('',#11492,#11501,#11503,.T.);
#11501 = VERTEX_POINT('',#11502);
#11502 = CARTESIAN_POINT('',(2.7,4.15,1.8));
#11503 = LINE('',#11504,#11505);
#11504 = CARTESIAN_POINT('',(2.7,4.15,0.25));
#11505 = VECTOR('',#11506,1.);
#11506 = DIRECTION('',(0.,0.,1.));
#11507 = ORIENTED_EDGE('',*,*,#11508,.T.);
#11508 = EDGE_CURVE('',#11501,#11509,#11511,.T.);
#11509 = VERTEX_POINT('',#11510);
#11510 = CARTESIAN_POINT('',(1.6,4.15,1.8));
#11511 = LINE('',#11512,#11513);
#11512 = CARTESIAN_POINT('',(3.4,4.15,1.8));
#11513 = VECTOR('',#11514,1.);
#11514 = DIRECTION('',(-1.,0.,0.));
#11515 = ORIENTED_EDGE('',*,*,#11516,.F.);
#11516 = EDGE_CURVE('',#10747,#11509,#11517,.T.);
#11517 = LINE('',#11518,#11519);
#11518 = CARTESIAN_POINT('',(1.6,4.15,1.665334536938E-16));
#11519 = VECTOR('',#11520,1.);
#11520 = DIRECTION('',(0.,0.,1.));
#11521 = ORIENTED_EDGE('',*,*,#10746,.T.);
#11522 = ORIENTED_EDGE('',*,*,#11523,.T.);
#11523 = EDGE_CURVE('',#10739,#9827,#11524,.T.);
#11524 = LINE('',#11525,#11526);
#11525 = CARTESIAN_POINT('',(1.7,4.15,0.1));
#11526 = VECTOR('',#11527,1.);
#11527 = DIRECTION('',(0.,0.,-1.));
#11528 = ORIENTED_EDGE('',*,*,#9834,.F.);
#11529 = ORIENTED_EDGE('',*,*,#11451,.F.);
#11530 = PLANE('',#11531);
#11531 = AXIS2_PLACEMENT_3D('',#11532,#11533,#11534);
#11532 = CARTESIAN_POINT('',(3.4,4.15,1.665334536938E-16));
#11533 = DIRECTION('',(0.,-1.,0.));
#11534 = DIRECTION('',(-1.,0.,0.));
#11535 = ADVANCED_FACE('',(#11536),#11547,.T.);
#11536 = FACE_BOUND('',#11537,.T.);
#11537 = EDGE_LOOP('',(#11538,#11539,#11540,#11541));
#11538 = ORIENTED_EDGE('',*,*,#9826,.F.);
#11539 = ORIENTED_EDGE('',*,*,#11523,.F.);
#11540 = ORIENTED_EDGE('',*,*,#10738,.T.);
#11541 = ORIENTED_EDGE('',*,*,#11542,.F.);
#11542 = EDGE_CURVE('',#9819,#10731,#11543,.T.);
#11543 = LINE('',#11544,#11545);
#11544 = CARTESIAN_POINT('',(1.7,3.85,0.1));
#11545 = VECTOR('',#11546,1.);
#11546 = DIRECTION('',(0.,0.,1.));
#11547 = PLANE('',#11548);
#11548 = AXIS2_PLACEMENT_3D('',#11549,#11550,#11551);
#11549 = CARTESIAN_POINT('',(1.7,6.5,0.2));
#11550 = DIRECTION('',(1.,0.,0.));
#11551 = DIRECTION('',(0.,-1.,0.));
#11552 = ADVANCED_FACE('',(#11553),#11621,.T.);
#11553 = FACE_BOUND('',#11554,.T.);
#11554 = EDGE_LOOP('',(#11555,#11565,#11571,#11572,#11573,#11574,#11582,
    #11590,#11598,#11607,#11615));
#11555 = ORIENTED_EDGE('',*,*,#11556,.F.);
#11556 = EDGE_CURVE('',#11557,#11559,#11561,.T.);
#11557 = VERTEX_POINT('',#11558);
#11558 = CARTESIAN_POINT('',(1.6,3.85,2.22044604925E-16));
#11559 = VERTEX_POINT('',#11560);
#11560 = CARTESIAN_POINT('',(3.4,3.85,2.22044604925E-16));
#11561 = LINE('',#11562,#11563);
#11562 = CARTESIAN_POINT('',(1.6,3.85,2.22044604925E-16));
#11563 = VECTOR('',#11564,1.);
#11564 = DIRECTION('',(1.,0.,0.));
#11565 = ORIENTED_EDGE('',*,*,#11566,.T.);
#11566 = EDGE_CURVE('',#11557,#9811,#11567,.T.);
#11567 = LINE('',#11568,#11569);
#11568 = CARTESIAN_POINT('',(1.6,3.85,2.22044604925E-16));
#11569 = VECTOR('',#11570,1.);
#11570 = DIRECTION('',(0.,0.,1.));
#11571 = ORIENTED_EDGE('',*,*,#9818,.F.);
#11572 = ORIENTED_EDGE('',*,*,#11542,.T.);
#11573 = ORIENTED_EDGE('',*,*,#10730,.T.);
#11574 = ORIENTED_EDGE('',*,*,#11575,.T.);
#11575 = EDGE_CURVE('',#10723,#11576,#11578,.T.);
#11576 = VERTEX_POINT('',#11577);
#11577 = CARTESIAN_POINT('',(1.6,3.85,1.8));
#11578 = LINE('',#11579,#11580);
#11579 = CARTESIAN_POINT('',(1.6,3.85,2.22044604925E-16));
#11580 = VECTOR('',#11581,1.);
#11581 = DIRECTION('',(0.,0.,1.));
#11582 = ORIENTED_EDGE('',*,*,#11583,.T.);
#11583 = EDGE_CURVE('',#11576,#11584,#11586,.T.);
#11584 = VERTEX_POINT('',#11585);
#11585 = CARTESIAN_POINT('',(2.7,3.85,1.8));
#11586 = LINE('',#11587,#11588);
#11587 = CARTESIAN_POINT('',(1.6,3.85,1.8));
#11588 = VECTOR('',#11589,1.);
#11589 = DIRECTION('',(1.,0.,0.));
#11590 = ORIENTED_EDGE('',*,*,#11591,.T.);
#11591 = EDGE_CURVE('',#11584,#11592,#11594,.T.);
#11592 = VERTEX_POINT('',#11593);
#11593 = CARTESIAN_POINT('',(2.7,3.85,0.5));
#11594 = LINE('',#11595,#11596);
#11595 = CARTESIAN_POINT('',(2.7,3.85,0.25));
#11596 = VECTOR('',#11597,1.);
#11597 = DIRECTION('',(0.,0.,-1.));
#11598 = ORIENTED_EDGE('',*,*,#11599,.T.);
#11599 = EDGE_CURVE('',#11592,#11600,#11602,.T.);
#11600 = VERTEX_POINT('',#11601);
#11601 = CARTESIAN_POINT('',(2.9,3.85,0.3));
#11602 = CIRCLE('',#11603,0.2);
#11603 = AXIS2_PLACEMENT_3D('',#11604,#11605,#11606);
#11604 = CARTESIAN_POINT('',(2.9,3.85,0.5));
#11605 = DIRECTION('',(0.,-1.,-2.22044604925E-16));
#11606 = DIRECTION('',(1.,0.,0.));
#11607 = ORIENTED_EDGE('',*,*,#11608,.T.);
#11608 = EDGE_CURVE('',#11600,#11609,#11611,.T.);
#11609 = VERTEX_POINT('',#11610);
#11610 = CARTESIAN_POINT('',(3.4,3.85,0.3));
#11611 = LINE('',#11612,#11613);
#11612 = CARTESIAN_POINT('',(3.05,3.85,0.3));
#11613 = VECTOR('',#11614,1.);
#11614 = DIRECTION('',(1.,0.,0.));
#11615 = ORIENTED_EDGE('',*,*,#11616,.F.);
#11616 = EDGE_CURVE('',#11559,#11609,#11617,.T.);
#11617 = LINE('',#11618,#11619);
#11618 = CARTESIAN_POINT('',(3.4,3.85,2.22044604925E-16));
#11619 = VECTOR('',#11620,1.);
#11620 = DIRECTION('',(0.,0.,1.));
#11621 = PLANE('',#11622);
#11622 = AXIS2_PLACEMENT_3D('',#11623,#11624,#11625);
#11623 = CARTESIAN_POINT('',(1.6,3.85,2.22044604925E-16));
#11624 = DIRECTION('',(0.,1.,0.));
#11625 = DIRECTION('',(1.,0.,0.));
#11626 = ADVANCED_FACE('',(#11627),#11645,.T.);
#11627 = FACE_BOUND('',#11628,.T.);
#11628 = EDGE_LOOP('',(#11629,#11637,#11643,#11644));
#11629 = ORIENTED_EDGE('',*,*,#11630,.F.);
#11630 = EDGE_CURVE('',#11631,#11557,#11633,.T.);
#11631 = VERTEX_POINT('',#11632);
#11632 = CARTESIAN_POINT('',(1.6,3.65,2.22044604925E-16));
#11633 = LINE('',#11634,#11635);
#11634 = CARTESIAN_POINT('',(1.6,3.65,2.22044604925E-16));
#11635 = VECTOR('',#11636,1.);
#11636 = DIRECTION('',(0.,1.,0.));
#11637 = ORIENTED_EDGE('',*,*,#11638,.T.);
#11638 = EDGE_CURVE('',#11631,#9803,#11639,.T.);
#11639 = LINE('',#11640,#11641);
#11640 = CARTESIAN_POINT('',(1.6,3.65,2.22044604925E-16));
#11641 = VECTOR('',#11642,1.);
#11642 = DIRECTION('',(0.,0.,1.));
#11643 = ORIENTED_EDGE('',*,*,#9810,.F.);
#11644 = ORIENTED_EDGE('',*,*,#11566,.F.);
#11645 = PLANE('',#11646);
#11646 = AXIS2_PLACEMENT_3D('',#11647,#11648,#11649);
#11647 = CARTESIAN_POINT('',(1.6,3.65,2.22044604925E-16));
#11648 = DIRECTION('',(-1.,0.,0.));
#11649 = DIRECTION('',(0.,1.,0.));
#11650 = ADVANCED_FACE('',(#11651),#11717,.T.);
#11651 = FACE_BOUND('',#11652,.T.);
#11652 = EDGE_LOOP('',(#11653,#11661,#11669,#11677,#11686,#11694,#11702,
    #11708,#11709,#11715,#11716));
#11653 = ORIENTED_EDGE('',*,*,#11654,.F.);
#11654 = EDGE_CURVE('',#11655,#11631,#11657,.T.);
#11655 = VERTEX_POINT('',#11656);
#11656 = CARTESIAN_POINT('',(3.4,3.65,2.22044604925E-16));
#11657 = LINE('',#11658,#11659);
#11658 = CARTESIAN_POINT('',(3.4,3.65,2.22044604925E-16));
#11659 = VECTOR('',#11660,1.);
#11660 = DIRECTION('',(-1.,0.,0.));
#11661 = ORIENTED_EDGE('',*,*,#11662,.T.);
#11662 = EDGE_CURVE('',#11655,#11663,#11665,.T.);
#11663 = VERTEX_POINT('',#11664);
#11664 = CARTESIAN_POINT('',(3.4,3.65,0.3));
#11665 = LINE('',#11666,#11667);
#11666 = CARTESIAN_POINT('',(3.4,3.65,2.22044604925E-16));
#11667 = VECTOR('',#11668,1.);
#11668 = DIRECTION('',(0.,0.,1.));
#11669 = ORIENTED_EDGE('',*,*,#11670,.T.);
#11670 = EDGE_CURVE('',#11663,#11671,#11673,.T.);
#11671 = VERTEX_POINT('',#11672);
#11672 = CARTESIAN_POINT('',(2.9,3.65,0.3));
#11673 = LINE('',#11674,#11675);
#11674 = CARTESIAN_POINT('',(3.95,3.65,0.3));
#11675 = VECTOR('',#11676,1.);
#11676 = DIRECTION('',(-1.,0.,0.));
#11677 = ORIENTED_EDGE('',*,*,#11678,.F.);
#11678 = EDGE_CURVE('',#11679,#11671,#11681,.T.);
#11679 = VERTEX_POINT('',#11680);
#11680 = CARTESIAN_POINT('',(2.7,3.65,0.5));
#11681 = CIRCLE('',#11682,0.2);
#11682 = AXIS2_PLACEMENT_3D('',#11683,#11684,#11685);
#11683 = CARTESIAN_POINT('',(2.9,3.65,0.5));
#11684 = DIRECTION('',(0.,-1.,-2.22044604925E-16));
#11685 = DIRECTION('',(1.,0.,0.));
#11686 = ORIENTED_EDGE('',*,*,#11687,.T.);
#11687 = EDGE_CURVE('',#11679,#11688,#11690,.T.);
#11688 = VERTEX_POINT('',#11689);
#11689 = CARTESIAN_POINT('',(2.7,3.65,1.8));
#11690 = LINE('',#11691,#11692);
#11691 = CARTESIAN_POINT('',(2.7,3.65,0.25));
#11692 = VECTOR('',#11693,1.);
#11693 = DIRECTION('',(0.,0.,1.));
#11694 = ORIENTED_EDGE('',*,*,#11695,.T.);
#11695 = EDGE_CURVE('',#11688,#11696,#11698,.T.);
#11696 = VERTEX_POINT('',#11697);
#11697 = CARTESIAN_POINT('',(1.6,3.65,1.8));
#11698 = LINE('',#11699,#11700);
#11699 = CARTESIAN_POINT('',(3.4,3.65,1.8));
#11700 = VECTOR('',#11701,1.);
#11701 = DIRECTION('',(-1.,0.,0.));
#11702 = ORIENTED_EDGE('',*,*,#11703,.F.);
#11703 = EDGE_CURVE('',#10715,#11696,#11704,.T.);
#11704 = LINE('',#11705,#11706);
#11705 = CARTESIAN_POINT('',(1.6,3.65,2.22044604925E-16));
#11706 = VECTOR('',#11707,1.);
#11707 = DIRECTION('',(0.,0.,1.));
#11708 = ORIENTED_EDGE('',*,*,#10714,.T.);
#11709 = ORIENTED_EDGE('',*,*,#11710,.T.);
#11710 = EDGE_CURVE('',#10707,#9795,#11711,.T.);
#11711 = LINE('',#11712,#11713);
#11712 = CARTESIAN_POINT('',(1.7,3.65,0.1));
#11713 = VECTOR('',#11714,1.);
#11714 = DIRECTION('',(0.,0.,-1.));
#11715 = ORIENTED_EDGE('',*,*,#9802,.F.);
#11716 = ORIENTED_EDGE('',*,*,#11638,.F.);
#11717 = PLANE('',#11718);
#11718 = AXIS2_PLACEMENT_3D('',#11719,#11720,#11721);
#11719 = CARTESIAN_POINT('',(3.4,3.65,2.22044604925E-16));
#11720 = DIRECTION('',(0.,-1.,0.));
#11721 = DIRECTION('',(-1.,0.,0.));
#11722 = ADVANCED_FACE('',(#11723),#11734,.T.);
#11723 = FACE_BOUND('',#11724,.T.);
#11724 = EDGE_LOOP('',(#11725,#11726,#11727,#11728));
#11725 = ORIENTED_EDGE('',*,*,#9794,.F.);
#11726 = ORIENTED_EDGE('',*,*,#11710,.F.);
#11727 = ORIENTED_EDGE('',*,*,#10706,.T.);
#11728 = ORIENTED_EDGE('',*,*,#11729,.F.);
#11729 = EDGE_CURVE('',#9787,#10699,#11730,.T.);
#11730 = LINE('',#11731,#11732);
#11731 = CARTESIAN_POINT('',(1.7,3.35,0.1));
#11732 = VECTOR('',#11733,1.);
#11733 = DIRECTION('',(0.,0.,1.));
#11734 = PLANE('',#11735);
#11735 = AXIS2_PLACEMENT_3D('',#11736,#11737,#11738);
#11736 = CARTESIAN_POINT('',(1.7,6.5,0.2));
#11737 = DIRECTION('',(1.,0.,0.));
#11738 = DIRECTION('',(0.,-1.,0.));
#11739 = ADVANCED_FACE('',(#11740),#11808,.T.);
#11740 = FACE_BOUND('',#11741,.T.);
#11741 = EDGE_LOOP('',(#11742,#11752,#11758,#11759,#11760,#11761,#11769,
    #11777,#11785,#11794,#11802));
#11742 = ORIENTED_EDGE('',*,*,#11743,.F.);
#11743 = EDGE_CURVE('',#11744,#11746,#11748,.T.);
#11744 = VERTEX_POINT('',#11745);
#11745 = CARTESIAN_POINT('',(1.6,3.35,2.775557561563E-16));
#11746 = VERTEX_POINT('',#11747);
#11747 = CARTESIAN_POINT('',(3.4,3.35,2.775557561563E-16));
#11748 = LINE('',#11749,#11750);
#11749 = CARTESIAN_POINT('',(1.6,3.35,2.775557561563E-16));
#11750 = VECTOR('',#11751,1.);
#11751 = DIRECTION('',(1.,0.,0.));
#11752 = ORIENTED_EDGE('',*,*,#11753,.T.);
#11753 = EDGE_CURVE('',#11744,#9779,#11754,.T.);
#11754 = LINE('',#11755,#11756);
#11755 = CARTESIAN_POINT('',(1.6,3.35,2.775557561563E-16));
#11756 = VECTOR('',#11757,1.);
#11757 = DIRECTION('',(0.,0.,1.));
#11758 = ORIENTED_EDGE('',*,*,#9786,.F.);
#11759 = ORIENTED_EDGE('',*,*,#11729,.T.);
#11760 = ORIENTED_EDGE('',*,*,#10698,.T.);
#11761 = ORIENTED_EDGE('',*,*,#11762,.T.);
#11762 = EDGE_CURVE('',#10691,#11763,#11765,.T.);
#11763 = VERTEX_POINT('',#11764);
#11764 = CARTESIAN_POINT('',(1.6,3.35,1.8));
#11765 = LINE('',#11766,#11767);
#11766 = CARTESIAN_POINT('',(1.6,3.35,2.775557561563E-16));
#11767 = VECTOR('',#11768,1.);
#11768 = DIRECTION('',(0.,0.,1.));
#11769 = ORIENTED_EDGE('',*,*,#11770,.T.);
#11770 = EDGE_CURVE('',#11763,#11771,#11773,.T.);
#11771 = VERTEX_POINT('',#11772);
#11772 = CARTESIAN_POINT('',(2.7,3.35,1.8));
#11773 = LINE('',#11774,#11775);
#11774 = CARTESIAN_POINT('',(1.6,3.35,1.8));
#11775 = VECTOR('',#11776,1.);
#11776 = DIRECTION('',(1.,0.,0.));
#11777 = ORIENTED_EDGE('',*,*,#11778,.T.);
#11778 = EDGE_CURVE('',#11771,#11779,#11781,.T.);
#11779 = VERTEX_POINT('',#11780);
#11780 = CARTESIAN_POINT('',(2.7,3.35,0.5));
#11781 = LINE('',#11782,#11783);
#11782 = CARTESIAN_POINT('',(2.7,3.35,0.25));
#11783 = VECTOR('',#11784,1.);
#11784 = DIRECTION('',(0.,0.,-1.));
#11785 = ORIENTED_EDGE('',*,*,#11786,.T.);
#11786 = EDGE_CURVE('',#11779,#11787,#11789,.T.);
#11787 = VERTEX_POINT('',#11788);
#11788 = CARTESIAN_POINT('',(2.9,3.35,0.3));
#11789 = CIRCLE('',#11790,0.2);
#11790 = AXIS2_PLACEMENT_3D('',#11791,#11792,#11793);
#11791 = CARTESIAN_POINT('',(2.9,3.35,0.5));
#11792 = DIRECTION('',(0.,-1.,-2.22044604925E-16));
#11793 = DIRECTION('',(1.,0.,0.));
#11794 = ORIENTED_EDGE('',*,*,#11795,.T.);
#11795 = EDGE_CURVE('',#11787,#11796,#11798,.T.);
#11796 = VERTEX_POINT('',#11797);
#11797 = CARTESIAN_POINT('',(3.4,3.35,0.3));
#11798 = LINE('',#11799,#11800);
#11799 = CARTESIAN_POINT('',(3.05,3.35,0.3));
#11800 = VECTOR('',#11801,1.);
#11801 = DIRECTION('',(1.,0.,0.));
#11802 = ORIENTED_EDGE('',*,*,#11803,.F.);
#11803 = EDGE_CURVE('',#11746,#11796,#11804,.T.);
#11804 = LINE('',#11805,#11806);
#11805 = CARTESIAN_POINT('',(3.4,3.35,2.775557561563E-16));
#11806 = VECTOR('',#11807,1.);
#11807 = DIRECTION('',(0.,0.,1.));
#11808 = PLANE('',#11809);
#11809 = AXIS2_PLACEMENT_3D('',#11810,#11811,#11812);
#11810 = CARTESIAN_POINT('',(1.6,3.35,2.775557561563E-16));
#11811 = DIRECTION('',(0.,1.,0.));
#11812 = DIRECTION('',(1.,0.,0.));
#11813 = ADVANCED_FACE('',(#11814),#11832,.T.);
#11814 = FACE_BOUND('',#11815,.T.);
#11815 = EDGE_LOOP('',(#11816,#11824,#11830,#11831));
#11816 = ORIENTED_EDGE('',*,*,#11817,.F.);
#11817 = EDGE_CURVE('',#11818,#11744,#11820,.T.);
#11818 = VERTEX_POINT('',#11819);
#11819 = CARTESIAN_POINT('',(1.6,3.15,2.775557561563E-16));
#11820 = LINE('',#11821,#11822);
#11821 = CARTESIAN_POINT('',(1.6,3.15,2.775557561563E-16));
#11822 = VECTOR('',#11823,1.);
#11823 = DIRECTION('',(0.,1.,0.));
#11824 = ORIENTED_EDGE('',*,*,#11825,.T.);
#11825 = EDGE_CURVE('',#11818,#9771,#11826,.T.);
#11826 = LINE('',#11827,#11828);
#11827 = CARTESIAN_POINT('',(1.6,3.15,2.775557561563E-16));
#11828 = VECTOR('',#11829,1.);
#11829 = DIRECTION('',(0.,0.,1.));
#11830 = ORIENTED_EDGE('',*,*,#9778,.F.);
#11831 = ORIENTED_EDGE('',*,*,#11753,.F.);
#11832 = PLANE('',#11833);
#11833 = AXIS2_PLACEMENT_3D('',#11834,#11835,#11836);
#11834 = CARTESIAN_POINT('',(1.6,3.15,2.775557561563E-16));
#11835 = DIRECTION('',(-1.,0.,0.));
#11836 = DIRECTION('',(0.,1.,0.));
#11837 = ADVANCED_FACE('',(#11838),#11904,.T.);
#11838 = FACE_BOUND('',#11839,.T.);
#11839 = EDGE_LOOP('',(#11840,#11848,#11856,#11864,#11873,#11881,#11889,
    #11895,#11896,#11902,#11903));
#11840 = ORIENTED_EDGE('',*,*,#11841,.F.);
#11841 = EDGE_CURVE('',#11842,#11818,#11844,.T.);
#11842 = VERTEX_POINT('',#11843);
#11843 = CARTESIAN_POINT('',(3.4,3.15,2.775557561563E-16));
#11844 = LINE('',#11845,#11846);
#11845 = CARTESIAN_POINT('',(3.4,3.15,2.775557561563E-16));
#11846 = VECTOR('',#11847,1.);
#11847 = DIRECTION('',(-1.,0.,0.));
#11848 = ORIENTED_EDGE('',*,*,#11849,.T.);
#11849 = EDGE_CURVE('',#11842,#11850,#11852,.T.);
#11850 = VERTEX_POINT('',#11851);
#11851 = CARTESIAN_POINT('',(3.4,3.15,0.3));
#11852 = LINE('',#11853,#11854);
#11853 = CARTESIAN_POINT('',(3.4,3.15,2.775557561563E-16));
#11854 = VECTOR('',#11855,1.);
#11855 = DIRECTION('',(0.,0.,1.));
#11856 = ORIENTED_EDGE('',*,*,#11857,.T.);
#11857 = EDGE_CURVE('',#11850,#11858,#11860,.T.);
#11858 = VERTEX_POINT('',#11859);
#11859 = CARTESIAN_POINT('',(2.9,3.15,0.3));
#11860 = LINE('',#11861,#11862);
#11861 = CARTESIAN_POINT('',(3.95,3.15,0.3));
#11862 = VECTOR('',#11863,1.);
#11863 = DIRECTION('',(-1.,0.,0.));
#11864 = ORIENTED_EDGE('',*,*,#11865,.F.);
#11865 = EDGE_CURVE('',#11866,#11858,#11868,.T.);
#11866 = VERTEX_POINT('',#11867);
#11867 = CARTESIAN_POINT('',(2.7,3.15,0.5));
#11868 = CIRCLE('',#11869,0.2);
#11869 = AXIS2_PLACEMENT_3D('',#11870,#11871,#11872);
#11870 = CARTESIAN_POINT('',(2.9,3.15,0.5));
#11871 = DIRECTION('',(0.,-1.,-2.22044604925E-16));
#11872 = DIRECTION('',(1.,0.,0.));
#11873 = ORIENTED_EDGE('',*,*,#11874,.T.);
#11874 = EDGE_CURVE('',#11866,#11875,#11877,.T.);
#11875 = VERTEX_POINT('',#11876);
#11876 = CARTESIAN_POINT('',(2.7,3.15,1.8));
#11877 = LINE('',#11878,#11879);
#11878 = CARTESIAN_POINT('',(2.7,3.15,0.25));
#11879 = VECTOR('',#11880,1.);
#11880 = DIRECTION('',(0.,0.,1.));
#11881 = ORIENTED_EDGE('',*,*,#11882,.T.);
#11882 = EDGE_CURVE('',#11875,#11883,#11885,.T.);
#11883 = VERTEX_POINT('',#11884);
#11884 = CARTESIAN_POINT('',(1.6,3.15,1.8));
#11885 = LINE('',#11886,#11887);
#11886 = CARTESIAN_POINT('',(3.4,3.15,1.8));
#11887 = VECTOR('',#11888,1.);
#11888 = DIRECTION('',(-1.,0.,0.));
#11889 = ORIENTED_EDGE('',*,*,#11890,.F.);
#11890 = EDGE_CURVE('',#10683,#11883,#11891,.T.);
#11891 = LINE('',#11892,#11893);
#11892 = CARTESIAN_POINT('',(1.6,3.15,2.775557561563E-16));
#11893 = VECTOR('',#11894,1.);
#11894 = DIRECTION('',(0.,0.,1.));
#11895 = ORIENTED_EDGE('',*,*,#10682,.T.);
#11896 = ORIENTED_EDGE('',*,*,#11897,.T.);
#11897 = EDGE_CURVE('',#10675,#9763,#11898,.T.);
#11898 = LINE('',#11899,#11900);
#11899 = CARTESIAN_POINT('',(1.7,3.15,0.1));
#11900 = VECTOR('',#11901,1.);
#11901 = DIRECTION('',(0.,0.,-1.));
#11902 = ORIENTED_EDGE('',*,*,#9770,.F.);
#11903 = ORIENTED_EDGE('',*,*,#11825,.F.);
#11904 = PLANE('',#11905);
#11905 = AXIS2_PLACEMENT_3D('',#11906,#11907,#11908);
#11906 = CARTESIAN_POINT('',(3.4,3.15,2.775557561563E-16));
#11907 = DIRECTION('',(0.,-1.,0.));
#11908 = DIRECTION('',(-1.,0.,0.));
#11909 = ADVANCED_FACE('',(#11910),#11921,.T.);
#11910 = FACE_BOUND('',#11911,.T.);
#11911 = EDGE_LOOP('',(#11912,#11913,#11914,#11915));
#11912 = ORIENTED_EDGE('',*,*,#9762,.F.);
#11913 = ORIENTED_EDGE('',*,*,#11897,.F.);
#11914 = ORIENTED_EDGE('',*,*,#10674,.T.);
#11915 = ORIENTED_EDGE('',*,*,#11916,.F.);
#11916 = EDGE_CURVE('',#9755,#10667,#11917,.T.);
#11917 = LINE('',#11918,#11919);
#11918 = CARTESIAN_POINT('',(1.7,2.85,0.1));
#11919 = VECTOR('',#11920,1.);
#11920 = DIRECTION('',(0.,0.,1.));
#11921 = PLANE('',#11922);
#11922 = AXIS2_PLACEMENT_3D('',#11923,#11924,#11925);
#11923 = CARTESIAN_POINT('',(1.7,6.5,0.2));
#11924 = DIRECTION('',(1.,0.,0.));
#11925 = DIRECTION('',(0.,-1.,0.));
#11926 = ADVANCED_FACE('',(#11927),#11995,.T.);
#11927 = FACE_BOUND('',#11928,.T.);
#11928 = EDGE_LOOP('',(#11929,#11939,#11945,#11946,#11947,#11948,#11956,
    #11964,#11972,#11981,#11989));
#11929 = ORIENTED_EDGE('',*,*,#11930,.F.);
#11930 = EDGE_CURVE('',#11931,#11933,#11935,.T.);
#11931 = VERTEX_POINT('',#11932);
#11932 = CARTESIAN_POINT('',(1.6,2.85,3.330669073875E-16));
#11933 = VERTEX_POINT('',#11934);
#11934 = CARTESIAN_POINT('',(3.4,2.85,3.330669073875E-16));
#11935 = LINE('',#11936,#11937);
#11936 = CARTESIAN_POINT('',(1.6,2.85,3.330669073875E-16));
#11937 = VECTOR('',#11938,1.);
#11938 = DIRECTION('',(1.,0.,0.));
#11939 = ORIENTED_EDGE('',*,*,#11940,.T.);
#11940 = EDGE_CURVE('',#11931,#9747,#11941,.T.);
#11941 = LINE('',#11942,#11943);
#11942 = CARTESIAN_POINT('',(1.6,2.85,3.330669073875E-16));
#11943 = VECTOR('',#11944,1.);
#11944 = DIRECTION('',(0.,0.,1.));
#11945 = ORIENTED_EDGE('',*,*,#9754,.F.);
#11946 = ORIENTED_EDGE('',*,*,#11916,.T.);
#11947 = ORIENTED_EDGE('',*,*,#10666,.T.);
#11948 = ORIENTED_EDGE('',*,*,#11949,.T.);
#11949 = EDGE_CURVE('',#10659,#11950,#11952,.T.);
#11950 = VERTEX_POINT('',#11951);
#11951 = CARTESIAN_POINT('',(1.6,2.85,1.8));
#11952 = LINE('',#11953,#11954);
#11953 = CARTESIAN_POINT('',(1.6,2.85,3.330669073875E-16));
#11954 = VECTOR('',#11955,1.);
#11955 = DIRECTION('',(0.,0.,1.));
#11956 = ORIENTED_EDGE('',*,*,#11957,.T.);
#11957 = EDGE_CURVE('',#11950,#11958,#11960,.T.);
#11958 = VERTEX_POINT('',#11959);
#11959 = CARTESIAN_POINT('',(2.7,2.85,1.8));
#11960 = LINE('',#11961,#11962);
#11961 = CARTESIAN_POINT('',(1.6,2.85,1.8));
#11962 = VECTOR('',#11963,1.);
#11963 = DIRECTION('',(1.,0.,0.));
#11964 = ORIENTED_EDGE('',*,*,#11965,.T.);
#11965 = EDGE_CURVE('',#11958,#11966,#11968,.T.);
#11966 = VERTEX_POINT('',#11967);
#11967 = CARTESIAN_POINT('',(2.7,2.85,0.5));
#11968 = LINE('',#11969,#11970);
#11969 = CARTESIAN_POINT('',(2.7,2.85,0.25));
#11970 = VECTOR('',#11971,1.);
#11971 = DIRECTION('',(0.,0.,-1.));
#11972 = ORIENTED_EDGE('',*,*,#11973,.T.);
#11973 = EDGE_CURVE('',#11966,#11974,#11976,.T.);
#11974 = VERTEX_POINT('',#11975);
#11975 = CARTESIAN_POINT('',(2.9,2.85,0.3));
#11976 = CIRCLE('',#11977,0.2);
#11977 = AXIS2_PLACEMENT_3D('',#11978,#11979,#11980);
#11978 = CARTESIAN_POINT('',(2.9,2.85,0.5));
#11979 = DIRECTION('',(0.,-1.,-2.22044604925E-16));
#11980 = DIRECTION('',(1.,0.,0.));
#11981 = ORIENTED_EDGE('',*,*,#11982,.T.);
#11982 = EDGE_CURVE('',#11974,#11983,#11985,.T.);
#11983 = VERTEX_POINT('',#11984);
#11984 = CARTESIAN_POINT('',(3.4,2.85,0.3));
#11985 = LINE('',#11986,#11987);
#11986 = CARTESIAN_POINT('',(3.05,2.85,0.3));
#11987 = VECTOR('',#11988,1.);
#11988 = DIRECTION('',(1.,0.,0.));
#11989 = ORIENTED_EDGE('',*,*,#11990,.F.);
#11990 = EDGE_CURVE('',#11933,#11983,#11991,.T.);
#11991 = LINE('',#11992,#11993);
#11992 = CARTESIAN_POINT('',(3.4,2.85,3.330669073875E-16));
#11993 = VECTOR('',#11994,1.);
#11994 = DIRECTION('',(0.,0.,1.));
#11995 = PLANE('',#11996);
#11996 = AXIS2_PLACEMENT_3D('',#11997,#11998,#11999);
#11997 = CARTESIAN_POINT('',(1.6,2.85,3.330669073875E-16));
#11998 = DIRECTION('',(0.,1.,0.));
#11999 = DIRECTION('',(1.,0.,0.));
#12000 = ADVANCED_FACE('',(#12001),#12019,.T.);
#12001 = FACE_BOUND('',#12002,.T.);
#12002 = EDGE_LOOP('',(#12003,#12011,#12017,#12018));
#12003 = ORIENTED_EDGE('',*,*,#12004,.F.);
#12004 = EDGE_CURVE('',#12005,#11931,#12007,.T.);
#12005 = VERTEX_POINT('',#12006);
#12006 = CARTESIAN_POINT('',(1.6,2.65,3.330669073875E-16));
#12007 = LINE('',#12008,#12009);
#12008 = CARTESIAN_POINT('',(1.6,2.65,3.330669073875E-16));
#12009 = VECTOR('',#12010,1.);
#12010 = DIRECTION('',(0.,1.,0.));
#12011 = ORIENTED_EDGE('',*,*,#12012,.T.);
#12012 = EDGE_CURVE('',#12005,#9739,#12013,.T.);
#12013 = LINE('',#12014,#12015);
#12014 = CARTESIAN_POINT('',(1.6,2.65,3.330669073875E-16));
#12015 = VECTOR('',#12016,1.);
#12016 = DIRECTION('',(0.,0.,1.));
#12017 = ORIENTED_EDGE('',*,*,#9746,.F.);
#12018 = ORIENTED_EDGE('',*,*,#11940,.F.);
#12019 = PLANE('',#12020);
#12020 = AXIS2_PLACEMENT_3D('',#12021,#12022,#12023);
#12021 = CARTESIAN_POINT('',(1.6,2.65,3.330669073875E-16));
#12022 = DIRECTION('',(-1.,0.,0.));
#12023 = DIRECTION('',(0.,1.,0.));
#12024 = ADVANCED_FACE('',(#12025),#12091,.T.);
#12025 = FACE_BOUND('',#12026,.T.);
#12026 = EDGE_LOOP('',(#12027,#12035,#12043,#12051,#12060,#12068,#12076,
    #12082,#12083,#12089,#12090));
#12027 = ORIENTED_EDGE('',*,*,#12028,.F.);
#12028 = EDGE_CURVE('',#12029,#12005,#12031,.T.);
#12029 = VERTEX_POINT('',#12030);
#12030 = CARTESIAN_POINT('',(3.4,2.65,3.330669073875E-16));
#12031 = LINE('',#12032,#12033);
#12032 = CARTESIAN_POINT('',(3.4,2.65,3.330669073875E-16));
#12033 = VECTOR('',#12034,1.);
#12034 = DIRECTION('',(-1.,0.,0.));
#12035 = ORIENTED_EDGE('',*,*,#12036,.T.);
#12036 = EDGE_CURVE('',#12029,#12037,#12039,.T.);
#12037 = VERTEX_POINT('',#12038);
#12038 = CARTESIAN_POINT('',(3.4,2.65,0.3));
#12039 = LINE('',#12040,#12041);
#12040 = CARTESIAN_POINT('',(3.4,2.65,3.330669073875E-16));
#12041 = VECTOR('',#12042,1.);
#12042 = DIRECTION('',(0.,0.,1.));
#12043 = ORIENTED_EDGE('',*,*,#12044,.T.);
#12044 = EDGE_CURVE('',#12037,#12045,#12047,.T.);
#12045 = VERTEX_POINT('',#12046);
#12046 = CARTESIAN_POINT('',(2.9,2.65,0.3));
#12047 = LINE('',#12048,#12049);
#12048 = CARTESIAN_POINT('',(3.95,2.65,0.3));
#12049 = VECTOR('',#12050,1.);
#12050 = DIRECTION('',(-1.,0.,0.));
#12051 = ORIENTED_EDGE('',*,*,#12052,.F.);
#12052 = EDGE_CURVE('',#12053,#12045,#12055,.T.);
#12053 = VERTEX_POINT('',#12054);
#12054 = CARTESIAN_POINT('',(2.7,2.65,0.5));
#12055 = CIRCLE('',#12056,0.2);
#12056 = AXIS2_PLACEMENT_3D('',#12057,#12058,#12059);
#12057 = CARTESIAN_POINT('',(2.9,2.65,0.5));
#12058 = DIRECTION('',(0.,-1.,-2.22044604925E-16));
#12059 = DIRECTION('',(1.,0.,0.));
#12060 = ORIENTED_EDGE('',*,*,#12061,.T.);
#12061 = EDGE_CURVE('',#12053,#12062,#12064,.T.);
#12062 = VERTEX_POINT('',#12063);
#12063 = CARTESIAN_POINT('',(2.7,2.65,1.8));
#12064 = LINE('',#12065,#12066);
#12065 = CARTESIAN_POINT('',(2.7,2.65,0.25));
#12066 = VECTOR('',#12067,1.);
#12067 = DIRECTION('',(0.,0.,1.));
#12068 = ORIENTED_EDGE('',*,*,#12069,.T.);
#12069 = EDGE_CURVE('',#12062,#12070,#12072,.T.);
#12070 = VERTEX_POINT('',#12071);
#12071 = CARTESIAN_POINT('',(1.6,2.65,1.8));
#12072 = LINE('',#12073,#12074);
#12073 = CARTESIAN_POINT('',(3.4,2.65,1.8));
#12074 = VECTOR('',#12075,1.);
#12075 = DIRECTION('',(-1.,0.,0.));
#12076 = ORIENTED_EDGE('',*,*,#12077,.F.);
#12077 = EDGE_CURVE('',#10651,#12070,#12078,.T.);
#12078 = LINE('',#12079,#12080);
#12079 = CARTESIAN_POINT('',(1.6,2.65,3.330669073875E-16));
#12080 = VECTOR('',#12081,1.);
#12081 = DIRECTION('',(0.,0.,1.));
#12082 = ORIENTED_EDGE('',*,*,#10650,.T.);
#12083 = ORIENTED_EDGE('',*,*,#12084,.T.);
#12084 = EDGE_CURVE('',#10643,#9731,#12085,.T.);
#12085 = LINE('',#12086,#12087);
#12086 = CARTESIAN_POINT('',(1.7,2.65,0.1));
#12087 = VECTOR('',#12088,1.);
#12088 = DIRECTION('',(0.,0.,-1.));
#12089 = ORIENTED_EDGE('',*,*,#9738,.F.);
#12090 = ORIENTED_EDGE('',*,*,#12012,.F.);
#12091 = PLANE('',#12092);
#12092 = AXIS2_PLACEMENT_3D('',#12093,#12094,#12095);
#12093 = CARTESIAN_POINT('',(3.4,2.65,3.330669073875E-16));
#12094 = DIRECTION('',(0.,-1.,0.));
#12095 = DIRECTION('',(-1.,0.,0.));
#12096 = ADVANCED_FACE('',(#12097),#12108,.T.);
#12097 = FACE_BOUND('',#12098,.T.);
#12098 = EDGE_LOOP('',(#12099,#12100,#12101,#12102));
#12099 = ORIENTED_EDGE('',*,*,#9730,.F.);
#12100 = ORIENTED_EDGE('',*,*,#12084,.F.);
#12101 = ORIENTED_EDGE('',*,*,#10642,.T.);
#12102 = ORIENTED_EDGE('',*,*,#12103,.F.);
#12103 = EDGE_CURVE('',#9723,#10635,#12104,.T.);
#12104 = LINE('',#12105,#12106);
#12105 = CARTESIAN_POINT('',(1.7,2.35,0.1));
#12106 = VECTOR('',#12107,1.);
#12107 = DIRECTION('',(0.,0.,1.));
#12108 = PLANE('',#12109);
#12109 = AXIS2_PLACEMENT_3D('',#12110,#12111,#12112);
#12110 = CARTESIAN_POINT('',(1.7,6.5,0.2));
#12111 = DIRECTION('',(1.,0.,0.));
#12112 = DIRECTION('',(0.,-1.,0.));
#12113 = ADVANCED_FACE('',(#12114),#12182,.T.);
#12114 = FACE_BOUND('',#12115,.T.);
#12115 = EDGE_LOOP('',(#12116,#12126,#12132,#12133,#12134,#12135,#12143,
    #12151,#12159,#12168,#12176));
#12116 = ORIENTED_EDGE('',*,*,#12117,.F.);
#12117 = EDGE_CURVE('',#12118,#12120,#12122,.T.);
#12118 = VERTEX_POINT('',#12119);
#12119 = CARTESIAN_POINT('',(1.6,2.35,3.885780586188E-16));
#12120 = VERTEX_POINT('',#12121);
#12121 = CARTESIAN_POINT('',(3.4,2.35,3.885780586188E-16));
#12122 = LINE('',#12123,#12124);
#12123 = CARTESIAN_POINT('',(1.6,2.35,3.885780586188E-16));
#12124 = VECTOR('',#12125,1.);
#12125 = DIRECTION('',(1.,0.,0.));
#12126 = ORIENTED_EDGE('',*,*,#12127,.T.);
#12127 = EDGE_CURVE('',#12118,#9715,#12128,.T.);
#12128 = LINE('',#12129,#12130);
#12129 = CARTESIAN_POINT('',(1.6,2.35,3.885780586188E-16));
#12130 = VECTOR('',#12131,1.);
#12131 = DIRECTION('',(0.,0.,1.));
#12132 = ORIENTED_EDGE('',*,*,#9722,.F.);
#12133 = ORIENTED_EDGE('',*,*,#12103,.T.);
#12134 = ORIENTED_EDGE('',*,*,#10634,.T.);
#12135 = ORIENTED_EDGE('',*,*,#12136,.T.);
#12136 = EDGE_CURVE('',#10627,#12137,#12139,.T.);
#12137 = VERTEX_POINT('',#12138);
#12138 = CARTESIAN_POINT('',(1.6,2.35,1.8));
#12139 = LINE('',#12140,#12141);
#12140 = CARTESIAN_POINT('',(1.6,2.35,3.885780586188E-16));
#12141 = VECTOR('',#12142,1.);
#12142 = DIRECTION('',(0.,0.,1.));
#12143 = ORIENTED_EDGE('',*,*,#12144,.T.);
#12144 = EDGE_CURVE('',#12137,#12145,#12147,.T.);
#12145 = VERTEX_POINT('',#12146);
#12146 = CARTESIAN_POINT('',(2.7,2.35,1.8));
#12147 = LINE('',#12148,#12149);
#12148 = CARTESIAN_POINT('',(1.6,2.35,1.8));
#12149 = VECTOR('',#12150,1.);
#12150 = DIRECTION('',(1.,0.,0.));
#12151 = ORIENTED_EDGE('',*,*,#12152,.T.);
#12152 = EDGE_CURVE('',#12145,#12153,#12155,.T.);
#12153 = VERTEX_POINT('',#12154);
#12154 = CARTESIAN_POINT('',(2.7,2.35,0.5));
#12155 = LINE('',#12156,#12157);
#12156 = CARTESIAN_POINT('',(2.7,2.35,0.25));
#12157 = VECTOR('',#12158,1.);
#12158 = DIRECTION('',(0.,0.,-1.));
#12159 = ORIENTED_EDGE('',*,*,#12160,.T.);
#12160 = EDGE_CURVE('',#12153,#12161,#12163,.T.);
#12161 = VERTEX_POINT('',#12162);
#12162 = CARTESIAN_POINT('',(2.9,2.35,0.3));
#12163 = CIRCLE('',#12164,0.2);
#12164 = AXIS2_PLACEMENT_3D('',#12165,#12166,#12167);
#12165 = CARTESIAN_POINT('',(2.9,2.35,0.5));
#12166 = DIRECTION('',(0.,-1.,-2.22044604925E-16));
#12167 = DIRECTION('',(1.,0.,0.));
#12168 = ORIENTED_EDGE('',*,*,#12169,.T.);
#12169 = EDGE_CURVE('',#12161,#12170,#12172,.T.);
#12170 = VERTEX_POINT('',#12171);
#12171 = CARTESIAN_POINT('',(3.4,2.35,0.3));
#12172 = LINE('',#12173,#12174);
#12173 = CARTESIAN_POINT('',(3.05,2.35,0.3));
#12174 = VECTOR('',#12175,1.);
#12175 = DIRECTION('',(1.,0.,0.));
#12176 = ORIENTED_EDGE('',*,*,#12177,.F.);
#12177 = EDGE_CURVE('',#12120,#12170,#12178,.T.);
#12178 = LINE('',#12179,#12180);
#12179 = CARTESIAN_POINT('',(3.4,2.35,3.885780586188E-16));
#12180 = VECTOR('',#12181,1.);
#12181 = DIRECTION('',(0.,0.,1.));
#12182 = PLANE('',#12183);
#12183 = AXIS2_PLACEMENT_3D('',#12184,#12185,#12186);
#12184 = CARTESIAN_POINT('',(1.6,2.35,3.885780586188E-16));
#12185 = DIRECTION('',(0.,1.,0.));
#12186 = DIRECTION('',(1.,0.,0.));
#12187 = ADVANCED_FACE('',(#12188),#12206,.T.);
#12188 = FACE_BOUND('',#12189,.T.);
#12189 = EDGE_LOOP('',(#12190,#12198,#12204,#12205));
#12190 = ORIENTED_EDGE('',*,*,#12191,.F.);
#12191 = EDGE_CURVE('',#12192,#12118,#12194,.T.);
#12192 = VERTEX_POINT('',#12193);
#12193 = CARTESIAN_POINT('',(1.6,2.15,3.885780586188E-16));
#12194 = LINE('',#12195,#12196);
#12195 = CARTESIAN_POINT('',(1.6,2.15,3.885780586188E-16));
#12196 = VECTOR('',#12197,1.);
#12197 = DIRECTION('',(0.,1.,0.));
#12198 = ORIENTED_EDGE('',*,*,#12199,.T.);
#12199 = EDGE_CURVE('',#12192,#9707,#12200,.T.);
#12200 = LINE('',#12201,#12202);
#12201 = CARTESIAN_POINT('',(1.6,2.15,3.885780586188E-16));
#12202 = VECTOR('',#12203,1.);
#12203 = DIRECTION('',(0.,0.,1.));
#12204 = ORIENTED_EDGE('',*,*,#9714,.F.);
#12205 = ORIENTED_EDGE('',*,*,#12127,.F.);
#12206 = PLANE('',#12207);
#12207 = AXIS2_PLACEMENT_3D('',#12208,#12209,#12210);
#12208 = CARTESIAN_POINT('',(1.6,2.15,3.885780586188E-16));
#12209 = DIRECTION('',(-1.,0.,0.));
#12210 = DIRECTION('',(0.,1.,0.));
#12211 = ADVANCED_FACE('',(#12212),#12278,.T.);
#12212 = FACE_BOUND('',#12213,.T.);
#12213 = EDGE_LOOP('',(#12214,#12222,#12230,#12238,#12247,#12255,#12263,
    #12269,#12270,#12276,#12277));
#12214 = ORIENTED_EDGE('',*,*,#12215,.F.);
#12215 = EDGE_CURVE('',#12216,#12192,#12218,.T.);
#12216 = VERTEX_POINT('',#12217);
#12217 = CARTESIAN_POINT('',(3.4,2.15,3.885780586188E-16));
#12218 = LINE('',#12219,#12220);
#12219 = CARTESIAN_POINT('',(3.4,2.15,3.885780586188E-16));
#12220 = VECTOR('',#12221,1.);
#12221 = DIRECTION('',(-1.,0.,0.));
#12222 = ORIENTED_EDGE('',*,*,#12223,.T.);
#12223 = EDGE_CURVE('',#12216,#12224,#12226,.T.);
#12224 = VERTEX_POINT('',#12225);
#12225 = CARTESIAN_POINT('',(3.4,2.15,0.3));
#12226 = LINE('',#12227,#12228);
#12227 = CARTESIAN_POINT('',(3.4,2.15,3.885780586188E-16));
#12228 = VECTOR('',#12229,1.);
#12229 = DIRECTION('',(0.,0.,1.));
#12230 = ORIENTED_EDGE('',*,*,#12231,.T.);
#12231 = EDGE_CURVE('',#12224,#12232,#12234,.T.);
#12232 = VERTEX_POINT('',#12233);
#12233 = CARTESIAN_POINT('',(2.9,2.15,0.3));
#12234 = LINE('',#12235,#12236);
#12235 = CARTESIAN_POINT('',(3.95,2.15,0.3));
#12236 = VECTOR('',#12237,1.);
#12237 = DIRECTION('',(-1.,0.,0.));
#12238 = ORIENTED_EDGE('',*,*,#12239,.F.);
#12239 = EDGE_CURVE('',#12240,#12232,#12242,.T.);
#12240 = VERTEX_POINT('',#12241);
#12241 = CARTESIAN_POINT('',(2.7,2.15,0.5));
#12242 = CIRCLE('',#12243,0.2);
#12243 = AXIS2_PLACEMENT_3D('',#12244,#12245,#12246);
#12244 = CARTESIAN_POINT('',(2.9,2.15,0.5));
#12245 = DIRECTION('',(0.,-1.,-2.22044604925E-16));
#12246 = DIRECTION('',(1.,0.,0.));
#12247 = ORIENTED_EDGE('',*,*,#12248,.T.);
#12248 = EDGE_CURVE('',#12240,#12249,#12251,.T.);
#12249 = VERTEX_POINT('',#12250);
#12250 = CARTESIAN_POINT('',(2.7,2.15,1.8));
#12251 = LINE('',#12252,#12253);
#12252 = CARTESIAN_POINT('',(2.7,2.15,0.25));
#12253 = VECTOR('',#12254,1.);
#12254 = DIRECTION('',(0.,0.,1.));
#12255 = ORIENTED_EDGE('',*,*,#12256,.T.);
#12256 = EDGE_CURVE('',#12249,#12257,#12259,.T.);
#12257 = VERTEX_POINT('',#12258);
#12258 = CARTESIAN_POINT('',(1.6,2.15,1.8));
#12259 = LINE('',#12260,#12261);
#12260 = CARTESIAN_POINT('',(3.4,2.15,1.8));
#12261 = VECTOR('',#12262,1.);
#12262 = DIRECTION('',(-1.,0.,0.));
#12263 = ORIENTED_EDGE('',*,*,#12264,.F.);
#12264 = EDGE_CURVE('',#10619,#12257,#12265,.T.);
#12265 = LINE('',#12266,#12267);
#12266 = CARTESIAN_POINT('',(1.6,2.15,3.885780586188E-16));
#12267 = VECTOR('',#12268,1.);
#12268 = DIRECTION('',(0.,0.,1.));
#12269 = ORIENTED_EDGE('',*,*,#10618,.T.);
#12270 = ORIENTED_EDGE('',*,*,#12271,.T.);
#12271 = EDGE_CURVE('',#10611,#9699,#12272,.T.);
#12272 = LINE('',#12273,#12274);
#12273 = CARTESIAN_POINT('',(1.7,2.15,0.1));
#12274 = VECTOR('',#12275,1.);
#12275 = DIRECTION('',(0.,0.,-1.));
#12276 = ORIENTED_EDGE('',*,*,#9706,.F.);
#12277 = ORIENTED_EDGE('',*,*,#12199,.F.);
#12278 = PLANE('',#12279);
#12279 = AXIS2_PLACEMENT_3D('',#12280,#12281,#12282);
#12280 = CARTESIAN_POINT('',(3.4,2.15,3.885780586188E-16));
#12281 = DIRECTION('',(0.,-1.,0.));
#12282 = DIRECTION('',(-1.,0.,0.));
#12283 = ADVANCED_FACE('',(#12284),#12295,.T.);
#12284 = FACE_BOUND('',#12285,.T.);
#12285 = EDGE_LOOP('',(#12286,#12287,#12288,#12289));
#12286 = ORIENTED_EDGE('',*,*,#9698,.F.);
#12287 = ORIENTED_EDGE('',*,*,#12271,.F.);
#12288 = ORIENTED_EDGE('',*,*,#10610,.T.);
#12289 = ORIENTED_EDGE('',*,*,#12290,.F.);
#12290 = EDGE_CURVE('',#9691,#10603,#12291,.T.);
#12291 = LINE('',#12292,#12293);
#12292 = CARTESIAN_POINT('',(1.7,1.85,0.1));
#12293 = VECTOR('',#12294,1.);
#12294 = DIRECTION('',(0.,0.,1.));
#12295 = PLANE('',#12296);
#12296 = AXIS2_PLACEMENT_3D('',#12297,#12298,#12299);
#12297 = CARTESIAN_POINT('',(1.7,6.5,0.2));
#12298 = DIRECTION('',(1.,0.,0.));
#12299 = DIRECTION('',(0.,-1.,0.));
#12300 = ADVANCED_FACE('',(#12301),#12369,.T.);
#12301 = FACE_BOUND('',#12302,.T.);
#12302 = EDGE_LOOP('',(#12303,#12313,#12319,#12320,#12321,#12322,#12330,
    #12338,#12346,#12355,#12363));
#12303 = ORIENTED_EDGE('',*,*,#12304,.F.);
#12304 = EDGE_CURVE('',#12305,#12307,#12309,.T.);
#12305 = VERTEX_POINT('',#12306);
#12306 = CARTESIAN_POINT('',(1.6,1.85,4.440892098501E-16));
#12307 = VERTEX_POINT('',#12308);
#12308 = CARTESIAN_POINT('',(3.4,1.85,4.440892098501E-16));
#12309 = LINE('',#12310,#12311);
#12310 = CARTESIAN_POINT('',(1.6,1.85,4.440892098501E-16));
#12311 = VECTOR('',#12312,1.);
#12312 = DIRECTION('',(1.,0.,0.));
#12313 = ORIENTED_EDGE('',*,*,#12314,.T.);
#12314 = EDGE_CURVE('',#12305,#9683,#12315,.T.);
#12315 = LINE('',#12316,#12317);
#12316 = CARTESIAN_POINT('',(1.6,1.85,4.440892098501E-16));
#12317 = VECTOR('',#12318,1.);
#12318 = DIRECTION('',(0.,0.,1.));
#12319 = ORIENTED_EDGE('',*,*,#9690,.F.);
#12320 = ORIENTED_EDGE('',*,*,#12290,.T.);
#12321 = ORIENTED_EDGE('',*,*,#10602,.T.);
#12322 = ORIENTED_EDGE('',*,*,#12323,.T.);
#12323 = EDGE_CURVE('',#10595,#12324,#12326,.T.);
#12324 = VERTEX_POINT('',#12325);
#12325 = CARTESIAN_POINT('',(1.6,1.85,1.8));
#12326 = LINE('',#12327,#12328);
#12327 = CARTESIAN_POINT('',(1.6,1.85,4.440892098501E-16));
#12328 = VECTOR('',#12329,1.);
#12329 = DIRECTION('',(0.,0.,1.));
#12330 = ORIENTED_EDGE('',*,*,#12331,.T.);
#12331 = EDGE_CURVE('',#12324,#12332,#12334,.T.);
#12332 = VERTEX_POINT('',#12333);
#12333 = CARTESIAN_POINT('',(2.7,1.85,1.8));
#12334 = LINE('',#12335,#12336);
#12335 = CARTESIAN_POINT('',(1.6,1.85,1.8));
#12336 = VECTOR('',#12337,1.);
#12337 = DIRECTION('',(1.,0.,0.));
#12338 = ORIENTED_EDGE('',*,*,#12339,.T.);
#12339 = EDGE_CURVE('',#12332,#12340,#12342,.T.);
#12340 = VERTEX_POINT('',#12341);
#12341 = CARTESIAN_POINT('',(2.7,1.85,0.5));
#12342 = LINE('',#12343,#12344);
#12343 = CARTESIAN_POINT('',(2.7,1.85,0.25));
#12344 = VECTOR('',#12345,1.);
#12345 = DIRECTION('',(0.,0.,-1.));
#12346 = ORIENTED_EDGE('',*,*,#12347,.T.);
#12347 = EDGE_CURVE('',#12340,#12348,#12350,.T.);
#12348 = VERTEX_POINT('',#12349);
#12349 = CARTESIAN_POINT('',(2.9,1.85,0.3));
#12350 = CIRCLE('',#12351,0.2);
#12351 = AXIS2_PLACEMENT_3D('',#12352,#12353,#12354);
#12352 = CARTESIAN_POINT('',(2.9,1.85,0.5));
#12353 = DIRECTION('',(0.,-1.,-2.22044604925E-16));
#12354 = DIRECTION('',(1.,0.,0.));
#12355 = ORIENTED_EDGE('',*,*,#12356,.T.);
#12356 = EDGE_CURVE('',#12348,#12357,#12359,.T.);
#12357 = VERTEX_POINT('',#12358);
#12358 = CARTESIAN_POINT('',(3.4,1.85,0.3));
#12359 = LINE('',#12360,#12361);
#12360 = CARTESIAN_POINT('',(3.05,1.85,0.3));
#12361 = VECTOR('',#12362,1.);
#12362 = DIRECTION('',(1.,0.,0.));
#12363 = ORIENTED_EDGE('',*,*,#12364,.F.);
#12364 = EDGE_CURVE('',#12307,#12357,#12365,.T.);
#12365 = LINE('',#12366,#12367);
#12366 = CARTESIAN_POINT('',(3.4,1.85,4.440892098501E-16));
#12367 = VECTOR('',#12368,1.);
#12368 = DIRECTION('',(0.,0.,1.));
#12369 = PLANE('',#12370);
#12370 = AXIS2_PLACEMENT_3D('',#12371,#12372,#12373);
#12371 = CARTESIAN_POINT('',(1.6,1.85,4.440892098501E-16));
#12372 = DIRECTION('',(0.,1.,0.));
#12373 = DIRECTION('',(1.,0.,0.));
#12374 = ADVANCED_FACE('',(#12375),#12393,.T.);
#12375 = FACE_BOUND('',#12376,.T.);
#12376 = EDGE_LOOP('',(#12377,#12385,#12391,#12392));
#12377 = ORIENTED_EDGE('',*,*,#12378,.F.);
#12378 = EDGE_CURVE('',#12379,#12305,#12381,.T.);
#12379 = VERTEX_POINT('',#12380);
#12380 = CARTESIAN_POINT('',(1.6,1.65,4.440892098501E-16));
#12381 = LINE('',#12382,#12383);
#12382 = CARTESIAN_POINT('',(1.6,1.65,4.440892098501E-16));
#12383 = VECTOR('',#12384,1.);
#12384 = DIRECTION('',(0.,1.,0.));
#12385 = ORIENTED_EDGE('',*,*,#12386,.T.);
#12386 = EDGE_CURVE('',#12379,#9675,#12387,.T.);
#12387 = LINE('',#12388,#12389);
#12388 = CARTESIAN_POINT('',(1.6,1.65,4.440892098501E-16));
#12389 = VECTOR('',#12390,1.);
#12390 = DIRECTION('',(0.,0.,1.));
#12391 = ORIENTED_EDGE('',*,*,#9682,.F.);
#12392 = ORIENTED_EDGE('',*,*,#12314,.F.);
#12393 = PLANE('',#12394);
#12394 = AXIS2_PLACEMENT_3D('',#12395,#12396,#12397);
#12395 = CARTESIAN_POINT('',(1.6,1.65,4.440892098501E-16));
#12396 = DIRECTION('',(-1.,0.,0.));
#12397 = DIRECTION('',(0.,1.,0.));
#12398 = ADVANCED_FACE('',(#12399),#12465,.T.);
#12399 = FACE_BOUND('',#12400,.T.);
#12400 = EDGE_LOOP('',(#12401,#12409,#12417,#12425,#12434,#12442,#12450,
    #12456,#12457,#12463,#12464));
#12401 = ORIENTED_EDGE('',*,*,#12402,.F.);
#12402 = EDGE_CURVE('',#12403,#12379,#12405,.T.);
#12403 = VERTEX_POINT('',#12404);
#12404 = CARTESIAN_POINT('',(3.4,1.65,4.440892098501E-16));
#12405 = LINE('',#12406,#12407);
#12406 = CARTESIAN_POINT('',(3.4,1.65,4.440892098501E-16));
#12407 = VECTOR('',#12408,1.);
#12408 = DIRECTION('',(-1.,0.,0.));
#12409 = ORIENTED_EDGE('',*,*,#12410,.T.);
#12410 = EDGE_CURVE('',#12403,#12411,#12413,.T.);
#12411 = VERTEX_POINT('',#12412);
#12412 = CARTESIAN_POINT('',(3.4,1.65,0.3));
#12413 = LINE('',#12414,#12415);
#12414 = CARTESIAN_POINT('',(3.4,1.65,4.440892098501E-16));
#12415 = VECTOR('',#12416,1.);
#12416 = DIRECTION('',(0.,0.,1.));
#12417 = ORIENTED_EDGE('',*,*,#12418,.T.);
#12418 = EDGE_CURVE('',#12411,#12419,#12421,.T.);
#12419 = VERTEX_POINT('',#12420);
#12420 = CARTESIAN_POINT('',(2.9,1.65,0.3));
#12421 = LINE('',#12422,#12423);
#12422 = CARTESIAN_POINT('',(3.95,1.65,0.3));
#12423 = VECTOR('',#12424,1.);
#12424 = DIRECTION('',(-1.,0.,0.));
#12425 = ORIENTED_EDGE('',*,*,#12426,.F.);
#12426 = EDGE_CURVE('',#12427,#12419,#12429,.T.);
#12427 = VERTEX_POINT('',#12428);
#12428 = CARTESIAN_POINT('',(2.7,1.65,0.5));
#12429 = CIRCLE('',#12430,0.2);
#12430 = AXIS2_PLACEMENT_3D('',#12431,#12432,#12433);
#12431 = CARTESIAN_POINT('',(2.9,1.65,0.5));
#12432 = DIRECTION('',(0.,-1.,-2.22044604925E-16));
#12433 = DIRECTION('',(1.,0.,0.));
#12434 = ORIENTED_EDGE('',*,*,#12435,.T.);
#12435 = EDGE_CURVE('',#12427,#12436,#12438,.T.);
#12436 = VERTEX_POINT('',#12437);
#12437 = CARTESIAN_POINT('',(2.7,1.65,1.8));
#12438 = LINE('',#12439,#12440);
#12439 = CARTESIAN_POINT('',(2.7,1.65,0.25));
#12440 = VECTOR('',#12441,1.);
#12441 = DIRECTION('',(0.,0.,1.));
#12442 = ORIENTED_EDGE('',*,*,#12443,.T.);
#12443 = EDGE_CURVE('',#12436,#12444,#12446,.T.);
#12444 = VERTEX_POINT('',#12445);
#12445 = CARTESIAN_POINT('',(1.6,1.65,1.8));
#12446 = LINE('',#12447,#12448);
#12447 = CARTESIAN_POINT('',(3.4,1.65,1.8));
#12448 = VECTOR('',#12449,1.);
#12449 = DIRECTION('',(-1.,0.,0.));
#12450 = ORIENTED_EDGE('',*,*,#12451,.F.);
#12451 = EDGE_CURVE('',#10587,#12444,#12452,.T.);
#12452 = LINE('',#12453,#12454);
#12453 = CARTESIAN_POINT('',(1.6,1.65,4.440892098501E-16));
#12454 = VECTOR('',#12455,1.);
#12455 = DIRECTION('',(0.,0.,1.));
#12456 = ORIENTED_EDGE('',*,*,#10586,.T.);
#12457 = ORIENTED_EDGE('',*,*,#12458,.T.);
#12458 = EDGE_CURVE('',#10579,#9667,#12459,.T.);
#12459 = LINE('',#12460,#12461);
#12460 = CARTESIAN_POINT('',(1.7,1.65,0.1));
#12461 = VECTOR('',#12462,1.);
#12462 = DIRECTION('',(0.,0.,-1.));
#12463 = ORIENTED_EDGE('',*,*,#9674,.F.);
#12464 = ORIENTED_EDGE('',*,*,#12386,.F.);
#12465 = PLANE('',#12466);
#12466 = AXIS2_PLACEMENT_3D('',#12467,#12468,#12469);
#12467 = CARTESIAN_POINT('',(3.4,1.65,4.440892098501E-16));
#12468 = DIRECTION('',(0.,-1.,0.));
#12469 = DIRECTION('',(-1.,0.,0.));
#12470 = ADVANCED_FACE('',(#12471),#12482,.T.);
#12471 = FACE_BOUND('',#12472,.T.);
#12472 = EDGE_LOOP('',(#12473,#12474,#12475,#12476));
#12473 = ORIENTED_EDGE('',*,*,#9666,.F.);
#12474 = ORIENTED_EDGE('',*,*,#12458,.F.);
#12475 = ORIENTED_EDGE('',*,*,#10578,.T.);
#12476 = ORIENTED_EDGE('',*,*,#12477,.F.);
#12477 = EDGE_CURVE('',#9659,#10571,#12478,.T.);
#12478 = LINE('',#12479,#12480);
#12479 = CARTESIAN_POINT('',(1.7,1.35,0.1));
#12480 = VECTOR('',#12481,1.);
#12481 = DIRECTION('',(0.,0.,1.));
#12482 = PLANE('',#12483);
#12483 = AXIS2_PLACEMENT_3D('',#12484,#12485,#12486);
#12484 = CARTESIAN_POINT('',(1.7,6.5,0.2));
#12485 = DIRECTION('',(1.,0.,0.));
#12486 = DIRECTION('',(0.,-1.,0.));
#12487 = ADVANCED_FACE('',(#12488),#12556,.T.);
#12488 = FACE_BOUND('',#12489,.T.);
#12489 = EDGE_LOOP('',(#12490,#12500,#12506,#12507,#12508,#12509,#12517,
    #12525,#12533,#12542,#12550));
#12490 = ORIENTED_EDGE('',*,*,#12491,.F.);
#12491 = EDGE_CURVE('',#12492,#12494,#12496,.T.);
#12492 = VERTEX_POINT('',#12493);
#12493 = CARTESIAN_POINT('',(1.6,1.35,4.996003610813E-16));
#12494 = VERTEX_POINT('',#12495);
#12495 = CARTESIAN_POINT('',(3.4,1.35,4.996003610813E-16));
#12496 = LINE('',#12497,#12498);
#12497 = CARTESIAN_POINT('',(1.6,1.35,4.996003610813E-16));
#12498 = VECTOR('',#12499,1.);
#12499 = DIRECTION('',(1.,0.,0.));
#12500 = ORIENTED_EDGE('',*,*,#12501,.T.);
#12501 = EDGE_CURVE('',#12492,#9651,#12502,.T.);
#12502 = LINE('',#12503,#12504);
#12503 = CARTESIAN_POINT('',(1.6,1.35,4.996003610813E-16));
#12504 = VECTOR('',#12505,1.);
#12505 = DIRECTION('',(0.,0.,1.));
#12506 = ORIENTED_EDGE('',*,*,#9658,.F.);
#12507 = ORIENTED_EDGE('',*,*,#12477,.T.);
#12508 = ORIENTED_EDGE('',*,*,#10570,.T.);
#12509 = ORIENTED_EDGE('',*,*,#12510,.T.);
#12510 = EDGE_CURVE('',#10563,#12511,#12513,.T.);
#12511 = VERTEX_POINT('',#12512);
#12512 = CARTESIAN_POINT('',(1.6,1.35,1.8));
#12513 = LINE('',#12514,#12515);
#12514 = CARTESIAN_POINT('',(1.6,1.35,4.996003610813E-16));
#12515 = VECTOR('',#12516,1.);
#12516 = DIRECTION('',(0.,0.,1.));
#12517 = ORIENTED_EDGE('',*,*,#12518,.T.);
#12518 = EDGE_CURVE('',#12511,#12519,#12521,.T.);
#12519 = VERTEX_POINT('',#12520);
#12520 = CARTESIAN_POINT('',(2.7,1.35,1.8));
#12521 = LINE('',#12522,#12523);
#12522 = CARTESIAN_POINT('',(1.6,1.35,1.8));
#12523 = VECTOR('',#12524,1.);
#12524 = DIRECTION('',(1.,0.,0.));
#12525 = ORIENTED_EDGE('',*,*,#12526,.T.);
#12526 = EDGE_CURVE('',#12519,#12527,#12529,.T.);
#12527 = VERTEX_POINT('',#12528);
#12528 = CARTESIAN_POINT('',(2.7,1.35,0.5));
#12529 = LINE('',#12530,#12531);
#12530 = CARTESIAN_POINT('',(2.7,1.35,0.25));
#12531 = VECTOR('',#12532,1.);
#12532 = DIRECTION('',(0.,0.,-1.));
#12533 = ORIENTED_EDGE('',*,*,#12534,.T.);
#12534 = EDGE_CURVE('',#12527,#12535,#12537,.T.);
#12535 = VERTEX_POINT('',#12536);
#12536 = CARTESIAN_POINT('',(2.9,1.35,0.3));
#12537 = CIRCLE('',#12538,0.2);
#12538 = AXIS2_PLACEMENT_3D('',#12539,#12540,#12541);
#12539 = CARTESIAN_POINT('',(2.9,1.35,0.5));
#12540 = DIRECTION('',(0.,-1.,-2.22044604925E-16));
#12541 = DIRECTION('',(1.,0.,0.));
#12542 = ORIENTED_EDGE('',*,*,#12543,.T.);
#12543 = EDGE_CURVE('',#12535,#12544,#12546,.T.);
#12544 = VERTEX_POINT('',#12545);
#12545 = CARTESIAN_POINT('',(3.4,1.35,0.3));
#12546 = LINE('',#12547,#12548);
#12547 = CARTESIAN_POINT('',(3.05,1.35,0.3));
#12548 = VECTOR('',#12549,1.);
#12549 = DIRECTION('',(1.,0.,0.));
#12550 = ORIENTED_EDGE('',*,*,#12551,.F.);
#12551 = EDGE_CURVE('',#12494,#12544,#12552,.T.);
#12552 = LINE('',#12553,#12554);
#12553 = CARTESIAN_POINT('',(3.4,1.35,4.996003610813E-16));
#12554 = VECTOR('',#12555,1.);
#12555 = DIRECTION('',(0.,0.,1.));
#12556 = PLANE('',#12557);
#12557 = AXIS2_PLACEMENT_3D('',#12558,#12559,#12560);
#12558 = CARTESIAN_POINT('',(1.6,1.35,4.996003610813E-16));
#12559 = DIRECTION('',(0.,1.,0.));
#12560 = DIRECTION('',(1.,0.,0.));
#12561 = ADVANCED_FACE('',(#12562),#12580,.T.);
#12562 = FACE_BOUND('',#12563,.T.);
#12563 = EDGE_LOOP('',(#12564,#12572,#12578,#12579));
#12564 = ORIENTED_EDGE('',*,*,#12565,.F.);
#12565 = EDGE_CURVE('',#12566,#12492,#12568,.T.);
#12566 = VERTEX_POINT('',#12567);
#12567 = CARTESIAN_POINT('',(1.6,1.15,4.996003610813E-16));
#12568 = LINE('',#12569,#12570);
#12569 = CARTESIAN_POINT('',(1.6,1.15,4.996003610813E-16));
#12570 = VECTOR('',#12571,1.);
#12571 = DIRECTION('',(0.,1.,0.));
#12572 = ORIENTED_EDGE('',*,*,#12573,.T.);
#12573 = EDGE_CURVE('',#12566,#9643,#12574,.T.);
#12574 = LINE('',#12575,#12576);
#12575 = CARTESIAN_POINT('',(1.6,1.15,4.996003610813E-16));
#12576 = VECTOR('',#12577,1.);
#12577 = DIRECTION('',(0.,0.,1.));
#12578 = ORIENTED_EDGE('',*,*,#9650,.F.);
#12579 = ORIENTED_EDGE('',*,*,#12501,.F.);
#12580 = PLANE('',#12581);
#12581 = AXIS2_PLACEMENT_3D('',#12582,#12583,#12584);
#12582 = CARTESIAN_POINT('',(1.6,1.15,4.996003610813E-16));
#12583 = DIRECTION('',(-1.,0.,0.));
#12584 = DIRECTION('',(0.,1.,0.));
#12585 = ADVANCED_FACE('',(#12586),#12652,.T.);
#12586 = FACE_BOUND('',#12587,.T.);
#12587 = EDGE_LOOP('',(#12588,#12596,#12604,#12612,#12621,#12629,#12637,
    #12643,#12644,#12650,#12651));
#12588 = ORIENTED_EDGE('',*,*,#12589,.F.);
#12589 = EDGE_CURVE('',#12590,#12566,#12592,.T.);
#12590 = VERTEX_POINT('',#12591);
#12591 = CARTESIAN_POINT('',(3.4,1.15,4.996003610813E-16));
#12592 = LINE('',#12593,#12594);
#12593 = CARTESIAN_POINT('',(3.4,1.15,4.996003610813E-16));
#12594 = VECTOR('',#12595,1.);
#12595 = DIRECTION('',(-1.,0.,0.));
#12596 = ORIENTED_EDGE('',*,*,#12597,.T.);
#12597 = EDGE_CURVE('',#12590,#12598,#12600,.T.);
#12598 = VERTEX_POINT('',#12599);
#12599 = CARTESIAN_POINT('',(3.4,1.15,0.3));
#12600 = LINE('',#12601,#12602);
#12601 = CARTESIAN_POINT('',(3.4,1.15,4.996003610813E-16));
#12602 = VECTOR('',#12603,1.);
#12603 = DIRECTION('',(0.,0.,1.));
#12604 = ORIENTED_EDGE('',*,*,#12605,.T.);
#12605 = EDGE_CURVE('',#12598,#12606,#12608,.T.);
#12606 = VERTEX_POINT('',#12607);
#12607 = CARTESIAN_POINT('',(2.9,1.15,0.3));
#12608 = LINE('',#12609,#12610);
#12609 = CARTESIAN_POINT('',(3.95,1.15,0.3));
#12610 = VECTOR('',#12611,1.);
#12611 = DIRECTION('',(-1.,0.,0.));
#12612 = ORIENTED_EDGE('',*,*,#12613,.F.);
#12613 = EDGE_CURVE('',#12614,#12606,#12616,.T.);
#12614 = VERTEX_POINT('',#12615);
#12615 = CARTESIAN_POINT('',(2.7,1.15,0.5));
#12616 = CIRCLE('',#12617,0.2);
#12617 = AXIS2_PLACEMENT_3D('',#12618,#12619,#12620);
#12618 = CARTESIAN_POINT('',(2.9,1.15,0.5));
#12619 = DIRECTION('',(0.,-1.,-2.22044604925E-16));
#12620 = DIRECTION('',(1.,0.,0.));
#12621 = ORIENTED_EDGE('',*,*,#12622,.T.);
#12622 = EDGE_CURVE('',#12614,#12623,#12625,.T.);
#12623 = VERTEX_POINT('',#12624);
#12624 = CARTESIAN_POINT('',(2.7,1.15,1.8));
#12625 = LINE('',#12626,#12627);
#12626 = CARTESIAN_POINT('',(2.7,1.15,0.25));
#12627 = VECTOR('',#12628,1.);
#12628 = DIRECTION('',(0.,0.,1.));
#12629 = ORIENTED_EDGE('',*,*,#12630,.T.);
#12630 = EDGE_CURVE('',#12623,#12631,#12633,.T.);
#12631 = VERTEX_POINT('',#12632);
#12632 = CARTESIAN_POINT('',(1.6,1.15,1.8));
#12633 = LINE('',#12634,#12635);
#12634 = CARTESIAN_POINT('',(3.4,1.15,1.8));
#12635 = VECTOR('',#12636,1.);
#12636 = DIRECTION('',(-1.,0.,0.));
#12637 = ORIENTED_EDGE('',*,*,#12638,.F.);
#12638 = EDGE_CURVE('',#10555,#12631,#12639,.T.);
#12639 = LINE('',#12640,#12641);
#12640 = CARTESIAN_POINT('',(1.6,1.15,4.996003610813E-16));
#12641 = VECTOR('',#12642,1.);
#12642 = DIRECTION('',(0.,0.,1.));
#12643 = ORIENTED_EDGE('',*,*,#10554,.T.);
#12644 = ORIENTED_EDGE('',*,*,#12645,.T.);
#12645 = EDGE_CURVE('',#10547,#9635,#12646,.T.);
#12646 = LINE('',#12647,#12648);
#12647 = CARTESIAN_POINT('',(1.7,1.15,0.1));
#12648 = VECTOR('',#12649,1.);
#12649 = DIRECTION('',(0.,0.,-1.));
#12650 = ORIENTED_EDGE('',*,*,#9642,.F.);
#12651 = ORIENTED_EDGE('',*,*,#12573,.F.);
#12652 = PLANE('',#12653);
#12653 = AXIS2_PLACEMENT_3D('',#12654,#12655,#12656);
#12654 = CARTESIAN_POINT('',(3.4,1.15,4.996003610813E-16));
#12655 = DIRECTION('',(0.,-1.,0.));
#12656 = DIRECTION('',(-1.,0.,0.));
#12657 = ADVANCED_FACE('',(#12658),#12669,.T.);
#12658 = FACE_BOUND('',#12659,.T.);
#12659 = EDGE_LOOP('',(#12660,#12661,#12662,#12663));
#12660 = ORIENTED_EDGE('',*,*,#9634,.F.);
#12661 = ORIENTED_EDGE('',*,*,#12645,.F.);
#12662 = ORIENTED_EDGE('',*,*,#10546,.T.);
#12663 = ORIENTED_EDGE('',*,*,#12664,.F.);
#12664 = EDGE_CURVE('',#9627,#10539,#12665,.T.);
#12665 = LINE('',#12666,#12667);
#12666 = CARTESIAN_POINT('',(1.7,0.85,0.1));
#12667 = VECTOR('',#12668,1.);
#12668 = DIRECTION('',(0.,0.,1.));
#12669 = PLANE('',#12670);
#12670 = AXIS2_PLACEMENT_3D('',#12671,#12672,#12673);
#12671 = CARTESIAN_POINT('',(1.7,6.5,0.2));
#12672 = DIRECTION('',(1.,0.,0.));
#12673 = DIRECTION('',(0.,-1.,0.));
#12674 = ADVANCED_FACE('',(#12675),#12743,.T.);
#12675 = FACE_BOUND('',#12676,.T.);
#12676 = EDGE_LOOP('',(#12677,#12687,#12693,#12694,#12695,#12696,#12704,
    #12712,#12720,#12729,#12737));
#12677 = ORIENTED_EDGE('',*,*,#12678,.F.);
#12678 = EDGE_CURVE('',#12679,#12681,#12683,.T.);
#12679 = VERTEX_POINT('',#12680);
#12680 = CARTESIAN_POINT('',(1.6,0.85,5.551115123126E-16));
#12681 = VERTEX_POINT('',#12682);
#12682 = CARTESIAN_POINT('',(3.4,0.85,5.551115123126E-16));
#12683 = LINE('',#12684,#12685);
#12684 = CARTESIAN_POINT('',(1.6,0.85,5.551115123126E-16));
#12685 = VECTOR('',#12686,1.);
#12686 = DIRECTION('',(1.,0.,0.));
#12687 = ORIENTED_EDGE('',*,*,#12688,.T.);
#12688 = EDGE_CURVE('',#12679,#9619,#12689,.T.);
#12689 = LINE('',#12690,#12691);
#12690 = CARTESIAN_POINT('',(1.6,0.85,5.551115123126E-16));
#12691 = VECTOR('',#12692,1.);
#12692 = DIRECTION('',(0.,0.,1.));
#12693 = ORIENTED_EDGE('',*,*,#9626,.F.);
#12694 = ORIENTED_EDGE('',*,*,#12664,.T.);
#12695 = ORIENTED_EDGE('',*,*,#10538,.T.);
#12696 = ORIENTED_EDGE('',*,*,#12697,.T.);
#12697 = EDGE_CURVE('',#10531,#12698,#12700,.T.);
#12698 = VERTEX_POINT('',#12699);
#12699 = CARTESIAN_POINT('',(1.6,0.85,1.8));
#12700 = LINE('',#12701,#12702);
#12701 = CARTESIAN_POINT('',(1.6,0.85,5.551115123126E-16));
#12702 = VECTOR('',#12703,1.);
#12703 = DIRECTION('',(0.,0.,1.));
#12704 = ORIENTED_EDGE('',*,*,#12705,.T.);
#12705 = EDGE_CURVE('',#12698,#12706,#12708,.T.);
#12706 = VERTEX_POINT('',#12707);
#12707 = CARTESIAN_POINT('',(2.7,0.85,1.8));
#12708 = LINE('',#12709,#12710);
#12709 = CARTESIAN_POINT('',(1.6,0.85,1.8));
#12710 = VECTOR('',#12711,1.);
#12711 = DIRECTION('',(1.,0.,0.));
#12712 = ORIENTED_EDGE('',*,*,#12713,.T.);
#12713 = EDGE_CURVE('',#12706,#12714,#12716,.T.);
#12714 = VERTEX_POINT('',#12715);
#12715 = CARTESIAN_POINT('',(2.7,0.85,0.5));
#12716 = LINE('',#12717,#12718);
#12717 = CARTESIAN_POINT('',(2.7,0.85,0.25));
#12718 = VECTOR('',#12719,1.);
#12719 = DIRECTION('',(0.,0.,-1.));
#12720 = ORIENTED_EDGE('',*,*,#12721,.T.);
#12721 = EDGE_CURVE('',#12714,#12722,#12724,.T.);
#12722 = VERTEX_POINT('',#12723);
#12723 = CARTESIAN_POINT('',(2.9,0.85,0.3));
#12724 = CIRCLE('',#12725,0.2);
#12725 = AXIS2_PLACEMENT_3D('',#12726,#12727,#12728);
#12726 = CARTESIAN_POINT('',(2.9,0.85,0.5));
#12727 = DIRECTION('',(0.,-1.,-2.22044604925E-16));
#12728 = DIRECTION('',(1.,0.,0.));
#12729 = ORIENTED_EDGE('',*,*,#12730,.T.);
#12730 = EDGE_CURVE('',#12722,#12731,#12733,.T.);
#12731 = VERTEX_POINT('',#12732);
#12732 = CARTESIAN_POINT('',(3.4,0.85,0.3));
#12733 = LINE('',#12734,#12735);
#12734 = CARTESIAN_POINT('',(3.05,0.85,0.3));
#12735 = VECTOR('',#12736,1.);
#12736 = DIRECTION('',(1.,0.,0.));
#12737 = ORIENTED_EDGE('',*,*,#12738,.F.);
#12738 = EDGE_CURVE('',#12681,#12731,#12739,.T.);
#12739 = LINE('',#12740,#12741);
#12740 = CARTESIAN_POINT('',(3.4,0.85,5.551115123126E-16));
#12741 = VECTOR('',#12742,1.);
#12742 = DIRECTION('',(0.,0.,1.));
#12743 = PLANE('',#12744);
#12744 = AXIS2_PLACEMENT_3D('',#12745,#12746,#12747);
#12745 = CARTESIAN_POINT('',(1.6,0.85,5.551115123126E-16));
#12746 = DIRECTION('',(0.,1.,0.));
#12747 = DIRECTION('',(1.,0.,0.));
#12748 = ADVANCED_FACE('',(#12749),#12767,.T.);
#12749 = FACE_BOUND('',#12750,.T.);
#12750 = EDGE_LOOP('',(#12751,#12759,#12765,#12766));
#12751 = ORIENTED_EDGE('',*,*,#12752,.F.);
#12752 = EDGE_CURVE('',#12753,#12679,#12755,.T.);
#12753 = VERTEX_POINT('',#12754);
#12754 = CARTESIAN_POINT('',(1.6,0.65,5.551115123126E-16));
#12755 = LINE('',#12756,#12757);
#12756 = CARTESIAN_POINT('',(1.6,0.65,5.551115123126E-16));
#12757 = VECTOR('',#12758,1.);
#12758 = DIRECTION('',(0.,1.,0.));
#12759 = ORIENTED_EDGE('',*,*,#12760,.T.);
#12760 = EDGE_CURVE('',#12753,#9611,#12761,.T.);
#12761 = LINE('',#12762,#12763);
#12762 = CARTESIAN_POINT('',(1.6,0.65,5.551115123126E-16));
#12763 = VECTOR('',#12764,1.);
#12764 = DIRECTION('',(0.,0.,1.));
#12765 = ORIENTED_EDGE('',*,*,#9618,.F.);
#12766 = ORIENTED_EDGE('',*,*,#12688,.F.);
#12767 = PLANE('',#12768);
#12768 = AXIS2_PLACEMENT_3D('',#12769,#12770,#12771);
#12769 = CARTESIAN_POINT('',(1.6,0.65,5.551115123126E-16));
#12770 = DIRECTION('',(-1.,0.,0.));
#12771 = DIRECTION('',(0.,1.,0.));
#12772 = ADVANCED_FACE('',(#12773),#12839,.T.);
#12773 = FACE_BOUND('',#12774,.T.);
#12774 = EDGE_LOOP('',(#12775,#12783,#12791,#12799,#12808,#12816,#12824,
    #12830,#12831,#12837,#12838));
#12775 = ORIENTED_EDGE('',*,*,#12776,.F.);
#12776 = EDGE_CURVE('',#12777,#12753,#12779,.T.);
#12777 = VERTEX_POINT('',#12778);
#12778 = CARTESIAN_POINT('',(3.4,0.65,5.551115123126E-16));
#12779 = LINE('',#12780,#12781);
#12780 = CARTESIAN_POINT('',(3.4,0.65,5.551115123126E-16));
#12781 = VECTOR('',#12782,1.);
#12782 = DIRECTION('',(-1.,0.,0.));
#12783 = ORIENTED_EDGE('',*,*,#12784,.T.);
#12784 = EDGE_CURVE('',#12777,#12785,#12787,.T.);
#12785 = VERTEX_POINT('',#12786);
#12786 = CARTESIAN_POINT('',(3.4,0.65,0.3));
#12787 = LINE('',#12788,#12789);
#12788 = CARTESIAN_POINT('',(3.4,0.65,5.551115123126E-16));
#12789 = VECTOR('',#12790,1.);
#12790 = DIRECTION('',(0.,0.,1.));
#12791 = ORIENTED_EDGE('',*,*,#12792,.T.);
#12792 = EDGE_CURVE('',#12785,#12793,#12795,.T.);
#12793 = VERTEX_POINT('',#12794);
#12794 = CARTESIAN_POINT('',(2.9,0.65,0.3));
#12795 = LINE('',#12796,#12797);
#12796 = CARTESIAN_POINT('',(3.95,0.65,0.3));
#12797 = VECTOR('',#12798,1.);
#12798 = DIRECTION('',(-1.,0.,0.));
#12799 = ORIENTED_EDGE('',*,*,#12800,.F.);
#12800 = EDGE_CURVE('',#12801,#12793,#12803,.T.);
#12801 = VERTEX_POINT('',#12802);
#12802 = CARTESIAN_POINT('',(2.7,0.65,0.5));
#12803 = CIRCLE('',#12804,0.2);
#12804 = AXIS2_PLACEMENT_3D('',#12805,#12806,#12807);
#12805 = CARTESIAN_POINT('',(2.9,0.65,0.5));
#12806 = DIRECTION('',(0.,-1.,-2.22044604925E-16));
#12807 = DIRECTION('',(1.,0.,0.));
#12808 = ORIENTED_EDGE('',*,*,#12809,.T.);
#12809 = EDGE_CURVE('',#12801,#12810,#12812,.T.);
#12810 = VERTEX_POINT('',#12811);
#12811 = CARTESIAN_POINT('',(2.7,0.65,1.8));
#12812 = LINE('',#12813,#12814);
#12813 = CARTESIAN_POINT('',(2.7,0.65,0.25));
#12814 = VECTOR('',#12815,1.);
#12815 = DIRECTION('',(0.,0.,1.));
#12816 = ORIENTED_EDGE('',*,*,#12817,.T.);
#12817 = EDGE_CURVE('',#12810,#12818,#12820,.T.);
#12818 = VERTEX_POINT('',#12819);
#12819 = CARTESIAN_POINT('',(1.6,0.65,1.8));
#12820 = LINE('',#12821,#12822);
#12821 = CARTESIAN_POINT('',(3.4,0.65,1.8));
#12822 = VECTOR('',#12823,1.);
#12823 = DIRECTION('',(-1.,0.,0.));
#12824 = ORIENTED_EDGE('',*,*,#12825,.F.);
#12825 = EDGE_CURVE('',#10523,#12818,#12826,.T.);
#12826 = LINE('',#12827,#12828);
#12827 = CARTESIAN_POINT('',(1.6,0.65,5.551115123126E-16));
#12828 = VECTOR('',#12829,1.);
#12829 = DIRECTION('',(0.,0.,1.));
#12830 = ORIENTED_EDGE('',*,*,#10522,.T.);
#12831 = ORIENTED_EDGE('',*,*,#12832,.T.);
#12832 = EDGE_CURVE('',#10515,#9603,#12833,.T.);
#12833 = LINE('',#12834,#12835);
#12834 = CARTESIAN_POINT('',(1.7,0.65,0.1));
#12835 = VECTOR('',#12836,1.);
#12836 = DIRECTION('',(0.,0.,-1.));
#12837 = ORIENTED_EDGE('',*,*,#9610,.F.);
#12838 = ORIENTED_EDGE('',*,*,#12760,.F.);
#12839 = PLANE('',#12840);
#12840 = AXIS2_PLACEMENT_3D('',#12841,#12842,#12843);
#12841 = CARTESIAN_POINT('',(3.4,0.65,5.551115123126E-16));
#12842 = DIRECTION('',(0.,-1.,0.));
#12843 = DIRECTION('',(-1.,0.,0.));
#12844 = ADVANCED_FACE('',(#12845),#12856,.T.);
#12845 = FACE_BOUND('',#12846,.T.);
#12846 = EDGE_LOOP('',(#12847,#12848,#12849,#12850));
#12847 = ORIENTED_EDGE('',*,*,#9602,.F.);
#12848 = ORIENTED_EDGE('',*,*,#12832,.F.);
#12849 = ORIENTED_EDGE('',*,*,#10514,.T.);
#12850 = ORIENTED_EDGE('',*,*,#12851,.F.);
#12851 = EDGE_CURVE('',#9595,#10507,#12852,.T.);
#12852 = LINE('',#12853,#12854);
#12853 = CARTESIAN_POINT('',(1.7,0.35,0.1));
#12854 = VECTOR('',#12855,1.);
#12855 = DIRECTION('',(0.,0.,1.));
#12856 = PLANE('',#12857);
#12857 = AXIS2_PLACEMENT_3D('',#12858,#12859,#12860);
#12858 = CARTESIAN_POINT('',(1.7,6.5,0.2));
#12859 = DIRECTION('',(1.,0.,0.));
#12860 = DIRECTION('',(0.,-1.,0.));
#12861 = ADVANCED_FACE('',(#12862),#12930,.T.);
#12862 = FACE_BOUND('',#12863,.T.);
#12863 = EDGE_LOOP('',(#12864,#12874,#12880,#12881,#12882,#12883,#12891,
    #12899,#12907,#12916,#12924));
#12864 = ORIENTED_EDGE('',*,*,#12865,.F.);
#12865 = EDGE_CURVE('',#12866,#12868,#12870,.T.);
#12866 = VERTEX_POINT('',#12867);
#12867 = CARTESIAN_POINT('',(1.6,0.35,6.106226635438E-16));
#12868 = VERTEX_POINT('',#12869);
#12869 = CARTESIAN_POINT('',(3.4,0.35,6.106226635438E-16));
#12870 = LINE('',#12871,#12872);
#12871 = CARTESIAN_POINT('',(1.6,0.35,6.106226635438E-16));
#12872 = VECTOR('',#12873,1.);
#12873 = DIRECTION('',(1.,0.,0.));
#12874 = ORIENTED_EDGE('',*,*,#12875,.T.);
#12875 = EDGE_CURVE('',#12866,#9587,#12876,.T.);
#12876 = LINE('',#12877,#12878);
#12877 = CARTESIAN_POINT('',(1.6,0.35,6.106226635438E-16));
#12878 = VECTOR('',#12879,1.);
#12879 = DIRECTION('',(0.,0.,1.));
#12880 = ORIENTED_EDGE('',*,*,#9594,.F.);
#12881 = ORIENTED_EDGE('',*,*,#12851,.T.);
#12882 = ORIENTED_EDGE('',*,*,#10506,.T.);
#12883 = ORIENTED_EDGE('',*,*,#12884,.T.);
#12884 = EDGE_CURVE('',#10499,#12885,#12887,.T.);
#12885 = VERTEX_POINT('',#12886);
#12886 = CARTESIAN_POINT('',(1.6,0.35,1.8));
#12887 = LINE('',#12888,#12889);
#12888 = CARTESIAN_POINT('',(1.6,0.35,6.106226635438E-16));
#12889 = VECTOR('',#12890,1.);
#12890 = DIRECTION('',(0.,0.,1.));
#12891 = ORIENTED_EDGE('',*,*,#12892,.T.);
#12892 = EDGE_CURVE('',#12885,#12893,#12895,.T.);
#12893 = VERTEX_POINT('',#12894);
#12894 = CARTESIAN_POINT('',(2.7,0.35,1.8));
#12895 = LINE('',#12896,#12897);
#12896 = CARTESIAN_POINT('',(1.6,0.35,1.8));
#12897 = VECTOR('',#12898,1.);
#12898 = DIRECTION('',(1.,0.,0.));
#12899 = ORIENTED_EDGE('',*,*,#12900,.T.);
#12900 = EDGE_CURVE('',#12893,#12901,#12903,.T.);
#12901 = VERTEX_POINT('',#12902);
#12902 = CARTESIAN_POINT('',(2.7,0.35,0.5));
#12903 = LINE('',#12904,#12905);
#12904 = CARTESIAN_POINT('',(2.7,0.35,0.25));
#12905 = VECTOR('',#12906,1.);
#12906 = DIRECTION('',(0.,0.,-1.));
#12907 = ORIENTED_EDGE('',*,*,#12908,.T.);
#12908 = EDGE_CURVE('',#12901,#12909,#12911,.T.);
#12909 = VERTEX_POINT('',#12910);
#12910 = CARTESIAN_POINT('',(2.9,0.35,0.3));
#12911 = CIRCLE('',#12912,0.2);
#12912 = AXIS2_PLACEMENT_3D('',#12913,#12914,#12915);
#12913 = CARTESIAN_POINT('',(2.9,0.35,0.5));
#12914 = DIRECTION('',(0.,-1.,-2.22044604925E-16));
#12915 = DIRECTION('',(1.,0.,0.));
#12916 = ORIENTED_EDGE('',*,*,#12917,.T.);
#12917 = EDGE_CURVE('',#12909,#12918,#12920,.T.);
#12918 = VERTEX_POINT('',#12919);
#12919 = CARTESIAN_POINT('',(3.4,0.35,0.3));
#12920 = LINE('',#12921,#12922);
#12921 = CARTESIAN_POINT('',(3.05,0.35,0.3));
#12922 = VECTOR('',#12923,1.);
#12923 = DIRECTION('',(1.,0.,0.));
#12924 = ORIENTED_EDGE('',*,*,#12925,.F.);
#12925 = EDGE_CURVE('',#12868,#12918,#12926,.T.);
#12926 = LINE('',#12927,#12928);
#12927 = CARTESIAN_POINT('',(3.4,0.35,6.106226635438E-16));
#12928 = VECTOR('',#12929,1.);
#12929 = DIRECTION('',(0.,0.,1.));
#12930 = PLANE('',#12931);
#12931 = AXIS2_PLACEMENT_3D('',#12932,#12933,#12934);
#12932 = CARTESIAN_POINT('',(1.6,0.35,6.106226635438E-16));
#12933 = DIRECTION('',(0.,1.,0.));
#12934 = DIRECTION('',(1.,0.,0.));
#12935 = ADVANCED_FACE('',(#12936),#12954,.T.);
#12936 = FACE_BOUND('',#12937,.T.);
#12937 = EDGE_LOOP('',(#12938,#12946,#12952,#12953));
#12938 = ORIENTED_EDGE('',*,*,#12939,.F.);
#12939 = EDGE_CURVE('',#12940,#12866,#12942,.T.);
#12940 = VERTEX_POINT('',#12941);
#12941 = CARTESIAN_POINT('',(1.6,0.15,6.106226635438E-16));
#12942 = LINE('',#12943,#12944);
#12943 = CARTESIAN_POINT('',(1.6,0.15,6.106226635438E-16));
#12944 = VECTOR('',#12945,1.);
#12945 = DIRECTION('',(0.,1.,0.));
#12946 = ORIENTED_EDGE('',*,*,#12947,.T.);
#12947 = EDGE_CURVE('',#12940,#9579,#12948,.T.);
#12948 = LINE('',#12949,#12950);
#12949 = CARTESIAN_POINT('',(1.6,0.15,6.106226635438E-16));
#12950 = VECTOR('',#12951,1.);
#12951 = DIRECTION('',(0.,0.,1.));
#12952 = ORIENTED_EDGE('',*,*,#9586,.F.);
#12953 = ORIENTED_EDGE('',*,*,#12875,.F.);
#12954 = PLANE('',#12955);
#12955 = AXIS2_PLACEMENT_3D('',#12956,#12957,#12958);
#12956 = CARTESIAN_POINT('',(1.6,0.15,6.106226635438E-16));
#12957 = DIRECTION('',(-1.,0.,0.));
#12958 = DIRECTION('',(0.,1.,0.));
#12959 = ADVANCED_FACE('',(#12960),#13026,.T.);
#12960 = FACE_BOUND('',#12961,.T.);
#12961 = EDGE_LOOP('',(#12962,#12970,#12978,#12986,#12995,#13003,#13011,
    #13017,#13018,#13024,#13025));
#12962 = ORIENTED_EDGE('',*,*,#12963,.F.);
#12963 = EDGE_CURVE('',#12964,#12940,#12966,.T.);
#12964 = VERTEX_POINT('',#12965);
#12965 = CARTESIAN_POINT('',(3.4,0.15,6.106226635438E-16));
#12966 = LINE('',#12967,#12968);
#12967 = CARTESIAN_POINT('',(3.4,0.15,6.106226635438E-16));
#12968 = VECTOR('',#12969,1.);
#12969 = DIRECTION('',(-1.,0.,0.));
#12970 = ORIENTED_EDGE('',*,*,#12971,.T.);
#12971 = EDGE_CURVE('',#12964,#12972,#12974,.T.);
#12972 = VERTEX_POINT('',#12973);
#12973 = CARTESIAN_POINT('',(3.4,0.15,0.3));
#12974 = LINE('',#12975,#12976);
#12975 = CARTESIAN_POINT('',(3.4,0.15,6.106226635438E-16));
#12976 = VECTOR('',#12977,1.);
#12977 = DIRECTION('',(0.,0.,1.));
#12978 = ORIENTED_EDGE('',*,*,#12979,.T.);
#12979 = EDGE_CURVE('',#12972,#12980,#12982,.T.);
#12980 = VERTEX_POINT('',#12981);
#12981 = CARTESIAN_POINT('',(2.9,0.15,0.3));
#12982 = LINE('',#12983,#12984);
#12983 = CARTESIAN_POINT('',(3.95,0.15,0.3));
#12984 = VECTOR('',#12985,1.);
#12985 = DIRECTION('',(-1.,0.,0.));
#12986 = ORIENTED_EDGE('',*,*,#12987,.F.);
#12987 = EDGE_CURVE('',#12988,#12980,#12990,.T.);
#12988 = VERTEX_POINT('',#12989);
#12989 = CARTESIAN_POINT('',(2.7,0.15,0.5));
#12990 = CIRCLE('',#12991,0.2);
#12991 = AXIS2_PLACEMENT_3D('',#12992,#12993,#12994);
#12992 = CARTESIAN_POINT('',(2.9,0.15,0.5));
#12993 = DIRECTION('',(0.,-1.,-2.22044604925E-16));
#12994 = DIRECTION('',(1.,0.,0.));
#12995 = ORIENTED_EDGE('',*,*,#12996,.T.);
#12996 = EDGE_CURVE('',#12988,#12997,#12999,.T.);
#12997 = VERTEX_POINT('',#12998);
#12998 = CARTESIAN_POINT('',(2.7,0.15,1.8));
#12999 = LINE('',#13000,#13001);
#13000 = CARTESIAN_POINT('',(2.7,0.15,0.25));
#13001 = VECTOR('',#13002,1.);
#13002 = DIRECTION('',(0.,0.,1.));
#13003 = ORIENTED_EDGE('',*,*,#13004,.T.);
#13004 = EDGE_CURVE('',#12997,#13005,#13007,.T.);
#13005 = VERTEX_POINT('',#13006);
#13006 = CARTESIAN_POINT('',(1.6,0.15,1.8));
#13007 = LINE('',#13008,#13009);
#13008 = CARTESIAN_POINT('',(3.4,0.15,1.8));
#13009 = VECTOR('',#13010,1.);
#13010 = DIRECTION('',(-1.,0.,0.));
#13011 = ORIENTED_EDGE('',*,*,#13012,.F.);
#13012 = EDGE_CURVE('',#10491,#13005,#13013,.T.);
#13013 = LINE('',#13014,#13015);
#13014 = CARTESIAN_POINT('',(1.6,0.15,6.106226635438E-16));
#13015 = VECTOR('',#13016,1.);
#13016 = DIRECTION('',(0.,0.,1.));
#13017 = ORIENTED_EDGE('',*,*,#10490,.T.);
#13018 = ORIENTED_EDGE('',*,*,#13019,.T.);
#13019 = EDGE_CURVE('',#10483,#9571,#13020,.T.);
#13020 = LINE('',#13021,#13022);
#13021 = CARTESIAN_POINT('',(1.7,0.15,0.1));
#13022 = VECTOR('',#13023,1.);
#13023 = DIRECTION('',(0.,0.,-1.));
#13024 = ORIENTED_EDGE('',*,*,#9578,.F.);
#13025 = ORIENTED_EDGE('',*,*,#12947,.F.);
#13026 = PLANE('',#13027);
#13027 = AXIS2_PLACEMENT_3D('',#13028,#13029,#13030);
#13028 = CARTESIAN_POINT('',(3.4,0.15,6.106226635438E-16));
#13029 = DIRECTION('',(0.,-1.,0.));
#13030 = DIRECTION('',(-1.,0.,0.));
#13031 = ADVANCED_FACE('',(#13032),#13043,.T.);
#13032 = FACE_BOUND('',#13033,.T.);
#13033 = EDGE_LOOP('',(#13034,#13035,#13036,#13037));
#13034 = ORIENTED_EDGE('',*,*,#9570,.F.);
#13035 = ORIENTED_EDGE('',*,*,#13019,.F.);
#13036 = ORIENTED_EDGE('',*,*,#10482,.T.);
#13037 = ORIENTED_EDGE('',*,*,#13038,.F.);
#13038 = EDGE_CURVE('',#9563,#10475,#13039,.T.);
#13039 = LINE('',#13040,#13041);
#13040 = CARTESIAN_POINT('',(1.7,-0.15,0.1));
#13041 = VECTOR('',#13042,1.);
#13042 = DIRECTION('',(0.,0.,1.));
#13043 = PLANE('',#13044);
#13044 = AXIS2_PLACEMENT_3D('',#13045,#13046,#13047);
#13045 = CARTESIAN_POINT('',(1.7,6.5,0.2));
#13046 = DIRECTION('',(1.,0.,0.));
#13047 = DIRECTION('',(0.,-1.,0.));
#13048 = ADVANCED_FACE('',(#13049),#13117,.T.);
#13049 = FACE_BOUND('',#13050,.T.);
#13050 = EDGE_LOOP('',(#13051,#13061,#13067,#13068,#13069,#13070,#13078,
    #13086,#13094,#13103,#13111));
#13051 = ORIENTED_EDGE('',*,*,#13052,.F.);
#13052 = EDGE_CURVE('',#13053,#13055,#13057,.T.);
#13053 = VERTEX_POINT('',#13054);
#13054 = CARTESIAN_POINT('',(1.6,-0.15,6.661338147751E-16));
#13055 = VERTEX_POINT('',#13056);
#13056 = CARTESIAN_POINT('',(3.4,-0.15,6.661338147751E-16));
#13057 = LINE('',#13058,#13059);
#13058 = CARTESIAN_POINT('',(1.6,-0.15,6.661338147751E-16));
#13059 = VECTOR('',#13060,1.);
#13060 = DIRECTION('',(1.,0.,0.));
#13061 = ORIENTED_EDGE('',*,*,#13062,.T.);
#13062 = EDGE_CURVE('',#13053,#9555,#13063,.T.);
#13063 = LINE('',#13064,#13065);
#13064 = CARTESIAN_POINT('',(1.6,-0.15,6.661338147751E-16));
#13065 = VECTOR('',#13066,1.);
#13066 = DIRECTION('',(0.,0.,1.));
#13067 = ORIENTED_EDGE('',*,*,#9562,.F.);
#13068 = ORIENTED_EDGE('',*,*,#13038,.T.);
#13069 = ORIENTED_EDGE('',*,*,#10474,.T.);
#13070 = ORIENTED_EDGE('',*,*,#13071,.T.);
#13071 = EDGE_CURVE('',#10467,#13072,#13074,.T.);
#13072 = VERTEX_POINT('',#13073);
#13073 = CARTESIAN_POINT('',(1.6,-0.15,1.8));
#13074 = LINE('',#13075,#13076);
#13075 = CARTESIAN_POINT('',(1.6,-0.15,6.661338147751E-16));
#13076 = VECTOR('',#13077,1.);
#13077 = DIRECTION('',(0.,0.,1.));
#13078 = ORIENTED_EDGE('',*,*,#13079,.T.);
#13079 = EDGE_CURVE('',#13072,#13080,#13082,.T.);
#13080 = VERTEX_POINT('',#13081);
#13081 = CARTESIAN_POINT('',(2.7,-0.15,1.8));
#13082 = LINE('',#13083,#13084);
#13083 = CARTESIAN_POINT('',(1.6,-0.15,1.8));
#13084 = VECTOR('',#13085,1.);
#13085 = DIRECTION('',(1.,0.,0.));
#13086 = ORIENTED_EDGE('',*,*,#13087,.T.);
#13087 = EDGE_CURVE('',#13080,#13088,#13090,.T.);
#13088 = VERTEX_POINT('',#13089);
#13089 = CARTESIAN_POINT('',(2.7,-0.15,0.5));
#13090 = LINE('',#13091,#13092);
#13091 = CARTESIAN_POINT('',(2.7,-0.15,0.25));
#13092 = VECTOR('',#13093,1.);
#13093 = DIRECTION('',(0.,0.,-1.));
#13094 = ORIENTED_EDGE('',*,*,#13095,.T.);
#13095 = EDGE_CURVE('',#13088,#13096,#13098,.T.);
#13096 = VERTEX_POINT('',#13097);
#13097 = CARTESIAN_POINT('',(2.9,-0.15,0.3));
#13098 = CIRCLE('',#13099,0.2);
#13099 = AXIS2_PLACEMENT_3D('',#13100,#13101,#13102);
#13100 = CARTESIAN_POINT('',(2.9,-0.15,0.5));
#13101 = DIRECTION('',(0.,-1.,-2.22044604925E-16));
#13102 = DIRECTION('',(1.,0.,0.));
#13103 = ORIENTED_EDGE('',*,*,#13104,.T.);
#13104 = EDGE_CURVE('',#13096,#13105,#13107,.T.);
#13105 = VERTEX_POINT('',#13106);
#13106 = CARTESIAN_POINT('',(3.4,-0.15,0.3));
#13107 = LINE('',#13108,#13109);
#13108 = CARTESIAN_POINT('',(3.05,-0.15,0.3));
#13109 = VECTOR('',#13110,1.);
#13110 = DIRECTION('',(1.,0.,0.));
#13111 = ORIENTED_EDGE('',*,*,#13112,.F.);
#13112 = EDGE_CURVE('',#13055,#13105,#13113,.T.);
#13113 = LINE('',#13114,#13115);
#13114 = CARTESIAN_POINT('',(3.4,-0.15,6.661338147751E-16));
#13115 = VECTOR('',#13116,1.);
#13116 = DIRECTION('',(0.,0.,1.));
#13117 = PLANE('',#13118);
#13118 = AXIS2_PLACEMENT_3D('',#13119,#13120,#13121);
#13119 = CARTESIAN_POINT('',(1.6,-0.15,6.661338147751E-16));
#13120 = DIRECTION('',(0.,1.,0.));
#13121 = DIRECTION('',(1.,0.,0.));
#13122 = ADVANCED_FACE('',(#13123),#13141,.T.);
#13123 = FACE_BOUND('',#13124,.T.);
#13124 = EDGE_LOOP('',(#13125,#13133,#13139,#13140));
#13125 = ORIENTED_EDGE('',*,*,#13126,.F.);
#13126 = EDGE_CURVE('',#13127,#13053,#13129,.T.);
#13127 = VERTEX_POINT('',#13128);
#13128 = CARTESIAN_POINT('',(1.6,-0.35,6.661338147751E-16));
#13129 = LINE('',#13130,#13131);
#13130 = CARTESIAN_POINT('',(1.6,-0.35,6.661338147751E-16));
#13131 = VECTOR('',#13132,1.);
#13132 = DIRECTION('',(0.,1.,0.));
#13133 = ORIENTED_EDGE('',*,*,#13134,.T.);
#13134 = EDGE_CURVE('',#13127,#9547,#13135,.T.);
#13135 = LINE('',#13136,#13137);
#13136 = CARTESIAN_POINT('',(1.6,-0.35,6.661338147751E-16));
#13137 = VECTOR('',#13138,1.);
#13138 = DIRECTION('',(0.,0.,1.));
#13139 = ORIENTED_EDGE('',*,*,#9554,.F.);
#13140 = ORIENTED_EDGE('',*,*,#13062,.F.);
#13141 = PLANE('',#13142);
#13142 = AXIS2_PLACEMENT_3D('',#13143,#13144,#13145);
#13143 = CARTESIAN_POINT('',(1.6,-0.35,6.661338147751E-16));
#13144 = DIRECTION('',(-1.,0.,0.));
#13145 = DIRECTION('',(0.,1.,0.));
#13146 = ADVANCED_FACE('',(#13147),#13213,.T.);
#13147 = FACE_BOUND('',#13148,.T.);
#13148 = EDGE_LOOP('',(#13149,#13157,#13165,#13173,#13182,#13190,#13198,
    #13204,#13205,#13211,#13212));
#13149 = ORIENTED_EDGE('',*,*,#13150,.F.);
#13150 = EDGE_CURVE('',#13151,#13127,#13153,.T.);
#13151 = VERTEX_POINT('',#13152);
#13152 = CARTESIAN_POINT('',(3.4,-0.35,6.661338147751E-16));
#13153 = LINE('',#13154,#13155);
#13154 = CARTESIAN_POINT('',(3.4,-0.35,6.661338147751E-16));
#13155 = VECTOR('',#13156,1.);
#13156 = DIRECTION('',(-1.,0.,0.));
#13157 = ORIENTED_EDGE('',*,*,#13158,.T.);
#13158 = EDGE_CURVE('',#13151,#13159,#13161,.T.);
#13159 = VERTEX_POINT('',#13160);
#13160 = CARTESIAN_POINT('',(3.4,-0.35,0.3));
#13161 = LINE('',#13162,#13163);
#13162 = CARTESIAN_POINT('',(3.4,-0.35,6.661338147751E-16));
#13163 = VECTOR('',#13164,1.);
#13164 = DIRECTION('',(0.,0.,1.));
#13165 = ORIENTED_EDGE('',*,*,#13166,.T.);
#13166 = EDGE_CURVE('',#13159,#13167,#13169,.T.);
#13167 = VERTEX_POINT('',#13168);
#13168 = CARTESIAN_POINT('',(2.9,-0.35,0.3));
#13169 = LINE('',#13170,#13171);
#13170 = CARTESIAN_POINT('',(3.95,-0.35,0.3));
#13171 = VECTOR('',#13172,1.);
#13172 = DIRECTION('',(-1.,0.,0.));
#13173 = ORIENTED_EDGE('',*,*,#13174,.F.);
#13174 = EDGE_CURVE('',#13175,#13167,#13177,.T.);
#13175 = VERTEX_POINT('',#13176);
#13176 = CARTESIAN_POINT('',(2.7,-0.35,0.5));
#13177 = CIRCLE('',#13178,0.2);
#13178 = AXIS2_PLACEMENT_3D('',#13179,#13180,#13181);
#13179 = CARTESIAN_POINT('',(2.9,-0.35,0.5));
#13180 = DIRECTION('',(0.,-1.,-2.22044604925E-16));
#13181 = DIRECTION('',(1.,0.,0.));
#13182 = ORIENTED_EDGE('',*,*,#13183,.T.);
#13183 = EDGE_CURVE('',#13175,#13184,#13186,.T.);
#13184 = VERTEX_POINT('',#13185);
#13185 = CARTESIAN_POINT('',(2.7,-0.35,1.8));
#13186 = LINE('',#13187,#13188);
#13187 = CARTESIAN_POINT('',(2.7,-0.35,0.25));
#13188 = VECTOR('',#13189,1.);
#13189 = DIRECTION('',(0.,0.,1.));
#13190 = ORIENTED_EDGE('',*,*,#13191,.T.);
#13191 = EDGE_CURVE('',#13184,#13192,#13194,.T.);
#13192 = VERTEX_POINT('',#13193);
#13193 = CARTESIAN_POINT('',(1.6,-0.35,1.8));
#13194 = LINE('',#13195,#13196);
#13195 = CARTESIAN_POINT('',(3.4,-0.35,1.8));
#13196 = VECTOR('',#13197,1.);
#13197 = DIRECTION('',(-1.,0.,0.));
#13198 = ORIENTED_EDGE('',*,*,#13199,.F.);
#13199 = EDGE_CURVE('',#10459,#13192,#13200,.T.);
#13200 = LINE('',#13201,#13202);
#13201 = CARTESIAN_POINT('',(1.6,-0.35,6.661338147751E-16));
#13202 = VECTOR('',#13203,1.);
#13203 = DIRECTION('',(0.,0.,1.));
#13204 = ORIENTED_EDGE('',*,*,#10458,.T.);
#13205 = ORIENTED_EDGE('',*,*,#13206,.T.);
#13206 = EDGE_CURVE('',#10451,#9539,#13207,.T.);
#13207 = LINE('',#13208,#13209);
#13208 = CARTESIAN_POINT('',(1.7,-0.35,0.1));
#13209 = VECTOR('',#13210,1.);
#13210 = DIRECTION('',(0.,0.,-1.));
#13211 = ORIENTED_EDGE('',*,*,#9546,.F.);
#13212 = ORIENTED_EDGE('',*,*,#13134,.F.);
#13213 = PLANE('',#13214);
#13214 = AXIS2_PLACEMENT_3D('',#13215,#13216,#13217);
#13215 = CARTESIAN_POINT('',(3.4,-0.35,6.661338147751E-16));
#13216 = DIRECTION('',(0.,-1.,0.));
#13217 = DIRECTION('',(-1.,0.,0.));
#13218 = ADVANCED_FACE('',(#13219),#13230,.T.);
#13219 = FACE_BOUND('',#13220,.T.);
#13220 = EDGE_LOOP('',(#13221,#13222,#13223,#13224));
#13221 = ORIENTED_EDGE('',*,*,#9538,.F.);
#13222 = ORIENTED_EDGE('',*,*,#13206,.F.);
#13223 = ORIENTED_EDGE('',*,*,#10450,.T.);
#13224 = ORIENTED_EDGE('',*,*,#13225,.F.);
#13225 = EDGE_CURVE('',#9531,#10443,#13226,.T.);
#13226 = LINE('',#13227,#13228);
#13227 = CARTESIAN_POINT('',(1.7,-0.65,0.1));
#13228 = VECTOR('',#13229,1.);
#13229 = DIRECTION('',(0.,0.,1.));
#13230 = PLANE('',#13231);
#13231 = AXIS2_PLACEMENT_3D('',#13232,#13233,#13234);
#13232 = CARTESIAN_POINT('',(1.7,6.5,0.2));
#13233 = DIRECTION('',(1.,0.,0.));
#13234 = DIRECTION('',(0.,-1.,0.));
#13235 = ADVANCED_FACE('',(#13236),#13304,.T.);
#13236 = FACE_BOUND('',#13237,.T.);
#13237 = EDGE_LOOP('',(#13238,#13248,#13254,#13255,#13256,#13257,#13265,
    #13273,#13281,#13290,#13298));
#13238 = ORIENTED_EDGE('',*,*,#13239,.F.);
#13239 = EDGE_CURVE('',#13240,#13242,#13244,.T.);
#13240 = VERTEX_POINT('',#13241);
#13241 = CARTESIAN_POINT('',(1.6,-0.65,7.216449660064E-16));
#13242 = VERTEX_POINT('',#13243);
#13243 = CARTESIAN_POINT('',(3.4,-0.65,7.216449660064E-16));
#13244 = LINE('',#13245,#13246);
#13245 = CARTESIAN_POINT('',(1.6,-0.65,7.216449660064E-16));
#13246 = VECTOR('',#13247,1.);
#13247 = DIRECTION('',(1.,0.,0.));
#13248 = ORIENTED_EDGE('',*,*,#13249,.T.);
#13249 = EDGE_CURVE('',#13240,#9523,#13250,.T.);
#13250 = LINE('',#13251,#13252);
#13251 = CARTESIAN_POINT('',(1.6,-0.65,7.216449660064E-16));
#13252 = VECTOR('',#13253,1.);
#13253 = DIRECTION('',(0.,0.,1.));
#13254 = ORIENTED_EDGE('',*,*,#9530,.F.);
#13255 = ORIENTED_EDGE('',*,*,#13225,.T.);
#13256 = ORIENTED_EDGE('',*,*,#10442,.T.);
#13257 = ORIENTED_EDGE('',*,*,#13258,.T.);
#13258 = EDGE_CURVE('',#10435,#13259,#13261,.T.);
#13259 = VERTEX_POINT('',#13260);
#13260 = CARTESIAN_POINT('',(1.6,-0.65,1.8));
#13261 = LINE('',#13262,#13263);
#13262 = CARTESIAN_POINT('',(1.6,-0.65,7.216449660064E-16));
#13263 = VECTOR('',#13264,1.);
#13264 = DIRECTION('',(0.,0.,1.));
#13265 = ORIENTED_EDGE('',*,*,#13266,.T.);
#13266 = EDGE_CURVE('',#13259,#13267,#13269,.T.);
#13267 = VERTEX_POINT('',#13268);
#13268 = CARTESIAN_POINT('',(2.7,-0.65,1.8));
#13269 = LINE('',#13270,#13271);
#13270 = CARTESIAN_POINT('',(1.6,-0.65,1.8));
#13271 = VECTOR('',#13272,1.);
#13272 = DIRECTION('',(1.,0.,0.));
#13273 = ORIENTED_EDGE('',*,*,#13274,.T.);
#13274 = EDGE_CURVE('',#13267,#13275,#13277,.T.);
#13275 = VERTEX_POINT('',#13276);
#13276 = CARTESIAN_POINT('',(2.7,-0.65,0.5));
#13277 = LINE('',#13278,#13279);
#13278 = CARTESIAN_POINT('',(2.7,-0.65,0.25));
#13279 = VECTOR('',#13280,1.);
#13280 = DIRECTION('',(0.,0.,-1.));
#13281 = ORIENTED_EDGE('',*,*,#13282,.T.);
#13282 = EDGE_CURVE('',#13275,#13283,#13285,.T.);
#13283 = VERTEX_POINT('',#13284);
#13284 = CARTESIAN_POINT('',(2.9,-0.65,0.3));
#13285 = CIRCLE('',#13286,0.2);
#13286 = AXIS2_PLACEMENT_3D('',#13287,#13288,#13289);
#13287 = CARTESIAN_POINT('',(2.9,-0.65,0.5));
#13288 = DIRECTION('',(0.,-1.,-2.22044604925E-16));
#13289 = DIRECTION('',(1.,0.,0.));
#13290 = ORIENTED_EDGE('',*,*,#13291,.T.);
#13291 = EDGE_CURVE('',#13283,#13292,#13294,.T.);
#13292 = VERTEX_POINT('',#13293);
#13293 = CARTESIAN_POINT('',(3.4,-0.65,0.3));
#13294 = LINE('',#13295,#13296);
#13295 = CARTESIAN_POINT('',(3.05,-0.65,0.3));
#13296 = VECTOR('',#13297,1.);
#13297 = DIRECTION('',(1.,0.,0.));
#13298 = ORIENTED_EDGE('',*,*,#13299,.F.);
#13299 = EDGE_CURVE('',#13242,#13292,#13300,.T.);
#13300 = LINE('',#13301,#13302);
#13301 = CARTESIAN_POINT('',(3.4,-0.65,7.216449660064E-16));
#13302 = VECTOR('',#13303,1.);
#13303 = DIRECTION('',(0.,0.,1.));
#13304 = PLANE('',#13305);
#13305 = AXIS2_PLACEMENT_3D('',#13306,#13307,#13308);
#13306 = CARTESIAN_POINT('',(1.6,-0.65,7.216449660064E-16));
#13307 = DIRECTION('',(0.,1.,0.));
#13308 = DIRECTION('',(1.,0.,0.));
#13309 = ADVANCED_FACE('',(#13310),#13328,.T.);
#13310 = FACE_BOUND('',#13311,.T.);
#13311 = EDGE_LOOP('',(#13312,#13320,#13326,#13327));
#13312 = ORIENTED_EDGE('',*,*,#13313,.F.);
#13313 = EDGE_CURVE('',#13314,#13240,#13316,.T.);
#13314 = VERTEX_POINT('',#13315);
#13315 = CARTESIAN_POINT('',(1.6,-0.85,7.216449660064E-16));
#13316 = LINE('',#13317,#13318);
#13317 = CARTESIAN_POINT('',(1.6,-0.85,7.216449660064E-16));
#13318 = VECTOR('',#13319,1.);
#13319 = DIRECTION('',(0.,1.,0.));
#13320 = ORIENTED_EDGE('',*,*,#13321,.T.);
#13321 = EDGE_CURVE('',#13314,#9515,#13322,.T.);
#13322 = LINE('',#13323,#13324);
#13323 = CARTESIAN_POINT('',(1.6,-0.85,7.216449660064E-16));
#13324 = VECTOR('',#13325,1.);
#13325 = DIRECTION('',(0.,0.,1.));
#13326 = ORIENTED_EDGE('',*,*,#9522,.F.);
#13327 = ORIENTED_EDGE('',*,*,#13249,.F.);
#13328 = PLANE('',#13329);
#13329 = AXIS2_PLACEMENT_3D('',#13330,#13331,#13332);
#13330 = CARTESIAN_POINT('',(1.6,-0.85,7.216449660064E-16));
#13331 = DIRECTION('',(-1.,0.,0.));
#13332 = DIRECTION('',(0.,1.,0.));
#13333 = ADVANCED_FACE('',(#13334),#13400,.T.);
#13334 = FACE_BOUND('',#13335,.T.);
#13335 = EDGE_LOOP('',(#13336,#13344,#13352,#13360,#13369,#13377,#13385,
    #13391,#13392,#13398,#13399));
#13336 = ORIENTED_EDGE('',*,*,#13337,.F.);
#13337 = EDGE_CURVE('',#13338,#13314,#13340,.T.);
#13338 = VERTEX_POINT('',#13339);
#13339 = CARTESIAN_POINT('',(3.4,-0.85,7.216449660064E-16));
#13340 = LINE('',#13341,#13342);
#13341 = CARTESIAN_POINT('',(3.4,-0.85,7.216449660064E-16));
#13342 = VECTOR('',#13343,1.);
#13343 = DIRECTION('',(-1.,0.,0.));
#13344 = ORIENTED_EDGE('',*,*,#13345,.T.);
#13345 = EDGE_CURVE('',#13338,#13346,#13348,.T.);
#13346 = VERTEX_POINT('',#13347);
#13347 = CARTESIAN_POINT('',(3.4,-0.85,0.3));
#13348 = LINE('',#13349,#13350);
#13349 = CARTESIAN_POINT('',(3.4,-0.85,7.216449660064E-16));
#13350 = VECTOR('',#13351,1.);
#13351 = DIRECTION('',(0.,0.,1.));
#13352 = ORIENTED_EDGE('',*,*,#13353,.T.);
#13353 = EDGE_CURVE('',#13346,#13354,#13356,.T.);
#13354 = VERTEX_POINT('',#13355);
#13355 = CARTESIAN_POINT('',(2.9,-0.85,0.3));
#13356 = LINE('',#13357,#13358);
#13357 = CARTESIAN_POINT('',(3.95,-0.85,0.3));
#13358 = VECTOR('',#13359,1.);
#13359 = DIRECTION('',(-1.,0.,0.));
#13360 = ORIENTED_EDGE('',*,*,#13361,.F.);
#13361 = EDGE_CURVE('',#13362,#13354,#13364,.T.);
#13362 = VERTEX_POINT('',#13363);
#13363 = CARTESIAN_POINT('',(2.7,-0.85,0.5));
#13364 = CIRCLE('',#13365,0.2);
#13365 = AXIS2_PLACEMENT_3D('',#13366,#13367,#13368);
#13366 = CARTESIAN_POINT('',(2.9,-0.85,0.5));
#13367 = DIRECTION('',(0.,-1.,-2.22044604925E-16));
#13368 = DIRECTION('',(1.,0.,0.));
#13369 = ORIENTED_EDGE('',*,*,#13370,.T.);
#13370 = EDGE_CURVE('',#13362,#13371,#13373,.T.);
#13371 = VERTEX_POINT('',#13372);
#13372 = CARTESIAN_POINT('',(2.7,-0.85,1.8));
#13373 = LINE('',#13374,#13375);
#13374 = CARTESIAN_POINT('',(2.7,-0.85,0.25));
#13375 = VECTOR('',#13376,1.);
#13376 = DIRECTION('',(0.,0.,1.));
#13377 = ORIENTED_EDGE('',*,*,#13378,.T.);
#13378 = EDGE_CURVE('',#13371,#13379,#13381,.T.);
#13379 = VERTEX_POINT('',#13380);
#13380 = CARTESIAN_POINT('',(1.6,-0.85,1.8));
#13381 = LINE('',#13382,#13383);
#13382 = CARTESIAN_POINT('',(3.4,-0.85,1.8));
#13383 = VECTOR('',#13384,1.);
#13384 = DIRECTION('',(-1.,0.,0.));
#13385 = ORIENTED_EDGE('',*,*,#13386,.F.);
#13386 = EDGE_CURVE('',#10427,#13379,#13387,.T.);
#13387 = LINE('',#13388,#13389);
#13388 = CARTESIAN_POINT('',(1.6,-0.85,7.216449660064E-16));
#13389 = VECTOR('',#13390,1.);
#13390 = DIRECTION('',(0.,0.,1.));
#13391 = ORIENTED_EDGE('',*,*,#10426,.T.);
#13392 = ORIENTED_EDGE('',*,*,#13393,.T.);
#13393 = EDGE_CURVE('',#10419,#9507,#13394,.T.);
#13394 = LINE('',#13395,#13396);
#13395 = CARTESIAN_POINT('',(1.7,-0.85,0.1));
#13396 = VECTOR('',#13397,1.);
#13397 = DIRECTION('',(0.,0.,-1.));
#13398 = ORIENTED_EDGE('',*,*,#9514,.F.);
#13399 = ORIENTED_EDGE('',*,*,#13321,.F.);
#13400 = PLANE('',#13401);
#13401 = AXIS2_PLACEMENT_3D('',#13402,#13403,#13404);
#13402 = CARTESIAN_POINT('',(3.4,-0.85,7.216449660064E-16));
#13403 = DIRECTION('',(0.,-1.,0.));
#13404 = DIRECTION('',(-1.,0.,0.));
#13405 = ADVANCED_FACE('',(#13406),#13417,.T.);
#13406 = FACE_BOUND('',#13407,.T.);
#13407 = EDGE_LOOP('',(#13408,#13409,#13410,#13411));
#13408 = ORIENTED_EDGE('',*,*,#9506,.F.);
#13409 = ORIENTED_EDGE('',*,*,#13393,.F.);
#13410 = ORIENTED_EDGE('',*,*,#10418,.T.);
#13411 = ORIENTED_EDGE('',*,*,#13412,.F.);
#13412 = EDGE_CURVE('',#9499,#10411,#13413,.T.);
#13413 = LINE('',#13414,#13415);
#13414 = CARTESIAN_POINT('',(1.7,-1.15,0.1));
#13415 = VECTOR('',#13416,1.);
#13416 = DIRECTION('',(0.,0.,1.));
#13417 = PLANE('',#13418);
#13418 = AXIS2_PLACEMENT_3D('',#13419,#13420,#13421);
#13419 = CARTESIAN_POINT('',(1.7,6.5,0.2));
#13420 = DIRECTION('',(1.,0.,0.));
#13421 = DIRECTION('',(0.,-1.,0.));
#13422 = ADVANCED_FACE('',(#13423),#13491,.T.);
#13423 = FACE_BOUND('',#13424,.T.);
#13424 = EDGE_LOOP('',(#13425,#13435,#13441,#13442,#13443,#13444,#13452,
    #13460,#13468,#13477,#13485));
#13425 = ORIENTED_EDGE('',*,*,#13426,.F.);
#13426 = EDGE_CURVE('',#13427,#13429,#13431,.T.);
#13427 = VERTEX_POINT('',#13428);
#13428 = CARTESIAN_POINT('',(1.6,-1.15,7.771561172376E-16));
#13429 = VERTEX_POINT('',#13430);
#13430 = CARTESIAN_POINT('',(3.4,-1.15,7.771561172376E-16));
#13431 = LINE('',#13432,#13433);
#13432 = CARTESIAN_POINT('',(1.6,-1.15,7.771561172376E-16));
#13433 = VECTOR('',#13434,1.);
#13434 = DIRECTION('',(1.,0.,0.));
#13435 = ORIENTED_EDGE('',*,*,#13436,.T.);
#13436 = EDGE_CURVE('',#13427,#9491,#13437,.T.);
#13437 = LINE('',#13438,#13439);
#13438 = CARTESIAN_POINT('',(1.6,-1.15,7.771561172376E-16));
#13439 = VECTOR('',#13440,1.);
#13440 = DIRECTION('',(0.,0.,1.));
#13441 = ORIENTED_EDGE('',*,*,#9498,.F.);
#13442 = ORIENTED_EDGE('',*,*,#13412,.T.);
#13443 = ORIENTED_EDGE('',*,*,#10410,.T.);
#13444 = ORIENTED_EDGE('',*,*,#13445,.T.);
#13445 = EDGE_CURVE('',#10403,#13446,#13448,.T.);
#13446 = VERTEX_POINT('',#13447);
#13447 = CARTESIAN_POINT('',(1.6,-1.15,1.8));
#13448 = LINE('',#13449,#13450);
#13449 = CARTESIAN_POINT('',(1.6,-1.15,7.771561172376E-16));
#13450 = VECTOR('',#13451,1.);
#13451 = DIRECTION('',(0.,0.,1.));
#13452 = ORIENTED_EDGE('',*,*,#13453,.T.);
#13453 = EDGE_CURVE('',#13446,#13454,#13456,.T.);
#13454 = VERTEX_POINT('',#13455);
#13455 = CARTESIAN_POINT('',(2.7,-1.15,1.8));
#13456 = LINE('',#13457,#13458);
#13457 = CARTESIAN_POINT('',(1.6,-1.15,1.8));
#13458 = VECTOR('',#13459,1.);
#13459 = DIRECTION('',(1.,0.,0.));
#13460 = ORIENTED_EDGE('',*,*,#13461,.T.);
#13461 = EDGE_CURVE('',#13454,#13462,#13464,.T.);
#13462 = VERTEX_POINT('',#13463);
#13463 = CARTESIAN_POINT('',(2.7,-1.15,0.5));
#13464 = LINE('',#13465,#13466);
#13465 = CARTESIAN_POINT('',(2.7,-1.15,0.25));
#13466 = VECTOR('',#13467,1.);
#13467 = DIRECTION('',(0.,0.,-1.));
#13468 = ORIENTED_EDGE('',*,*,#13469,.T.);
#13469 = EDGE_CURVE('',#13462,#13470,#13472,.T.);
#13470 = VERTEX_POINT('',#13471);
#13471 = CARTESIAN_POINT('',(2.9,-1.15,0.3));
#13472 = CIRCLE('',#13473,0.2);
#13473 = AXIS2_PLACEMENT_3D('',#13474,#13475,#13476);
#13474 = CARTESIAN_POINT('',(2.9,-1.15,0.5));
#13475 = DIRECTION('',(0.,-1.,-2.22044604925E-16));
#13476 = DIRECTION('',(1.,0.,0.));
#13477 = ORIENTED_EDGE('',*,*,#13478,.T.);
#13478 = EDGE_CURVE('',#13470,#13479,#13481,.T.);
#13479 = VERTEX_POINT('',#13480);
#13480 = CARTESIAN_POINT('',(3.4,-1.15,0.3));
#13481 = LINE('',#13482,#13483);
#13482 = CARTESIAN_POINT('',(3.05,-1.15,0.3));
#13483 = VECTOR('',#13484,1.);
#13484 = DIRECTION('',(1.,0.,0.));
#13485 = ORIENTED_EDGE('',*,*,#13486,.F.);
#13486 = EDGE_CURVE('',#13429,#13479,#13487,.T.);
#13487 = LINE('',#13488,#13489);
#13488 = CARTESIAN_POINT('',(3.4,-1.15,7.771561172376E-16));
#13489 = VECTOR('',#13490,1.);
#13490 = DIRECTION('',(0.,0.,1.));
#13491 = PLANE('',#13492);
#13492 = AXIS2_PLACEMENT_3D('',#13493,#13494,#13495);
#13493 = CARTESIAN_POINT('',(1.6,-1.15,7.771561172376E-16));
#13494 = DIRECTION('',(0.,1.,0.));
#13495 = DIRECTION('',(1.,0.,0.));
#13496 = ADVANCED_FACE('',(#13497),#13515,.T.);
#13497 = FACE_BOUND('',#13498,.T.);
#13498 = EDGE_LOOP('',(#13499,#13507,#13513,#13514));
#13499 = ORIENTED_EDGE('',*,*,#13500,.F.);
#13500 = EDGE_CURVE('',#13501,#13427,#13503,.T.);
#13501 = VERTEX_POINT('',#13502);
#13502 = CARTESIAN_POINT('',(1.6,-1.35,7.771561172376E-16));
#13503 = LINE('',#13504,#13505);
#13504 = CARTESIAN_POINT('',(1.6,-1.35,7.771561172376E-16));
#13505 = VECTOR('',#13506,1.);
#13506 = DIRECTION('',(0.,1.,0.));
#13507 = ORIENTED_EDGE('',*,*,#13508,.T.);
#13508 = EDGE_CURVE('',#13501,#9483,#13509,.T.);
#13509 = LINE('',#13510,#13511);
#13510 = CARTESIAN_POINT('',(1.6,-1.35,7.771561172376E-16));
#13511 = VECTOR('',#13512,1.);
#13512 = DIRECTION('',(0.,0.,1.));
#13513 = ORIENTED_EDGE('',*,*,#9490,.F.);
#13514 = ORIENTED_EDGE('',*,*,#13436,.F.);
#13515 = PLANE('',#13516);
#13516 = AXIS2_PLACEMENT_3D('',#13517,#13518,#13519);
#13517 = CARTESIAN_POINT('',(1.6,-1.35,7.771561172376E-16));
#13518 = DIRECTION('',(-1.,0.,0.));
#13519 = DIRECTION('',(0.,1.,0.));
#13520 = ADVANCED_FACE('',(#13521),#13587,.T.);
#13521 = FACE_BOUND('',#13522,.T.);
#13522 = EDGE_LOOP('',(#13523,#13531,#13539,#13547,#13556,#13564,#13572,
    #13578,#13579,#13585,#13586));
#13523 = ORIENTED_EDGE('',*,*,#13524,.F.);
#13524 = EDGE_CURVE('',#13525,#13501,#13527,.T.);
#13525 = VERTEX_POINT('',#13526);
#13526 = CARTESIAN_POINT('',(3.4,-1.35,7.771561172376E-16));
#13527 = LINE('',#13528,#13529);
#13528 = CARTESIAN_POINT('',(3.4,-1.35,7.771561172376E-16));
#13529 = VECTOR('',#13530,1.);
#13530 = DIRECTION('',(-1.,0.,0.));
#13531 = ORIENTED_EDGE('',*,*,#13532,.T.);
#13532 = EDGE_CURVE('',#13525,#13533,#13535,.T.);
#13533 = VERTEX_POINT('',#13534);
#13534 = CARTESIAN_POINT('',(3.4,-1.35,0.3));
#13535 = LINE('',#13536,#13537);
#13536 = CARTESIAN_POINT('',(3.4,-1.35,7.771561172376E-16));
#13537 = VECTOR('',#13538,1.);
#13538 = DIRECTION('',(0.,0.,1.));
#13539 = ORIENTED_EDGE('',*,*,#13540,.T.);
#13540 = EDGE_CURVE('',#13533,#13541,#13543,.T.);
#13541 = VERTEX_POINT('',#13542);
#13542 = CARTESIAN_POINT('',(2.9,-1.35,0.3));
#13543 = LINE('',#13544,#13545);
#13544 = CARTESIAN_POINT('',(3.95,-1.35,0.3));
#13545 = VECTOR('',#13546,1.);
#13546 = DIRECTION('',(-1.,0.,0.));
#13547 = ORIENTED_EDGE('',*,*,#13548,.F.);
#13548 = EDGE_CURVE('',#13549,#13541,#13551,.T.);
#13549 = VERTEX_POINT('',#13550);
#13550 = CARTESIAN_POINT('',(2.7,-1.35,0.5));
#13551 = CIRCLE('',#13552,0.2);
#13552 = AXIS2_PLACEMENT_3D('',#13553,#13554,#13555);
#13553 = CARTESIAN_POINT('',(2.9,-1.35,0.5));
#13554 = DIRECTION('',(0.,-1.,-2.22044604925E-16));
#13555 = DIRECTION('',(1.,0.,0.));
#13556 = ORIENTED_EDGE('',*,*,#13557,.T.);
#13557 = EDGE_CURVE('',#13549,#13558,#13560,.T.);
#13558 = VERTEX_POINT('',#13559);
#13559 = CARTESIAN_POINT('',(2.7,-1.35,1.8));
#13560 = LINE('',#13561,#13562);
#13561 = CARTESIAN_POINT('',(2.7,-1.35,0.25));
#13562 = VECTOR('',#13563,1.);
#13563 = DIRECTION('',(0.,0.,1.));
#13564 = ORIENTED_EDGE('',*,*,#13565,.T.);
#13565 = EDGE_CURVE('',#13558,#13566,#13568,.T.);
#13566 = VERTEX_POINT('',#13567);
#13567 = CARTESIAN_POINT('',(1.6,-1.35,1.8));
#13568 = LINE('',#13569,#13570);
#13569 = CARTESIAN_POINT('',(3.4,-1.35,1.8));
#13570 = VECTOR('',#13571,1.);
#13571 = DIRECTION('',(-1.,0.,0.));
#13572 = ORIENTED_EDGE('',*,*,#13573,.F.);
#13573 = EDGE_CURVE('',#10395,#13566,#13574,.T.);
#13574 = LINE('',#13575,#13576);
#13575 = CARTESIAN_POINT('',(1.6,-1.35,7.771561172376E-16));
#13576 = VECTOR('',#13577,1.);
#13577 = DIRECTION('',(0.,0.,1.));
#13578 = ORIENTED_EDGE('',*,*,#10394,.T.);
#13579 = ORIENTED_EDGE('',*,*,#13580,.T.);
#13580 = EDGE_CURVE('',#10387,#9475,#13581,.T.);
#13581 = LINE('',#13582,#13583);
#13582 = CARTESIAN_POINT('',(1.7,-1.35,0.1));
#13583 = VECTOR('',#13584,1.);
#13584 = DIRECTION('',(0.,0.,-1.));
#13585 = ORIENTED_EDGE('',*,*,#9482,.F.);
#13586 = ORIENTED_EDGE('',*,*,#13508,.F.);
#13587 = PLANE('',#13588);
#13588 = AXIS2_PLACEMENT_3D('',#13589,#13590,#13591);
#13589 = CARTESIAN_POINT('',(3.4,-1.35,7.771561172376E-16));
#13590 = DIRECTION('',(0.,-1.,0.));
#13591 = DIRECTION('',(-1.,0.,0.));
#13592 = ADVANCED_FACE('',(#13593),#13604,.T.);
#13593 = FACE_BOUND('',#13594,.T.);
#13594 = EDGE_LOOP('',(#13595,#13596,#13597,#13598));
#13595 = ORIENTED_EDGE('',*,*,#9474,.F.);
#13596 = ORIENTED_EDGE('',*,*,#13580,.F.);
#13597 = ORIENTED_EDGE('',*,*,#10386,.T.);
#13598 = ORIENTED_EDGE('',*,*,#13599,.F.);
#13599 = EDGE_CURVE('',#9467,#10379,#13600,.T.);
#13600 = LINE('',#13601,#13602);
#13601 = CARTESIAN_POINT('',(1.7,-1.65,0.1));
#13602 = VECTOR('',#13603,1.);
#13603 = DIRECTION('',(0.,0.,1.));
#13604 = PLANE('',#13605);
#13605 = AXIS2_PLACEMENT_3D('',#13606,#13607,#13608);
#13606 = CARTESIAN_POINT('',(1.7,6.5,0.2));
#13607 = DIRECTION('',(1.,0.,0.));
#13608 = DIRECTION('',(0.,-1.,0.));
#13609 = ADVANCED_FACE('',(#13610),#13678,.T.);
#13610 = FACE_BOUND('',#13611,.T.);
#13611 = EDGE_LOOP('',(#13612,#13622,#13628,#13629,#13630,#13631,#13639,
    #13647,#13655,#13664,#13672));
#13612 = ORIENTED_EDGE('',*,*,#13613,.F.);
#13613 = EDGE_CURVE('',#13614,#13616,#13618,.T.);
#13614 = VERTEX_POINT('',#13615);
#13615 = CARTESIAN_POINT('',(1.6,-1.65,8.326672684689E-16));
#13616 = VERTEX_POINT('',#13617);
#13617 = CARTESIAN_POINT('',(3.4,-1.65,8.326672684689E-16));
#13618 = LINE('',#13619,#13620);
#13619 = CARTESIAN_POINT('',(1.6,-1.65,8.326672684689E-16));
#13620 = VECTOR('',#13621,1.);
#13621 = DIRECTION('',(1.,0.,0.));
#13622 = ORIENTED_EDGE('',*,*,#13623,.T.);
#13623 = EDGE_CURVE('',#13614,#9459,#13624,.T.);
#13624 = LINE('',#13625,#13626);
#13625 = CARTESIAN_POINT('',(1.6,-1.65,8.326672684689E-16));
#13626 = VECTOR('',#13627,1.);
#13627 = DIRECTION('',(0.,0.,1.));
#13628 = ORIENTED_EDGE('',*,*,#9466,.F.);
#13629 = ORIENTED_EDGE('',*,*,#13599,.T.);
#13630 = ORIENTED_EDGE('',*,*,#10378,.T.);
#13631 = ORIENTED_EDGE('',*,*,#13632,.T.);
#13632 = EDGE_CURVE('',#10371,#13633,#13635,.T.);
#13633 = VERTEX_POINT('',#13634);
#13634 = CARTESIAN_POINT('',(1.6,-1.65,1.8));
#13635 = LINE('',#13636,#13637);
#13636 = CARTESIAN_POINT('',(1.6,-1.65,8.326672684689E-16));
#13637 = VECTOR('',#13638,1.);
#13638 = DIRECTION('',(0.,0.,1.));
#13639 = ORIENTED_EDGE('',*,*,#13640,.T.);
#13640 = EDGE_CURVE('',#13633,#13641,#13643,.T.);
#13641 = VERTEX_POINT('',#13642);
#13642 = CARTESIAN_POINT('',(2.7,-1.65,1.8));
#13643 = LINE('',#13644,#13645);
#13644 = CARTESIAN_POINT('',(1.6,-1.65,1.8));
#13645 = VECTOR('',#13646,1.);
#13646 = DIRECTION('',(1.,0.,0.));
#13647 = ORIENTED_EDGE('',*,*,#13648,.T.);
#13648 = EDGE_CURVE('',#13641,#13649,#13651,.T.);
#13649 = VERTEX_POINT('',#13650);
#13650 = CARTESIAN_POINT('',(2.7,-1.65,0.5));
#13651 = LINE('',#13652,#13653);
#13652 = CARTESIAN_POINT('',(2.7,-1.65,0.25));
#13653 = VECTOR('',#13654,1.);
#13654 = DIRECTION('',(0.,0.,-1.));
#13655 = ORIENTED_EDGE('',*,*,#13656,.T.);
#13656 = EDGE_CURVE('',#13649,#13657,#13659,.T.);
#13657 = VERTEX_POINT('',#13658);
#13658 = CARTESIAN_POINT('',(2.9,-1.65,0.3));
#13659 = CIRCLE('',#13660,0.2);
#13660 = AXIS2_PLACEMENT_3D('',#13661,#13662,#13663);
#13661 = CARTESIAN_POINT('',(2.9,-1.65,0.5));
#13662 = DIRECTION('',(0.,-1.,-2.22044604925E-16));
#13663 = DIRECTION('',(1.,0.,0.));
#13664 = ORIENTED_EDGE('',*,*,#13665,.T.);
#13665 = EDGE_CURVE('',#13657,#13666,#13668,.T.);
#13666 = VERTEX_POINT('',#13667);
#13667 = CARTESIAN_POINT('',(3.4,-1.65,0.3));
#13668 = LINE('',#13669,#13670);
#13669 = CARTESIAN_POINT('',(3.05,-1.65,0.3));
#13670 = VECTOR('',#13671,1.);
#13671 = DIRECTION('',(1.,0.,0.));
#13672 = ORIENTED_EDGE('',*,*,#13673,.F.);
#13673 = EDGE_CURVE('',#13616,#13666,#13674,.T.);
#13674 = LINE('',#13675,#13676);
#13675 = CARTESIAN_POINT('',(3.4,-1.65,8.326672684689E-16));
#13676 = VECTOR('',#13677,1.);
#13677 = DIRECTION('',(0.,0.,1.));
#13678 = PLANE('',#13679);
#13679 = AXIS2_PLACEMENT_3D('',#13680,#13681,#13682);
#13680 = CARTESIAN_POINT('',(1.6,-1.65,8.326672684689E-16));
#13681 = DIRECTION('',(0.,1.,0.));
#13682 = DIRECTION('',(1.,0.,0.));
#13683 = ADVANCED_FACE('',(#13684),#13702,.T.);
#13684 = FACE_BOUND('',#13685,.T.);
#13685 = EDGE_LOOP('',(#13686,#13694,#13700,#13701));
#13686 = ORIENTED_EDGE('',*,*,#13687,.F.);
#13687 = EDGE_CURVE('',#13688,#13614,#13690,.T.);
#13688 = VERTEX_POINT('',#13689);
#13689 = CARTESIAN_POINT('',(1.6,-1.85,8.326672684689E-16));
#13690 = LINE('',#13691,#13692);
#13691 = CARTESIAN_POINT('',(1.6,-1.85,8.326672684689E-16));
#13692 = VECTOR('',#13693,1.);
#13693 = DIRECTION('',(0.,1.,0.));
#13694 = ORIENTED_EDGE('',*,*,#13695,.T.);
#13695 = EDGE_CURVE('',#13688,#9451,#13696,.T.);
#13696 = LINE('',#13697,#13698);
#13697 = CARTESIAN_POINT('',(1.6,-1.85,8.326672684689E-16));
#13698 = VECTOR('',#13699,1.);
#13699 = DIRECTION('',(0.,0.,1.));
#13700 = ORIENTED_EDGE('',*,*,#9458,.F.);
#13701 = ORIENTED_EDGE('',*,*,#13623,.F.);
#13702 = PLANE('',#13703);
#13703 = AXIS2_PLACEMENT_3D('',#13704,#13705,#13706);
#13704 = CARTESIAN_POINT('',(1.6,-1.85,8.326672684689E-16));
#13705 = DIRECTION('',(-1.,0.,0.));
#13706 = DIRECTION('',(0.,1.,0.));
#13707 = ADVANCED_FACE('',(#13708),#13774,.T.);
#13708 = FACE_BOUND('',#13709,.T.);
#13709 = EDGE_LOOP('',(#13710,#13718,#13726,#13734,#13743,#13751,#13759,
    #13765,#13766,#13772,#13773));
#13710 = ORIENTED_EDGE('',*,*,#13711,.F.);
#13711 = EDGE_CURVE('',#13712,#13688,#13714,.T.);
#13712 = VERTEX_POINT('',#13713);
#13713 = CARTESIAN_POINT('',(3.4,-1.85,8.326672684689E-16));
#13714 = LINE('',#13715,#13716);
#13715 = CARTESIAN_POINT('',(3.4,-1.85,8.326672684689E-16));
#13716 = VECTOR('',#13717,1.);
#13717 = DIRECTION('',(-1.,0.,0.));
#13718 = ORIENTED_EDGE('',*,*,#13719,.T.);
#13719 = EDGE_CURVE('',#13712,#13720,#13722,.T.);
#13720 = VERTEX_POINT('',#13721);
#13721 = CARTESIAN_POINT('',(3.4,-1.85,0.3));
#13722 = LINE('',#13723,#13724);
#13723 = CARTESIAN_POINT('',(3.4,-1.85,8.326672684689E-16));
#13724 = VECTOR('',#13725,1.);
#13725 = DIRECTION('',(0.,0.,1.));
#13726 = ORIENTED_EDGE('',*,*,#13727,.T.);
#13727 = EDGE_CURVE('',#13720,#13728,#13730,.T.);
#13728 = VERTEX_POINT('',#13729);
#13729 = CARTESIAN_POINT('',(2.9,-1.85,0.3));
#13730 = LINE('',#13731,#13732);
#13731 = CARTESIAN_POINT('',(3.95,-1.85,0.3));
#13732 = VECTOR('',#13733,1.);
#13733 = DIRECTION('',(-1.,0.,0.));
#13734 = ORIENTED_EDGE('',*,*,#13735,.F.);
#13735 = EDGE_CURVE('',#13736,#13728,#13738,.T.);
#13736 = VERTEX_POINT('',#13737);
#13737 = CARTESIAN_POINT('',(2.7,-1.85,0.5));
#13738 = CIRCLE('',#13739,0.2);
#13739 = AXIS2_PLACEMENT_3D('',#13740,#13741,#13742);
#13740 = CARTESIAN_POINT('',(2.9,-1.85,0.5));
#13741 = DIRECTION('',(0.,-1.,-2.22044604925E-16));
#13742 = DIRECTION('',(1.,0.,0.));
#13743 = ORIENTED_EDGE('',*,*,#13744,.T.);
#13744 = EDGE_CURVE('',#13736,#13745,#13747,.T.);
#13745 = VERTEX_POINT('',#13746);
#13746 = CARTESIAN_POINT('',(2.7,-1.85,1.8));
#13747 = LINE('',#13748,#13749);
#13748 = CARTESIAN_POINT('',(2.7,-1.85,0.25));
#13749 = VECTOR('',#13750,1.);
#13750 = DIRECTION('',(0.,0.,1.));
#13751 = ORIENTED_EDGE('',*,*,#13752,.T.);
#13752 = EDGE_CURVE('',#13745,#13753,#13755,.T.);
#13753 = VERTEX_POINT('',#13754);
#13754 = CARTESIAN_POINT('',(1.6,-1.85,1.8));
#13755 = LINE('',#13756,#13757);
#13756 = CARTESIAN_POINT('',(3.4,-1.85,1.8));
#13757 = VECTOR('',#13758,1.);
#13758 = DIRECTION('',(-1.,0.,0.));
#13759 = ORIENTED_EDGE('',*,*,#13760,.F.);
#13760 = EDGE_CURVE('',#10363,#13753,#13761,.T.);
#13761 = LINE('',#13762,#13763);
#13762 = CARTESIAN_POINT('',(1.6,-1.85,8.326672684689E-16));
#13763 = VECTOR('',#13764,1.);
#13764 = DIRECTION('',(0.,0.,1.));
#13765 = ORIENTED_EDGE('',*,*,#10362,.T.);
#13766 = ORIENTED_EDGE('',*,*,#13767,.T.);
#13767 = EDGE_CURVE('',#10355,#9443,#13768,.T.);
#13768 = LINE('',#13769,#13770);
#13769 = CARTESIAN_POINT('',(1.7,-1.85,0.1));
#13770 = VECTOR('',#13771,1.);
#13771 = DIRECTION('',(0.,0.,-1.));
#13772 = ORIENTED_EDGE('',*,*,#9450,.F.);
#13773 = ORIENTED_EDGE('',*,*,#13695,.F.);
#13774 = PLANE('',#13775);
#13775 = AXIS2_PLACEMENT_3D('',#13776,#13777,#13778);
#13776 = CARTESIAN_POINT('',(3.4,-1.85,8.326672684689E-16));
#13777 = DIRECTION('',(0.,-1.,0.));
#13778 = DIRECTION('',(-1.,0.,0.));
#13779 = ADVANCED_FACE('',(#13780),#13791,.T.);
#13780 = FACE_BOUND('',#13781,.T.);
#13781 = EDGE_LOOP('',(#13782,#13783,#13784,#13785));
#13782 = ORIENTED_EDGE('',*,*,#9442,.F.);
#13783 = ORIENTED_EDGE('',*,*,#13767,.F.);
#13784 = ORIENTED_EDGE('',*,*,#10354,.T.);
#13785 = ORIENTED_EDGE('',*,*,#13786,.F.);
#13786 = EDGE_CURVE('',#9435,#10347,#13787,.T.);
#13787 = LINE('',#13788,#13789);
#13788 = CARTESIAN_POINT('',(1.7,-2.15,0.1));
#13789 = VECTOR('',#13790,1.);
#13790 = DIRECTION('',(0.,0.,1.));
#13791 = PLANE('',#13792);
#13792 = AXIS2_PLACEMENT_3D('',#13793,#13794,#13795);
#13793 = CARTESIAN_POINT('',(1.7,6.5,0.2));
#13794 = DIRECTION('',(1.,0.,0.));
#13795 = DIRECTION('',(0.,-1.,0.));
#13796 = ADVANCED_FACE('',(#13797),#13865,.T.);
#13797 = FACE_BOUND('',#13798,.T.);
#13798 = EDGE_LOOP('',(#13799,#13809,#13815,#13816,#13817,#13818,#13826,
    #13834,#13842,#13851,#13859));
#13799 = ORIENTED_EDGE('',*,*,#13800,.F.);
#13800 = EDGE_CURVE('',#13801,#13803,#13805,.T.);
#13801 = VERTEX_POINT('',#13802);
#13802 = CARTESIAN_POINT('',(1.6,-2.15,8.881784197001E-16));
#13803 = VERTEX_POINT('',#13804);
#13804 = CARTESIAN_POINT('',(3.4,-2.15,8.881784197001E-16));
#13805 = LINE('',#13806,#13807);
#13806 = CARTESIAN_POINT('',(1.6,-2.15,8.881784197001E-16));
#13807 = VECTOR('',#13808,1.);
#13808 = DIRECTION('',(1.,0.,0.));
#13809 = ORIENTED_EDGE('',*,*,#13810,.T.);
#13810 = EDGE_CURVE('',#13801,#9427,#13811,.T.);
#13811 = LINE('',#13812,#13813);
#13812 = CARTESIAN_POINT('',(1.6,-2.15,8.881784197001E-16));
#13813 = VECTOR('',#13814,1.);
#13814 = DIRECTION('',(0.,0.,1.));
#13815 = ORIENTED_EDGE('',*,*,#9434,.F.);
#13816 = ORIENTED_EDGE('',*,*,#13786,.T.);
#13817 = ORIENTED_EDGE('',*,*,#10346,.T.);
#13818 = ORIENTED_EDGE('',*,*,#13819,.T.);
#13819 = EDGE_CURVE('',#10339,#13820,#13822,.T.);
#13820 = VERTEX_POINT('',#13821);
#13821 = CARTESIAN_POINT('',(1.6,-2.15,1.8));
#13822 = LINE('',#13823,#13824);
#13823 = CARTESIAN_POINT('',(1.6,-2.15,8.881784197001E-16));
#13824 = VECTOR('',#13825,1.);
#13825 = DIRECTION('',(0.,0.,1.));
#13826 = ORIENTED_EDGE('',*,*,#13827,.T.);
#13827 = EDGE_CURVE('',#13820,#13828,#13830,.T.);
#13828 = VERTEX_POINT('',#13829);
#13829 = CARTESIAN_POINT('',(2.7,-2.15,1.8));
#13830 = LINE('',#13831,#13832);
#13831 = CARTESIAN_POINT('',(1.6,-2.15,1.8));
#13832 = VECTOR('',#13833,1.);
#13833 = DIRECTION('',(1.,0.,0.));
#13834 = ORIENTED_EDGE('',*,*,#13835,.T.);
#13835 = EDGE_CURVE('',#13828,#13836,#13838,.T.);
#13836 = VERTEX_POINT('',#13837);
#13837 = CARTESIAN_POINT('',(2.7,-2.15,0.5));
#13838 = LINE('',#13839,#13840);
#13839 = CARTESIAN_POINT('',(2.7,-2.15,0.25));
#13840 = VECTOR('',#13841,1.);
#13841 = DIRECTION('',(0.,0.,-1.));
#13842 = ORIENTED_EDGE('',*,*,#13843,.T.);
#13843 = EDGE_CURVE('',#13836,#13844,#13846,.T.);
#13844 = VERTEX_POINT('',#13845);
#13845 = CARTESIAN_POINT('',(2.9,-2.15,0.3));
#13846 = CIRCLE('',#13847,0.2);
#13847 = AXIS2_PLACEMENT_3D('',#13848,#13849,#13850);
#13848 = CARTESIAN_POINT('',(2.9,-2.15,0.5));
#13849 = DIRECTION('',(0.,-1.,-2.22044604925E-16));
#13850 = DIRECTION('',(1.,0.,0.));
#13851 = ORIENTED_EDGE('',*,*,#13852,.T.);
#13852 = EDGE_CURVE('',#13844,#13853,#13855,.T.);
#13853 = VERTEX_POINT('',#13854);
#13854 = CARTESIAN_POINT('',(3.4,-2.15,0.3));
#13855 = LINE('',#13856,#13857);
#13856 = CARTESIAN_POINT('',(3.05,-2.15,0.3));
#13857 = VECTOR('',#13858,1.);
#13858 = DIRECTION('',(1.,0.,0.));
#13859 = ORIENTED_EDGE('',*,*,#13860,.F.);
#13860 = EDGE_CURVE('',#13803,#13853,#13861,.T.);
#13861 = LINE('',#13862,#13863);
#13862 = CARTESIAN_POINT('',(3.4,-2.15,8.881784197001E-16));
#13863 = VECTOR('',#13864,1.);
#13864 = DIRECTION('',(0.,0.,1.));
#13865 = PLANE('',#13866);
#13866 = AXIS2_PLACEMENT_3D('',#13867,#13868,#13869);
#13867 = CARTESIAN_POINT('',(1.6,-2.15,8.881784197001E-16));
#13868 = DIRECTION('',(0.,1.,0.));
#13869 = DIRECTION('',(1.,0.,0.));
#13870 = ADVANCED_FACE('',(#13871),#13889,.T.);
#13871 = FACE_BOUND('',#13872,.T.);
#13872 = EDGE_LOOP('',(#13873,#13881,#13887,#13888));
#13873 = ORIENTED_EDGE('',*,*,#13874,.F.);
#13874 = EDGE_CURVE('',#13875,#13801,#13877,.T.);
#13875 = VERTEX_POINT('',#13876);
#13876 = CARTESIAN_POINT('',(1.6,-2.35,8.881784197001E-16));
#13877 = LINE('',#13878,#13879);
#13878 = CARTESIAN_POINT('',(1.6,-2.35,8.881784197001E-16));
#13879 = VECTOR('',#13880,1.);
#13880 = DIRECTION('',(0.,1.,0.));
#13881 = ORIENTED_EDGE('',*,*,#13882,.T.);
#13882 = EDGE_CURVE('',#13875,#9419,#13883,.T.);
#13883 = LINE('',#13884,#13885);
#13884 = CARTESIAN_POINT('',(1.6,-2.35,8.881784197001E-16));
#13885 = VECTOR('',#13886,1.);
#13886 = DIRECTION('',(0.,0.,1.));
#13887 = ORIENTED_EDGE('',*,*,#9426,.F.);
#13888 = ORIENTED_EDGE('',*,*,#13810,.F.);
#13889 = PLANE('',#13890);
#13890 = AXIS2_PLACEMENT_3D('',#13891,#13892,#13893);
#13891 = CARTESIAN_POINT('',(1.6,-2.35,8.881784197001E-16));
#13892 = DIRECTION('',(-1.,0.,0.));
#13893 = DIRECTION('',(0.,1.,0.));
#13894 = ADVANCED_FACE('',(#13895),#13961,.T.);
#13895 = FACE_BOUND('',#13896,.T.);
#13896 = EDGE_LOOP('',(#13897,#13905,#13913,#13921,#13930,#13938,#13946,
    #13952,#13953,#13959,#13960));
#13897 = ORIENTED_EDGE('',*,*,#13898,.F.);
#13898 = EDGE_CURVE('',#13899,#13875,#13901,.T.);
#13899 = VERTEX_POINT('',#13900);
#13900 = CARTESIAN_POINT('',(3.4,-2.35,8.881784197001E-16));
#13901 = LINE('',#13902,#13903);
#13902 = CARTESIAN_POINT('',(3.4,-2.35,8.881784197001E-16));
#13903 = VECTOR('',#13904,1.);
#13904 = DIRECTION('',(-1.,0.,0.));
#13905 = ORIENTED_EDGE('',*,*,#13906,.T.);
#13906 = EDGE_CURVE('',#13899,#13907,#13909,.T.);
#13907 = VERTEX_POINT('',#13908);
#13908 = CARTESIAN_POINT('',(3.4,-2.35,0.3));
#13909 = LINE('',#13910,#13911);
#13910 = CARTESIAN_POINT('',(3.4,-2.35,8.881784197001E-16));
#13911 = VECTOR('',#13912,1.);
#13912 = DIRECTION('',(0.,0.,1.));
#13913 = ORIENTED_EDGE('',*,*,#13914,.T.);
#13914 = EDGE_CURVE('',#13907,#13915,#13917,.T.);
#13915 = VERTEX_POINT('',#13916);
#13916 = CARTESIAN_POINT('',(2.9,-2.35,0.3));
#13917 = LINE('',#13918,#13919);
#13918 = CARTESIAN_POINT('',(3.95,-2.35,0.3));
#13919 = VECTOR('',#13920,1.);
#13920 = DIRECTION('',(-1.,0.,0.));
#13921 = ORIENTED_EDGE('',*,*,#13922,.F.);
#13922 = EDGE_CURVE('',#13923,#13915,#13925,.T.);
#13923 = VERTEX_POINT('',#13924);
#13924 = CARTESIAN_POINT('',(2.7,-2.35,0.5));
#13925 = CIRCLE('',#13926,0.2);
#13926 = AXIS2_PLACEMENT_3D('',#13927,#13928,#13929);
#13927 = CARTESIAN_POINT('',(2.9,-2.35,0.5));
#13928 = DIRECTION('',(0.,-1.,-2.22044604925E-16));
#13929 = DIRECTION('',(1.,0.,0.));
#13930 = ORIENTED_EDGE('',*,*,#13931,.T.);
#13931 = EDGE_CURVE('',#13923,#13932,#13934,.T.);
#13932 = VERTEX_POINT('',#13933);
#13933 = CARTESIAN_POINT('',(2.7,-2.35,1.8));
#13934 = LINE('',#13935,#13936);
#13935 = CARTESIAN_POINT('',(2.7,-2.35,0.25));
#13936 = VECTOR('',#13937,1.);
#13937 = DIRECTION('',(0.,0.,1.));
#13938 = ORIENTED_EDGE('',*,*,#13939,.T.);
#13939 = EDGE_CURVE('',#13932,#13940,#13942,.T.);
#13940 = VERTEX_POINT('',#13941);
#13941 = CARTESIAN_POINT('',(1.6,-2.35,1.8));
#13942 = LINE('',#13943,#13944);
#13943 = CARTESIAN_POINT('',(3.4,-2.35,1.8));
#13944 = VECTOR('',#13945,1.);
#13945 = DIRECTION('',(-1.,0.,0.));
#13946 = ORIENTED_EDGE('',*,*,#13947,.F.);
#13947 = EDGE_CURVE('',#10331,#13940,#13948,.T.);
#13948 = LINE('',#13949,#13950);
#13949 = CARTESIAN_POINT('',(1.6,-2.35,8.881784197001E-16));
#13950 = VECTOR('',#13951,1.);
#13951 = DIRECTION('',(0.,0.,1.));
#13952 = ORIENTED_EDGE('',*,*,#10330,.T.);
#13953 = ORIENTED_EDGE('',*,*,#13954,.T.);
#13954 = EDGE_CURVE('',#10323,#9411,#13955,.T.);
#13955 = LINE('',#13956,#13957);
#13956 = CARTESIAN_POINT('',(1.7,-2.35,0.1));
#13957 = VECTOR('',#13958,1.);
#13958 = DIRECTION('',(0.,0.,-1.));
#13959 = ORIENTED_EDGE('',*,*,#9418,.F.);
#13960 = ORIENTED_EDGE('',*,*,#13882,.F.);
#13961 = PLANE('',#13962);
#13962 = AXIS2_PLACEMENT_3D('',#13963,#13964,#13965);
#13963 = CARTESIAN_POINT('',(3.4,-2.35,8.881784197001E-16));
#13964 = DIRECTION('',(0.,-1.,0.));
#13965 = DIRECTION('',(-1.,0.,0.));
#13966 = ADVANCED_FACE('',(#13967),#13978,.T.);
#13967 = FACE_BOUND('',#13968,.T.);
#13968 = EDGE_LOOP('',(#13969,#13970,#13971,#13972));
#13969 = ORIENTED_EDGE('',*,*,#9410,.F.);
#13970 = ORIENTED_EDGE('',*,*,#13954,.F.);
#13971 = ORIENTED_EDGE('',*,*,#10322,.T.);
#13972 = ORIENTED_EDGE('',*,*,#13973,.F.);
#13973 = EDGE_CURVE('',#9403,#10315,#13974,.T.);
#13974 = LINE('',#13975,#13976);
#13975 = CARTESIAN_POINT('',(1.7,-2.65,0.1));
#13976 = VECTOR('',#13977,1.);
#13977 = DIRECTION('',(0.,0.,1.));
#13978 = PLANE('',#13979);
#13979 = AXIS2_PLACEMENT_3D('',#13980,#13981,#13982);
#13980 = CARTESIAN_POINT('',(1.7,6.5,0.2));
#13981 = DIRECTION('',(1.,0.,0.));
#13982 = DIRECTION('',(0.,-1.,0.));
#13983 = ADVANCED_FACE('',(#13984),#14052,.T.);
#13984 = FACE_BOUND('',#13985,.T.);
#13985 = EDGE_LOOP('',(#13986,#13996,#14002,#14003,#14004,#14005,#14013,
    #14021,#14029,#14038,#14046));
#13986 = ORIENTED_EDGE('',*,*,#13987,.F.);
#13987 = EDGE_CURVE('',#13988,#13990,#13992,.T.);
#13988 = VERTEX_POINT('',#13989);
#13989 = CARTESIAN_POINT('',(1.6,-2.65,9.436895709314E-16));
#13990 = VERTEX_POINT('',#13991);
#13991 = CARTESIAN_POINT('',(3.4,-2.65,9.436895709314E-16));
#13992 = LINE('',#13993,#13994);
#13993 = CARTESIAN_POINT('',(1.6,-2.65,9.436895709314E-16));
#13994 = VECTOR('',#13995,1.);
#13995 = DIRECTION('',(1.,0.,0.));
#13996 = ORIENTED_EDGE('',*,*,#13997,.T.);
#13997 = EDGE_CURVE('',#13988,#9395,#13998,.T.);
#13998 = LINE('',#13999,#14000);
#13999 = CARTESIAN_POINT('',(1.6,-2.65,9.436895709314E-16));
#14000 = VECTOR('',#14001,1.);
#14001 = DIRECTION('',(0.,0.,1.));
#14002 = ORIENTED_EDGE('',*,*,#9402,.F.);
#14003 = ORIENTED_EDGE('',*,*,#13973,.T.);
#14004 = ORIENTED_EDGE('',*,*,#10314,.T.);
#14005 = ORIENTED_EDGE('',*,*,#14006,.T.);
#14006 = EDGE_CURVE('',#10307,#14007,#14009,.T.);
#14007 = VERTEX_POINT('',#14008);
#14008 = CARTESIAN_POINT('',(1.6,-2.65,1.8));
#14009 = LINE('',#14010,#14011);
#14010 = CARTESIAN_POINT('',(1.6,-2.65,9.436895709314E-16));
#14011 = VECTOR('',#14012,1.);
#14012 = DIRECTION('',(0.,0.,1.));
#14013 = ORIENTED_EDGE('',*,*,#14014,.T.);
#14014 = EDGE_CURVE('',#14007,#14015,#14017,.T.);
#14015 = VERTEX_POINT('',#14016);
#14016 = CARTESIAN_POINT('',(2.7,-2.65,1.8));
#14017 = LINE('',#14018,#14019);
#14018 = CARTESIAN_POINT('',(1.6,-2.65,1.8));
#14019 = VECTOR('',#14020,1.);
#14020 = DIRECTION('',(1.,0.,0.));
#14021 = ORIENTED_EDGE('',*,*,#14022,.T.);
#14022 = EDGE_CURVE('',#14015,#14023,#14025,.T.);
#14023 = VERTEX_POINT('',#14024);
#14024 = CARTESIAN_POINT('',(2.7,-2.65,0.5));
#14025 = LINE('',#14026,#14027);
#14026 = CARTESIAN_POINT('',(2.7,-2.65,0.25));
#14027 = VECTOR('',#14028,1.);
#14028 = DIRECTION('',(0.,0.,-1.));
#14029 = ORIENTED_EDGE('',*,*,#14030,.T.);
#14030 = EDGE_CURVE('',#14023,#14031,#14033,.T.);
#14031 = VERTEX_POINT('',#14032);
#14032 = CARTESIAN_POINT('',(2.9,-2.65,0.3));
#14033 = CIRCLE('',#14034,0.2);
#14034 = AXIS2_PLACEMENT_3D('',#14035,#14036,#14037);
#14035 = CARTESIAN_POINT('',(2.9,-2.65,0.5));
#14036 = DIRECTION('',(0.,-1.,-2.22044604925E-16));
#14037 = DIRECTION('',(1.,0.,0.));
#14038 = ORIENTED_EDGE('',*,*,#14039,.T.);
#14039 = EDGE_CURVE('',#14031,#14040,#14042,.T.);
#14040 = VERTEX_POINT('',#14041);
#14041 = CARTESIAN_POINT('',(3.4,-2.65,0.3));
#14042 = LINE('',#14043,#14044);
#14043 = CARTESIAN_POINT('',(3.05,-2.65,0.3));
#14044 = VECTOR('',#14045,1.);
#14045 = DIRECTION('',(1.,0.,0.));
#14046 = ORIENTED_EDGE('',*,*,#14047,.F.);
#14047 = EDGE_CURVE('',#13990,#14040,#14048,.T.);
#14048 = LINE('',#14049,#14050);
#14049 = CARTESIAN_POINT('',(3.4,-2.65,9.436895709314E-16));
#14050 = VECTOR('',#14051,1.);
#14051 = DIRECTION('',(0.,0.,1.));
#14052 = PLANE('',#14053);
#14053 = AXIS2_PLACEMENT_3D('',#14054,#14055,#14056);
#14054 = CARTESIAN_POINT('',(1.6,-2.65,9.436895709314E-16));
#14055 = DIRECTION('',(0.,1.,0.));
#14056 = DIRECTION('',(1.,0.,0.));
#14057 = ADVANCED_FACE('',(#14058),#14076,.T.);
#14058 = FACE_BOUND('',#14059,.T.);
#14059 = EDGE_LOOP('',(#14060,#14068,#14074,#14075));
#14060 = ORIENTED_EDGE('',*,*,#14061,.F.);
#14061 = EDGE_CURVE('',#14062,#13988,#14064,.T.);
#14062 = VERTEX_POINT('',#14063);
#14063 = CARTESIAN_POINT('',(1.6,-2.85,9.436895709314E-16));
#14064 = LINE('',#14065,#14066);
#14065 = CARTESIAN_POINT('',(1.6,-2.85,9.436895709314E-16));
#14066 = VECTOR('',#14067,1.);
#14067 = DIRECTION('',(0.,1.,0.));
#14068 = ORIENTED_EDGE('',*,*,#14069,.T.);
#14069 = EDGE_CURVE('',#14062,#9387,#14070,.T.);
#14070 = LINE('',#14071,#14072);
#14071 = CARTESIAN_POINT('',(1.6,-2.85,9.436895709314E-16));
#14072 = VECTOR('',#14073,1.);
#14073 = DIRECTION('',(0.,0.,1.));
#14074 = ORIENTED_EDGE('',*,*,#9394,.F.);
#14075 = ORIENTED_EDGE('',*,*,#13997,.F.);
#14076 = PLANE('',#14077);
#14077 = AXIS2_PLACEMENT_3D('',#14078,#14079,#14080);
#14078 = CARTESIAN_POINT('',(1.6,-2.85,9.436895709314E-16));
#14079 = DIRECTION('',(-1.,0.,0.));
#14080 = DIRECTION('',(0.,1.,0.));
#14081 = ADVANCED_FACE('',(#14082),#14148,.T.);
#14082 = FACE_BOUND('',#14083,.T.);
#14083 = EDGE_LOOP('',(#14084,#14092,#14100,#14108,#14117,#14125,#14133,
    #14139,#14140,#14146,#14147));
#14084 = ORIENTED_EDGE('',*,*,#14085,.F.);
#14085 = EDGE_CURVE('',#14086,#14062,#14088,.T.);
#14086 = VERTEX_POINT('',#14087);
#14087 = CARTESIAN_POINT('',(3.4,-2.85,9.436895709314E-16));
#14088 = LINE('',#14089,#14090);
#14089 = CARTESIAN_POINT('',(3.4,-2.85,9.436895709314E-16));
#14090 = VECTOR('',#14091,1.);
#14091 = DIRECTION('',(-1.,0.,0.));
#14092 = ORIENTED_EDGE('',*,*,#14093,.T.);
#14093 = EDGE_CURVE('',#14086,#14094,#14096,.T.);
#14094 = VERTEX_POINT('',#14095);
#14095 = CARTESIAN_POINT('',(3.4,-2.85,0.3));
#14096 = LINE('',#14097,#14098);
#14097 = CARTESIAN_POINT('',(3.4,-2.85,9.436895709314E-16));
#14098 = VECTOR('',#14099,1.);
#14099 = DIRECTION('',(0.,0.,1.));
#14100 = ORIENTED_EDGE('',*,*,#14101,.T.);
#14101 = EDGE_CURVE('',#14094,#14102,#14104,.T.);
#14102 = VERTEX_POINT('',#14103);
#14103 = CARTESIAN_POINT('',(2.9,-2.85,0.3));
#14104 = LINE('',#14105,#14106);
#14105 = CARTESIAN_POINT('',(3.95,-2.85,0.3));
#14106 = VECTOR('',#14107,1.);
#14107 = DIRECTION('',(-1.,0.,0.));
#14108 = ORIENTED_EDGE('',*,*,#14109,.F.);
#14109 = EDGE_CURVE('',#14110,#14102,#14112,.T.);
#14110 = VERTEX_POINT('',#14111);
#14111 = CARTESIAN_POINT('',(2.7,-2.85,0.5));
#14112 = CIRCLE('',#14113,0.2);
#14113 = AXIS2_PLACEMENT_3D('',#14114,#14115,#14116);
#14114 = CARTESIAN_POINT('',(2.9,-2.85,0.5));
#14115 = DIRECTION('',(0.,-1.,-2.22044604925E-16));
#14116 = DIRECTION('',(1.,0.,0.));
#14117 = ORIENTED_EDGE('',*,*,#14118,.T.);
#14118 = EDGE_CURVE('',#14110,#14119,#14121,.T.);
#14119 = VERTEX_POINT('',#14120);
#14120 = CARTESIAN_POINT('',(2.7,-2.85,1.8));
#14121 = LINE('',#14122,#14123);
#14122 = CARTESIAN_POINT('',(2.7,-2.85,0.25));
#14123 = VECTOR('',#14124,1.);
#14124 = DIRECTION('',(0.,0.,1.));
#14125 = ORIENTED_EDGE('',*,*,#14126,.T.);
#14126 = EDGE_CURVE('',#14119,#14127,#14129,.T.);
#14127 = VERTEX_POINT('',#14128);
#14128 = CARTESIAN_POINT('',(1.6,-2.85,1.8));
#14129 = LINE('',#14130,#14131);
#14130 = CARTESIAN_POINT('',(3.4,-2.85,1.8));
#14131 = VECTOR('',#14132,1.);
#14132 = DIRECTION('',(-1.,0.,0.));
#14133 = ORIENTED_EDGE('',*,*,#14134,.F.);
#14134 = EDGE_CURVE('',#10299,#14127,#14135,.T.);
#14135 = LINE('',#14136,#14137);
#14136 = CARTESIAN_POINT('',(1.6,-2.85,9.436895709314E-16));
#14137 = VECTOR('',#14138,1.);
#14138 = DIRECTION('',(0.,0.,1.));
#14139 = ORIENTED_EDGE('',*,*,#10298,.T.);
#14140 = ORIENTED_EDGE('',*,*,#14141,.T.);
#14141 = EDGE_CURVE('',#10291,#9379,#14142,.T.);
#14142 = LINE('',#14143,#14144);
#14143 = CARTESIAN_POINT('',(1.7,-2.85,0.1));
#14144 = VECTOR('',#14145,1.);
#14145 = DIRECTION('',(0.,0.,-1.));
#14146 = ORIENTED_EDGE('',*,*,#9386,.F.);
#14147 = ORIENTED_EDGE('',*,*,#14069,.F.);
#14148 = PLANE('',#14149);
#14149 = AXIS2_PLACEMENT_3D('',#14150,#14151,#14152);
#14150 = CARTESIAN_POINT('',(3.4,-2.85,9.436895709314E-16));
#14151 = DIRECTION('',(0.,-1.,0.));
#14152 = DIRECTION('',(-1.,0.,0.));
#14153 = ADVANCED_FACE('',(#14154),#14165,.T.);
#14154 = FACE_BOUND('',#14155,.T.);
#14155 = EDGE_LOOP('',(#14156,#14157,#14158,#14159));
#14156 = ORIENTED_EDGE('',*,*,#9378,.F.);
#14157 = ORIENTED_EDGE('',*,*,#14141,.F.);
#14158 = ORIENTED_EDGE('',*,*,#10290,.T.);
#14159 = ORIENTED_EDGE('',*,*,#14160,.F.);
#14160 = EDGE_CURVE('',#9371,#10283,#14161,.T.);
#14161 = LINE('',#14162,#14163);
#14162 = CARTESIAN_POINT('',(1.7,-3.15,0.1));
#14163 = VECTOR('',#14164,1.);
#14164 = DIRECTION('',(0.,0.,1.));
#14165 = PLANE('',#14166);
#14166 = AXIS2_PLACEMENT_3D('',#14167,#14168,#14169);
#14167 = CARTESIAN_POINT('',(1.7,6.5,0.2));
#14168 = DIRECTION('',(1.,0.,0.));
#14169 = DIRECTION('',(0.,-1.,0.));
#14170 = ADVANCED_FACE('',(#14171),#14239,.T.);
#14171 = FACE_BOUND('',#14172,.T.);
#14172 = EDGE_LOOP('',(#14173,#14183,#14189,#14190,#14191,#14192,#14200,
    #14208,#14216,#14225,#14233));
#14173 = ORIENTED_EDGE('',*,*,#14174,.F.);
#14174 = EDGE_CURVE('',#14175,#14177,#14179,.T.);
#14175 = VERTEX_POINT('',#14176);
#14176 = CARTESIAN_POINT('',(1.6,-3.15,9.992007221626E-16));
#14177 = VERTEX_POINT('',#14178);
#14178 = CARTESIAN_POINT('',(3.4,-3.15,9.992007221626E-16));
#14179 = LINE('',#14180,#14181);
#14180 = CARTESIAN_POINT('',(1.6,-3.15,9.992007221626E-16));
#14181 = VECTOR('',#14182,1.);
#14182 = DIRECTION('',(1.,0.,0.));
#14183 = ORIENTED_EDGE('',*,*,#14184,.T.);
#14184 = EDGE_CURVE('',#14175,#9363,#14185,.T.);
#14185 = LINE('',#14186,#14187);
#14186 = CARTESIAN_POINT('',(1.6,-3.15,9.992007221626E-16));
#14187 = VECTOR('',#14188,1.);
#14188 = DIRECTION('',(0.,0.,1.));
#14189 = ORIENTED_EDGE('',*,*,#9370,.F.);
#14190 = ORIENTED_EDGE('',*,*,#14160,.T.);
#14191 = ORIENTED_EDGE('',*,*,#10282,.T.);
#14192 = ORIENTED_EDGE('',*,*,#14193,.T.);
#14193 = EDGE_CURVE('',#10275,#14194,#14196,.T.);
#14194 = VERTEX_POINT('',#14195);
#14195 = CARTESIAN_POINT('',(1.6,-3.15,1.8));
#14196 = LINE('',#14197,#14198);
#14197 = CARTESIAN_POINT('',(1.6,-3.15,9.992007221626E-16));
#14198 = VECTOR('',#14199,1.);
#14199 = DIRECTION('',(0.,0.,1.));
#14200 = ORIENTED_EDGE('',*,*,#14201,.T.);
#14201 = EDGE_CURVE('',#14194,#14202,#14204,.T.);
#14202 = VERTEX_POINT('',#14203);
#14203 = CARTESIAN_POINT('',(2.7,-3.15,1.8));
#14204 = LINE('',#14205,#14206);
#14205 = CARTESIAN_POINT('',(1.6,-3.15,1.8));
#14206 = VECTOR('',#14207,1.);
#14207 = DIRECTION('',(1.,0.,0.));
#14208 = ORIENTED_EDGE('',*,*,#14209,.T.);
#14209 = EDGE_CURVE('',#14202,#14210,#14212,.T.);
#14210 = VERTEX_POINT('',#14211);
#14211 = CARTESIAN_POINT('',(2.7,-3.15,0.5));
#14212 = LINE('',#14213,#14214);
#14213 = CARTESIAN_POINT('',(2.7,-3.15,0.25));
#14214 = VECTOR('',#14215,1.);
#14215 = DIRECTION('',(0.,0.,-1.));
#14216 = ORIENTED_EDGE('',*,*,#14217,.T.);
#14217 = EDGE_CURVE('',#14210,#14218,#14220,.T.);
#14218 = VERTEX_POINT('',#14219);
#14219 = CARTESIAN_POINT('',(2.9,-3.15,0.3));
#14220 = CIRCLE('',#14221,0.2);
#14221 = AXIS2_PLACEMENT_3D('',#14222,#14223,#14224);
#14222 = CARTESIAN_POINT('',(2.9,-3.15,0.5));
#14223 = DIRECTION('',(0.,-1.,-2.22044604925E-16));
#14224 = DIRECTION('',(1.,0.,0.));
#14225 = ORIENTED_EDGE('',*,*,#14226,.T.);
#14226 = EDGE_CURVE('',#14218,#14227,#14229,.T.);
#14227 = VERTEX_POINT('',#14228);
#14228 = CARTESIAN_POINT('',(3.4,-3.15,0.3));
#14229 = LINE('',#14230,#14231);
#14230 = CARTESIAN_POINT('',(3.05,-3.15,0.3));
#14231 = VECTOR('',#14232,1.);
#14232 = DIRECTION('',(1.,0.,0.));
#14233 = ORIENTED_EDGE('',*,*,#14234,.F.);
#14234 = EDGE_CURVE('',#14177,#14227,#14235,.T.);
#14235 = LINE('',#14236,#14237);
#14236 = CARTESIAN_POINT('',(3.4,-3.15,9.992007221626E-16));
#14237 = VECTOR('',#14238,1.);
#14238 = DIRECTION('',(0.,0.,1.));
#14239 = PLANE('',#14240);
#14240 = AXIS2_PLACEMENT_3D('',#14241,#14242,#14243);
#14241 = CARTESIAN_POINT('',(1.6,-3.15,9.992007221626E-16));
#14242 = DIRECTION('',(0.,1.,0.));
#14243 = DIRECTION('',(1.,0.,0.));
#14244 = ADVANCED_FACE('',(#14245),#14263,.T.);
#14245 = FACE_BOUND('',#14246,.T.);
#14246 = EDGE_LOOP('',(#14247,#14255,#14261,#14262));
#14247 = ORIENTED_EDGE('',*,*,#14248,.F.);
#14248 = EDGE_CURVE('',#14249,#14175,#14251,.T.);
#14249 = VERTEX_POINT('',#14250);
#14250 = CARTESIAN_POINT('',(1.6,-3.35,9.992007221626E-16));
#14251 = LINE('',#14252,#14253);
#14252 = CARTESIAN_POINT('',(1.6,-3.35,9.992007221626E-16));
#14253 = VECTOR('',#14254,1.);
#14254 = DIRECTION('',(0.,1.,0.));
#14255 = ORIENTED_EDGE('',*,*,#14256,.T.);
#14256 = EDGE_CURVE('',#14249,#9355,#14257,.T.);
#14257 = LINE('',#14258,#14259);
#14258 = CARTESIAN_POINT('',(1.6,-3.35,9.992007221626E-16));
#14259 = VECTOR('',#14260,1.);
#14260 = DIRECTION('',(0.,0.,1.));
#14261 = ORIENTED_EDGE('',*,*,#9362,.F.);
#14262 = ORIENTED_EDGE('',*,*,#14184,.F.);
#14263 = PLANE('',#14264);
#14264 = AXIS2_PLACEMENT_3D('',#14265,#14266,#14267);
#14265 = CARTESIAN_POINT('',(1.6,-3.35,9.992007221626E-16));
#14266 = DIRECTION('',(-1.,0.,0.));
#14267 = DIRECTION('',(0.,1.,0.));
#14268 = ADVANCED_FACE('',(#14269),#14335,.T.);
#14269 = FACE_BOUND('',#14270,.T.);
#14270 = EDGE_LOOP('',(#14271,#14279,#14287,#14295,#14304,#14312,#14320,
    #14326,#14327,#14333,#14334));
#14271 = ORIENTED_EDGE('',*,*,#14272,.F.);
#14272 = EDGE_CURVE('',#14273,#14249,#14275,.T.);
#14273 = VERTEX_POINT('',#14274);
#14274 = CARTESIAN_POINT('',(3.4,-3.35,9.992007221626E-16));
#14275 = LINE('',#14276,#14277);
#14276 = CARTESIAN_POINT('',(3.4,-3.35,9.992007221626E-16));
#14277 = VECTOR('',#14278,1.);
#14278 = DIRECTION('',(-1.,0.,0.));
#14279 = ORIENTED_EDGE('',*,*,#14280,.T.);
#14280 = EDGE_CURVE('',#14273,#14281,#14283,.T.);
#14281 = VERTEX_POINT('',#14282);
#14282 = CARTESIAN_POINT('',(3.4,-3.35,0.3));
#14283 = LINE('',#14284,#14285);
#14284 = CARTESIAN_POINT('',(3.4,-3.35,9.992007221626E-16));
#14285 = VECTOR('',#14286,1.);
#14286 = DIRECTION('',(0.,0.,1.));
#14287 = ORIENTED_EDGE('',*,*,#14288,.T.);
#14288 = EDGE_CURVE('',#14281,#14289,#14291,.T.);
#14289 = VERTEX_POINT('',#14290);
#14290 = CARTESIAN_POINT('',(2.9,-3.35,0.3));
#14291 = LINE('',#14292,#14293);
#14292 = CARTESIAN_POINT('',(3.95,-3.35,0.3));
#14293 = VECTOR('',#14294,1.);
#14294 = DIRECTION('',(-1.,0.,0.));
#14295 = ORIENTED_EDGE('',*,*,#14296,.F.);
#14296 = EDGE_CURVE('',#14297,#14289,#14299,.T.);
#14297 = VERTEX_POINT('',#14298);
#14298 = CARTESIAN_POINT('',(2.7,-3.35,0.5));
#14299 = CIRCLE('',#14300,0.2);
#14300 = AXIS2_PLACEMENT_3D('',#14301,#14302,#14303);
#14301 = CARTESIAN_POINT('',(2.9,-3.35,0.5));
#14302 = DIRECTION('',(0.,-1.,-2.22044604925E-16));
#14303 = DIRECTION('',(1.,0.,0.));
#14304 = ORIENTED_EDGE('',*,*,#14305,.T.);
#14305 = EDGE_CURVE('',#14297,#14306,#14308,.T.);
#14306 = VERTEX_POINT('',#14307);
#14307 = CARTESIAN_POINT('',(2.7,-3.35,1.8));
#14308 = LINE('',#14309,#14310);
#14309 = CARTESIAN_POINT('',(2.7,-3.35,0.25));
#14310 = VECTOR('',#14311,1.);
#14311 = DIRECTION('',(0.,0.,1.));
#14312 = ORIENTED_EDGE('',*,*,#14313,.T.);
#14313 = EDGE_CURVE('',#14306,#14314,#14316,.T.);
#14314 = VERTEX_POINT('',#14315);
#14315 = CARTESIAN_POINT('',(1.6,-3.35,1.8));
#14316 = LINE('',#14317,#14318);
#14317 = CARTESIAN_POINT('',(3.4,-3.35,1.8));
#14318 = VECTOR('',#14319,1.);
#14319 = DIRECTION('',(-1.,0.,0.));
#14320 = ORIENTED_EDGE('',*,*,#14321,.F.);
#14321 = EDGE_CURVE('',#10267,#14314,#14322,.T.);
#14322 = LINE('',#14323,#14324);
#14323 = CARTESIAN_POINT('',(1.6,-3.35,9.992007221626E-16));
#14324 = VECTOR('',#14325,1.);
#14325 = DIRECTION('',(0.,0.,1.));
#14326 = ORIENTED_EDGE('',*,*,#10266,.T.);
#14327 = ORIENTED_EDGE('',*,*,#14328,.T.);
#14328 = EDGE_CURVE('',#10259,#9347,#14329,.T.);
#14329 = LINE('',#14330,#14331);
#14330 = CARTESIAN_POINT('',(1.7,-3.35,0.1));
#14331 = VECTOR('',#14332,1.);
#14332 = DIRECTION('',(0.,0.,-1.));
#14333 = ORIENTED_EDGE('',*,*,#9354,.F.);
#14334 = ORIENTED_EDGE('',*,*,#14256,.F.);
#14335 = PLANE('',#14336);
#14336 = AXIS2_PLACEMENT_3D('',#14337,#14338,#14339);
#14337 = CARTESIAN_POINT('',(3.4,-3.35,9.992007221626E-16));
#14338 = DIRECTION('',(0.,-1.,0.));
#14339 = DIRECTION('',(-1.,0.,0.));
#14340 = ADVANCED_FACE('',(#14341),#14352,.T.);
#14341 = FACE_BOUND('',#14342,.T.);
#14342 = EDGE_LOOP('',(#14343,#14344,#14345,#14346));
#14343 = ORIENTED_EDGE('',*,*,#9346,.F.);
#14344 = ORIENTED_EDGE('',*,*,#14328,.F.);
#14345 = ORIENTED_EDGE('',*,*,#10258,.T.);
#14346 = ORIENTED_EDGE('',*,*,#14347,.F.);
#14347 = EDGE_CURVE('',#9339,#10251,#14348,.T.);
#14348 = LINE('',#14349,#14350);
#14349 = CARTESIAN_POINT('',(1.7,-3.65,0.1));
#14350 = VECTOR('',#14351,1.);
#14351 = DIRECTION('',(0.,0.,1.));
#14352 = PLANE('',#14353);
#14353 = AXIS2_PLACEMENT_3D('',#14354,#14355,#14356);
#14354 = CARTESIAN_POINT('',(1.7,6.5,0.2));
#14355 = DIRECTION('',(1.,0.,0.));
#14356 = DIRECTION('',(0.,-1.,0.));
#14357 = ADVANCED_FACE('',(#14358),#14426,.T.);
#14358 = FACE_BOUND('',#14359,.T.);
#14359 = EDGE_LOOP('',(#14360,#14370,#14376,#14377,#14378,#14379,#14387,
    #14395,#14403,#14412,#14420));
#14360 = ORIENTED_EDGE('',*,*,#14361,.F.);
#14361 = EDGE_CURVE('',#14362,#14364,#14366,.T.);
#14362 = VERTEX_POINT('',#14363);
#14363 = CARTESIAN_POINT('',(1.6,-3.65,1.054711873394E-15));
#14364 = VERTEX_POINT('',#14365);
#14365 = CARTESIAN_POINT('',(3.4,-3.65,1.054711873394E-15));
#14366 = LINE('',#14367,#14368);
#14367 = CARTESIAN_POINT('',(1.6,-3.65,1.054711873394E-15));
#14368 = VECTOR('',#14369,1.);
#14369 = DIRECTION('',(1.,0.,0.));
#14370 = ORIENTED_EDGE('',*,*,#14371,.T.);
#14371 = EDGE_CURVE('',#14362,#9331,#14372,.T.);
#14372 = LINE('',#14373,#14374);
#14373 = CARTESIAN_POINT('',(1.6,-3.65,1.054711873394E-15));
#14374 = VECTOR('',#14375,1.);
#14375 = DIRECTION('',(0.,0.,1.));
#14376 = ORIENTED_EDGE('',*,*,#9338,.F.);
#14377 = ORIENTED_EDGE('',*,*,#14347,.T.);
#14378 = ORIENTED_EDGE('',*,*,#10250,.T.);
#14379 = ORIENTED_EDGE('',*,*,#14380,.T.);
#14380 = EDGE_CURVE('',#10243,#14381,#14383,.T.);
#14381 = VERTEX_POINT('',#14382);
#14382 = CARTESIAN_POINT('',(1.6,-3.65,1.8));
#14383 = LINE('',#14384,#14385);
#14384 = CARTESIAN_POINT('',(1.6,-3.65,1.054711873394E-15));
#14385 = VECTOR('',#14386,1.);
#14386 = DIRECTION('',(0.,0.,1.));
#14387 = ORIENTED_EDGE('',*,*,#14388,.T.);
#14388 = EDGE_CURVE('',#14381,#14389,#14391,.T.);
#14389 = VERTEX_POINT('',#14390);
#14390 = CARTESIAN_POINT('',(2.7,-3.65,1.8));
#14391 = LINE('',#14392,#14393);
#14392 = CARTESIAN_POINT('',(1.6,-3.65,1.8));
#14393 = VECTOR('',#14394,1.);
#14394 = DIRECTION('',(1.,0.,0.));
#14395 = ORIENTED_EDGE('',*,*,#14396,.T.);
#14396 = EDGE_CURVE('',#14389,#14397,#14399,.T.);
#14397 = VERTEX_POINT('',#14398);
#14398 = CARTESIAN_POINT('',(2.7,-3.65,0.5));
#14399 = LINE('',#14400,#14401);
#14400 = CARTESIAN_POINT('',(2.7,-3.65,0.25));
#14401 = VECTOR('',#14402,1.);
#14402 = DIRECTION('',(0.,0.,-1.));
#14403 = ORIENTED_EDGE('',*,*,#14404,.T.);
#14404 = EDGE_CURVE('',#14397,#14405,#14407,.T.);
#14405 = VERTEX_POINT('',#14406);
#14406 = CARTESIAN_POINT('',(2.9,-3.65,0.3));
#14407 = CIRCLE('',#14408,0.2);
#14408 = AXIS2_PLACEMENT_3D('',#14409,#14410,#14411);
#14409 = CARTESIAN_POINT('',(2.9,-3.65,0.5));
#14410 = DIRECTION('',(0.,-1.,-2.22044604925E-16));
#14411 = DIRECTION('',(1.,0.,0.));
#14412 = ORIENTED_EDGE('',*,*,#14413,.T.);
#14413 = EDGE_CURVE('',#14405,#14414,#14416,.T.);
#14414 = VERTEX_POINT('',#14415);
#14415 = CARTESIAN_POINT('',(3.4,-3.65,0.3));
#14416 = LINE('',#14417,#14418);
#14417 = CARTESIAN_POINT('',(3.05,-3.65,0.3));
#14418 = VECTOR('',#14419,1.);
#14419 = DIRECTION('',(1.,0.,0.));
#14420 = ORIENTED_EDGE('',*,*,#14421,.F.);
#14421 = EDGE_CURVE('',#14364,#14414,#14422,.T.);
#14422 = LINE('',#14423,#14424);
#14423 = CARTESIAN_POINT('',(3.4,-3.65,1.054711873394E-15));
#14424 = VECTOR('',#14425,1.);
#14425 = DIRECTION('',(0.,0.,1.));
#14426 = PLANE('',#14427);
#14427 = AXIS2_PLACEMENT_3D('',#14428,#14429,#14430);
#14428 = CARTESIAN_POINT('',(1.6,-3.65,1.054711873394E-15));
#14429 = DIRECTION('',(0.,1.,0.));
#14430 = DIRECTION('',(1.,0.,0.));
#14431 = ADVANCED_FACE('',(#14432),#14450,.T.);
#14432 = FACE_BOUND('',#14433,.T.);
#14433 = EDGE_LOOP('',(#14434,#14442,#14448,#14449));
#14434 = ORIENTED_EDGE('',*,*,#14435,.F.);
#14435 = EDGE_CURVE('',#14436,#14362,#14438,.T.);
#14436 = VERTEX_POINT('',#14437);
#14437 = CARTESIAN_POINT('',(1.6,-3.85,1.054711873394E-15));
#14438 = LINE('',#14439,#14440);
#14439 = CARTESIAN_POINT('',(1.6,-3.85,1.054711873394E-15));
#14440 = VECTOR('',#14441,1.);
#14441 = DIRECTION('',(0.,1.,0.));
#14442 = ORIENTED_EDGE('',*,*,#14443,.T.);
#14443 = EDGE_CURVE('',#14436,#9323,#14444,.T.);
#14444 = LINE('',#14445,#14446);
#14445 = CARTESIAN_POINT('',(1.6,-3.85,1.054711873394E-15));
#14446 = VECTOR('',#14447,1.);
#14447 = DIRECTION('',(0.,0.,1.));
#14448 = ORIENTED_EDGE('',*,*,#9330,.F.);
#14449 = ORIENTED_EDGE('',*,*,#14371,.F.);
#14450 = PLANE('',#14451);
#14451 = AXIS2_PLACEMENT_3D('',#14452,#14453,#14454);
#14452 = CARTESIAN_POINT('',(1.6,-3.85,1.054711873394E-15));
#14453 = DIRECTION('',(-1.,0.,0.));
#14454 = DIRECTION('',(0.,1.,0.));
#14455 = ADVANCED_FACE('',(#14456),#14522,.T.);
#14456 = FACE_BOUND('',#14457,.T.);
#14457 = EDGE_LOOP('',(#14458,#14466,#14474,#14482,#14491,#14499,#14507,
    #14513,#14514,#14520,#14521));
#14458 = ORIENTED_EDGE('',*,*,#14459,.F.);
#14459 = EDGE_CURVE('',#14460,#14436,#14462,.T.);
#14460 = VERTEX_POINT('',#14461);
#14461 = CARTESIAN_POINT('',(3.4,-3.85,1.054711873394E-15));
#14462 = LINE('',#14463,#14464);
#14463 = CARTESIAN_POINT('',(3.4,-3.85,1.054711873394E-15));
#14464 = VECTOR('',#14465,1.);
#14465 = DIRECTION('',(-1.,0.,0.));
#14466 = ORIENTED_EDGE('',*,*,#14467,.T.);
#14467 = EDGE_CURVE('',#14460,#14468,#14470,.T.);
#14468 = VERTEX_POINT('',#14469);
#14469 = CARTESIAN_POINT('',(3.4,-3.85,0.3));
#14470 = LINE('',#14471,#14472);
#14471 = CARTESIAN_POINT('',(3.4,-3.85,1.054711873394E-15));
#14472 = VECTOR('',#14473,1.);
#14473 = DIRECTION('',(0.,0.,1.));
#14474 = ORIENTED_EDGE('',*,*,#14475,.T.);
#14475 = EDGE_CURVE('',#14468,#14476,#14478,.T.);
#14476 = VERTEX_POINT('',#14477);
#14477 = CARTESIAN_POINT('',(2.9,-3.85,0.3));
#14478 = LINE('',#14479,#14480);
#14479 = CARTESIAN_POINT('',(3.95,-3.85,0.3));
#14480 = VECTOR('',#14481,1.);
#14481 = DIRECTION('',(-1.,0.,0.));
#14482 = ORIENTED_EDGE('',*,*,#14483,.F.);
#14483 = EDGE_CURVE('',#14484,#14476,#14486,.T.);
#14484 = VERTEX_POINT('',#14485);
#14485 = CARTESIAN_POINT('',(2.7,-3.85,0.5));
#14486 = CIRCLE('',#14487,0.2);
#14487 = AXIS2_PLACEMENT_3D('',#14488,#14489,#14490);
#14488 = CARTESIAN_POINT('',(2.9,-3.85,0.5));
#14489 = DIRECTION('',(0.,-1.,-2.22044604925E-16));
#14490 = DIRECTION('',(1.,0.,0.));
#14491 = ORIENTED_EDGE('',*,*,#14492,.T.);
#14492 = EDGE_CURVE('',#14484,#14493,#14495,.T.);
#14493 = VERTEX_POINT('',#14494);
#14494 = CARTESIAN_POINT('',(2.7,-3.85,1.8));
#14495 = LINE('',#14496,#14497);
#14496 = CARTESIAN_POINT('',(2.7,-3.85,0.25));
#14497 = VECTOR('',#14498,1.);
#14498 = DIRECTION('',(0.,0.,1.));
#14499 = ORIENTED_EDGE('',*,*,#14500,.T.);
#14500 = EDGE_CURVE('',#14493,#14501,#14503,.T.);
#14501 = VERTEX_POINT('',#14502);
#14502 = CARTESIAN_POINT('',(1.6,-3.85,1.8));
#14503 = LINE('',#14504,#14505);
#14504 = CARTESIAN_POINT('',(3.4,-3.85,1.8));
#14505 = VECTOR('',#14506,1.);
#14506 = DIRECTION('',(-1.,0.,0.));
#14507 = ORIENTED_EDGE('',*,*,#14508,.F.);
#14508 = EDGE_CURVE('',#10235,#14501,#14509,.T.);
#14509 = LINE('',#14510,#14511);
#14510 = CARTESIAN_POINT('',(1.6,-3.85,1.054711873394E-15));
#14511 = VECTOR('',#14512,1.);
#14512 = DIRECTION('',(0.,0.,1.));
#14513 = ORIENTED_EDGE('',*,*,#10234,.T.);
#14514 = ORIENTED_EDGE('',*,*,#14515,.T.);
#14515 = EDGE_CURVE('',#10227,#9315,#14516,.T.);
#14516 = LINE('',#14517,#14518);
#14517 = CARTESIAN_POINT('',(1.7,-3.85,0.1));
#14518 = VECTOR('',#14519,1.);
#14519 = DIRECTION('',(0.,0.,-1.));
#14520 = ORIENTED_EDGE('',*,*,#9322,.F.);
#14521 = ORIENTED_EDGE('',*,*,#14443,.F.);
#14522 = PLANE('',#14523);
#14523 = AXIS2_PLACEMENT_3D('',#14524,#14525,#14526);
#14524 = CARTESIAN_POINT('',(3.4,-3.85,1.054711873394E-15));
#14525 = DIRECTION('',(0.,-1.,0.));
#14526 = DIRECTION('',(-1.,0.,0.));
#14527 = ADVANCED_FACE('',(#14528),#14539,.T.);
#14528 = FACE_BOUND('',#14529,.T.);
#14529 = EDGE_LOOP('',(#14530,#14531,#14532,#14533));
#14530 = ORIENTED_EDGE('',*,*,#9314,.F.);
#14531 = ORIENTED_EDGE('',*,*,#14515,.F.);
#14532 = ORIENTED_EDGE('',*,*,#10226,.T.);
#14533 = ORIENTED_EDGE('',*,*,#14534,.F.);
#14534 = EDGE_CURVE('',#9307,#10219,#14535,.T.);
#14535 = LINE('',#14536,#14537);
#14536 = CARTESIAN_POINT('',(1.7,-4.15,0.1));
#14537 = VECTOR('',#14538,1.);
#14538 = DIRECTION('',(0.,0.,1.));
#14539 = PLANE('',#14540);
#14540 = AXIS2_PLACEMENT_3D('',#14541,#14542,#14543);
#14541 = CARTESIAN_POINT('',(1.7,6.5,0.2));
#14542 = DIRECTION('',(1.,0.,0.));
#14543 = DIRECTION('',(0.,-1.,0.));
#14544 = ADVANCED_FACE('',(#14545),#14613,.T.);
#14545 = FACE_BOUND('',#14546,.T.);
#14546 = EDGE_LOOP('',(#14547,#14557,#14563,#14564,#14565,#14566,#14574,
    #14582,#14590,#14599,#14607));
#14547 = ORIENTED_EDGE('',*,*,#14548,.F.);
#14548 = EDGE_CURVE('',#14549,#14551,#14553,.T.);
#14549 = VERTEX_POINT('',#14550);
#14550 = CARTESIAN_POINT('',(1.6,-4.15,1.110223024625E-15));
#14551 = VERTEX_POINT('',#14552);
#14552 = CARTESIAN_POINT('',(3.4,-4.15,1.110223024625E-15));
#14553 = LINE('',#14554,#14555);
#14554 = CARTESIAN_POINT('',(1.6,-4.15,1.110223024625E-15));
#14555 = VECTOR('',#14556,1.);
#14556 = DIRECTION('',(1.,0.,0.));
#14557 = ORIENTED_EDGE('',*,*,#14558,.T.);
#14558 = EDGE_CURVE('',#14549,#9299,#14559,.T.);
#14559 = LINE('',#14560,#14561);
#14560 = CARTESIAN_POINT('',(1.6,-4.15,1.110223024625E-15));
#14561 = VECTOR('',#14562,1.);
#14562 = DIRECTION('',(0.,0.,1.));
#14563 = ORIENTED_EDGE('',*,*,#9306,.F.);
#14564 = ORIENTED_EDGE('',*,*,#14534,.T.);
#14565 = ORIENTED_EDGE('',*,*,#10218,.T.);
#14566 = ORIENTED_EDGE('',*,*,#14567,.T.);
#14567 = EDGE_CURVE('',#10211,#14568,#14570,.T.);
#14568 = VERTEX_POINT('',#14569);
#14569 = CARTESIAN_POINT('',(1.6,-4.15,1.8));
#14570 = LINE('',#14571,#14572);
#14571 = CARTESIAN_POINT('',(1.6,-4.15,1.110223024625E-15));
#14572 = VECTOR('',#14573,1.);
#14573 = DIRECTION('',(0.,0.,1.));
#14574 = ORIENTED_EDGE('',*,*,#14575,.T.);
#14575 = EDGE_CURVE('',#14568,#14576,#14578,.T.);
#14576 = VERTEX_POINT('',#14577);
#14577 = CARTESIAN_POINT('',(2.7,-4.15,1.8));
#14578 = LINE('',#14579,#14580);
#14579 = CARTESIAN_POINT('',(1.6,-4.15,1.8));
#14580 = VECTOR('',#14581,1.);
#14581 = DIRECTION('',(1.,0.,0.));
#14582 = ORIENTED_EDGE('',*,*,#14583,.T.);
#14583 = EDGE_CURVE('',#14576,#14584,#14586,.T.);
#14584 = VERTEX_POINT('',#14585);
#14585 = CARTESIAN_POINT('',(2.7,-4.15,0.5));
#14586 = LINE('',#14587,#14588);
#14587 = CARTESIAN_POINT('',(2.7,-4.15,0.25));
#14588 = VECTOR('',#14589,1.);
#14589 = DIRECTION('',(0.,0.,-1.));
#14590 = ORIENTED_EDGE('',*,*,#14591,.T.);
#14591 = EDGE_CURVE('',#14584,#14592,#14594,.T.);
#14592 = VERTEX_POINT('',#14593);
#14593 = CARTESIAN_POINT('',(2.9,-4.15,0.3));
#14594 = CIRCLE('',#14595,0.2);
#14595 = AXIS2_PLACEMENT_3D('',#14596,#14597,#14598);
#14596 = CARTESIAN_POINT('',(2.9,-4.15,0.5));
#14597 = DIRECTION('',(0.,-1.,-2.22044604925E-16));
#14598 = DIRECTION('',(1.,0.,0.));
#14599 = ORIENTED_EDGE('',*,*,#14600,.T.);
#14600 = EDGE_CURVE('',#14592,#14601,#14603,.T.);
#14601 = VERTEX_POINT('',#14602);
#14602 = CARTESIAN_POINT('',(3.4,-4.15,0.3));
#14603 = LINE('',#14604,#14605);
#14604 = CARTESIAN_POINT('',(3.05,-4.15,0.3));
#14605 = VECTOR('',#14606,1.);
#14606 = DIRECTION('',(1.,0.,0.));
#14607 = ORIENTED_EDGE('',*,*,#14608,.F.);
#14608 = EDGE_CURVE('',#14551,#14601,#14609,.T.);
#14609 = LINE('',#14610,#14611);
#14610 = CARTESIAN_POINT('',(3.4,-4.15,1.110223024625E-15));
#14611 = VECTOR('',#14612,1.);
#14612 = DIRECTION('',(0.,0.,1.));
#14613 = PLANE('',#14614);
#14614 = AXIS2_PLACEMENT_3D('',#14615,#14616,#14617);
#14615 = CARTESIAN_POINT('',(1.6,-4.15,1.110223024625E-15));
#14616 = DIRECTION('',(0.,1.,0.));
#14617 = DIRECTION('',(1.,0.,0.));
#14618 = ADVANCED_FACE('',(#14619),#14637,.T.);
#14619 = FACE_BOUND('',#14620,.T.);
#14620 = EDGE_LOOP('',(#14621,#14629,#14635,#14636));
#14621 = ORIENTED_EDGE('',*,*,#14622,.F.);
#14622 = EDGE_CURVE('',#14623,#14549,#14625,.T.);
#14623 = VERTEX_POINT('',#14624);
#14624 = CARTESIAN_POINT('',(1.6,-4.35,1.110223024625E-15));
#14625 = LINE('',#14626,#14627);
#14626 = CARTESIAN_POINT('',(1.6,-4.35,1.110223024625E-15));
#14627 = VECTOR('',#14628,1.);
#14628 = DIRECTION('',(0.,1.,0.));
#14629 = ORIENTED_EDGE('',*,*,#14630,.T.);
#14630 = EDGE_CURVE('',#14623,#9291,#14631,.T.);
#14631 = LINE('',#14632,#14633);
#14632 = CARTESIAN_POINT('',(1.6,-4.35,1.110223024625E-15));
#14633 = VECTOR('',#14634,1.);
#14634 = DIRECTION('',(0.,0.,1.));
#14635 = ORIENTED_EDGE('',*,*,#9298,.F.);
#14636 = ORIENTED_EDGE('',*,*,#14558,.F.);
#14637 = PLANE('',#14638);
#14638 = AXIS2_PLACEMENT_3D('',#14639,#14640,#14641);
#14639 = CARTESIAN_POINT('',(1.6,-4.35,1.110223024625E-15));
#14640 = DIRECTION('',(-1.,0.,0.));
#14641 = DIRECTION('',(0.,1.,0.));
#14642 = ADVANCED_FACE('',(#14643),#14709,.T.);
#14643 = FACE_BOUND('',#14644,.T.);
#14644 = EDGE_LOOP('',(#14645,#14653,#14661,#14669,#14678,#14686,#14694,
    #14700,#14701,#14707,#14708));
#14645 = ORIENTED_EDGE('',*,*,#14646,.F.);
#14646 = EDGE_CURVE('',#14647,#14623,#14649,.T.);
#14647 = VERTEX_POINT('',#14648);
#14648 = CARTESIAN_POINT('',(3.4,-4.35,1.110223024625E-15));
#14649 = LINE('',#14650,#14651);
#14650 = CARTESIAN_POINT('',(3.4,-4.35,1.110223024625E-15));
#14651 = VECTOR('',#14652,1.);
#14652 = DIRECTION('',(-1.,0.,0.));
#14653 = ORIENTED_EDGE('',*,*,#14654,.T.);
#14654 = EDGE_CURVE('',#14647,#14655,#14657,.T.);
#14655 = VERTEX_POINT('',#14656);
#14656 = CARTESIAN_POINT('',(3.4,-4.35,0.3));
#14657 = LINE('',#14658,#14659);
#14658 = CARTESIAN_POINT('',(3.4,-4.35,1.110223024625E-15));
#14659 = VECTOR('',#14660,1.);
#14660 = DIRECTION('',(0.,0.,1.));
#14661 = ORIENTED_EDGE('',*,*,#14662,.T.);
#14662 = EDGE_CURVE('',#14655,#14663,#14665,.T.);
#14663 = VERTEX_POINT('',#14664);
#14664 = CARTESIAN_POINT('',(2.9,-4.35,0.3));
#14665 = LINE('',#14666,#14667);
#14666 = CARTESIAN_POINT('',(3.95,-4.35,0.3));
#14667 = VECTOR('',#14668,1.);
#14668 = DIRECTION('',(-1.,0.,0.));
#14669 = ORIENTED_EDGE('',*,*,#14670,.F.);
#14670 = EDGE_CURVE('',#14671,#14663,#14673,.T.);
#14671 = VERTEX_POINT('',#14672);
#14672 = CARTESIAN_POINT('',(2.7,-4.35,0.5));
#14673 = CIRCLE('',#14674,0.2);
#14674 = AXIS2_PLACEMENT_3D('',#14675,#14676,#14677);
#14675 = CARTESIAN_POINT('',(2.9,-4.35,0.5));
#14676 = DIRECTION('',(0.,-1.,-2.22044604925E-16));
#14677 = DIRECTION('',(1.,0.,0.));
#14678 = ORIENTED_EDGE('',*,*,#14679,.T.);
#14679 = EDGE_CURVE('',#14671,#14680,#14682,.T.);
#14680 = VERTEX_POINT('',#14681);
#14681 = CARTESIAN_POINT('',(2.7,-4.35,1.8));
#14682 = LINE('',#14683,#14684);
#14683 = CARTESIAN_POINT('',(2.7,-4.35,0.25));
#14684 = VECTOR('',#14685,1.);
#14685 = DIRECTION('',(0.,0.,1.));
#14686 = ORIENTED_EDGE('',*,*,#14687,.T.);
#14687 = EDGE_CURVE('',#14680,#14688,#14690,.T.);
#14688 = VERTEX_POINT('',#14689);
#14689 = CARTESIAN_POINT('',(1.6,-4.35,1.8));
#14690 = LINE('',#14691,#14692);
#14691 = CARTESIAN_POINT('',(3.4,-4.35,1.8));
#14692 = VECTOR('',#14693,1.);
#14693 = DIRECTION('',(-1.,0.,0.));
#14694 = ORIENTED_EDGE('',*,*,#14695,.F.);
#14695 = EDGE_CURVE('',#10203,#14688,#14696,.T.);
#14696 = LINE('',#14697,#14698);
#14697 = CARTESIAN_POINT('',(1.6,-4.35,1.110223024625E-15));
#14698 = VECTOR('',#14699,1.);
#14699 = DIRECTION('',(0.,0.,1.));
#14700 = ORIENTED_EDGE('',*,*,#10202,.T.);
#14701 = ORIENTED_EDGE('',*,*,#14702,.T.);
#14702 = EDGE_CURVE('',#10195,#9283,#14703,.T.);
#14703 = LINE('',#14704,#14705);
#14704 = CARTESIAN_POINT('',(1.7,-4.35,0.1));
#14705 = VECTOR('',#14706,1.);
#14706 = DIRECTION('',(0.,0.,-1.));
#14707 = ORIENTED_EDGE('',*,*,#9290,.F.);
#14708 = ORIENTED_EDGE('',*,*,#14630,.F.);
#14709 = PLANE('',#14710);
#14710 = AXIS2_PLACEMENT_3D('',#14711,#14712,#14713);
#14711 = CARTESIAN_POINT('',(3.4,-4.35,1.110223024625E-15));
#14712 = DIRECTION('',(0.,-1.,0.));
#14713 = DIRECTION('',(-1.,0.,0.));
#14714 = ADVANCED_FACE('',(#14715),#14726,.T.);
#14715 = FACE_BOUND('',#14716,.T.);
#14716 = EDGE_LOOP('',(#14717,#14718,#14719,#14720));
#14717 = ORIENTED_EDGE('',*,*,#9282,.F.);
#14718 = ORIENTED_EDGE('',*,*,#14702,.F.);
#14719 = ORIENTED_EDGE('',*,*,#10194,.T.);
#14720 = ORIENTED_EDGE('',*,*,#14721,.F.);
#14721 = EDGE_CURVE('',#9275,#10187,#14722,.T.);
#14722 = LINE('',#14723,#14724);
#14723 = CARTESIAN_POINT('',(1.7,-4.65,0.1));
#14724 = VECTOR('',#14725,1.);
#14725 = DIRECTION('',(0.,0.,1.));
#14726 = PLANE('',#14727);
#14727 = AXIS2_PLACEMENT_3D('',#14728,#14729,#14730);
#14728 = CARTESIAN_POINT('',(1.7,6.5,0.2));
#14729 = DIRECTION('',(1.,0.,0.));
#14730 = DIRECTION('',(0.,-1.,0.));
#14731 = ADVANCED_FACE('',(#14732),#14800,.T.);
#14732 = FACE_BOUND('',#14733,.T.);
#14733 = EDGE_LOOP('',(#14734,#14744,#14750,#14751,#14752,#14753,#14761,
    #14769,#14777,#14786,#14794));
#14734 = ORIENTED_EDGE('',*,*,#14735,.F.);
#14735 = EDGE_CURVE('',#14736,#14738,#14740,.T.);
#14736 = VERTEX_POINT('',#14737);
#14737 = CARTESIAN_POINT('',(1.6,-4.65,1.165734175856E-15));
#14738 = VERTEX_POINT('',#14739);
#14739 = CARTESIAN_POINT('',(3.4,-4.65,1.165734175856E-15));
#14740 = LINE('',#14741,#14742);
#14741 = CARTESIAN_POINT('',(1.6,-4.65,1.165734175856E-15));
#14742 = VECTOR('',#14743,1.);
#14743 = DIRECTION('',(1.,0.,0.));
#14744 = ORIENTED_EDGE('',*,*,#14745,.T.);
#14745 = EDGE_CURVE('',#14736,#9267,#14746,.T.);
#14746 = LINE('',#14747,#14748);
#14747 = CARTESIAN_POINT('',(1.6,-4.65,1.165734175856E-15));
#14748 = VECTOR('',#14749,1.);
#14749 = DIRECTION('',(0.,0.,1.));
#14750 = ORIENTED_EDGE('',*,*,#9274,.F.);
#14751 = ORIENTED_EDGE('',*,*,#14721,.T.);
#14752 = ORIENTED_EDGE('',*,*,#10186,.T.);
#14753 = ORIENTED_EDGE('',*,*,#14754,.T.);
#14754 = EDGE_CURVE('',#10179,#14755,#14757,.T.);
#14755 = VERTEX_POINT('',#14756);
#14756 = CARTESIAN_POINT('',(1.6,-4.65,1.8));
#14757 = LINE('',#14758,#14759);
#14758 = CARTESIAN_POINT('',(1.6,-4.65,1.165734175856E-15));
#14759 = VECTOR('',#14760,1.);
#14760 = DIRECTION('',(0.,0.,1.));
#14761 = ORIENTED_EDGE('',*,*,#14762,.T.);
#14762 = EDGE_CURVE('',#14755,#14763,#14765,.T.);
#14763 = VERTEX_POINT('',#14764);
#14764 = CARTESIAN_POINT('',(2.7,-4.65,1.8));
#14765 = LINE('',#14766,#14767);
#14766 = CARTESIAN_POINT('',(1.6,-4.65,1.8));
#14767 = VECTOR('',#14768,1.);
#14768 = DIRECTION('',(1.,0.,0.));
#14769 = ORIENTED_EDGE('',*,*,#14770,.T.);
#14770 = EDGE_CURVE('',#14763,#14771,#14773,.T.);
#14771 = VERTEX_POINT('',#14772);
#14772 = CARTESIAN_POINT('',(2.7,-4.65,0.5));
#14773 = LINE('',#14774,#14775);
#14774 = CARTESIAN_POINT('',(2.7,-4.65,0.25));
#14775 = VECTOR('',#14776,1.);
#14776 = DIRECTION('',(0.,0.,-1.));
#14777 = ORIENTED_EDGE('',*,*,#14778,.T.);
#14778 = EDGE_CURVE('',#14771,#14779,#14781,.T.);
#14779 = VERTEX_POINT('',#14780);
#14780 = CARTESIAN_POINT('',(2.9,-4.65,0.3));
#14781 = CIRCLE('',#14782,0.2);
#14782 = AXIS2_PLACEMENT_3D('',#14783,#14784,#14785);
#14783 = CARTESIAN_POINT('',(2.9,-4.65,0.5));
#14784 = DIRECTION('',(0.,-1.,-2.22044604925E-16));
#14785 = DIRECTION('',(1.,0.,0.));
#14786 = ORIENTED_EDGE('',*,*,#14787,.T.);
#14787 = EDGE_CURVE('',#14779,#14788,#14790,.T.);
#14788 = VERTEX_POINT('',#14789);
#14789 = CARTESIAN_POINT('',(3.4,-4.65,0.3));
#14790 = LINE('',#14791,#14792);
#14791 = CARTESIAN_POINT('',(3.05,-4.65,0.3));
#14792 = VECTOR('',#14793,1.);
#14793 = DIRECTION('',(1.,0.,0.));
#14794 = ORIENTED_EDGE('',*,*,#14795,.F.);
#14795 = EDGE_CURVE('',#14738,#14788,#14796,.T.);
#14796 = LINE('',#14797,#14798);
#14797 = CARTESIAN_POINT('',(3.4,-4.65,1.165734175856E-15));
#14798 = VECTOR('',#14799,1.);
#14799 = DIRECTION('',(0.,0.,1.));
#14800 = PLANE('',#14801);
#14801 = AXIS2_PLACEMENT_3D('',#14802,#14803,#14804);
#14802 = CARTESIAN_POINT('',(1.6,-4.65,1.165734175856E-15));
#14803 = DIRECTION('',(0.,1.,0.));
#14804 = DIRECTION('',(1.,0.,0.));
#14805 = ADVANCED_FACE('',(#14806),#14824,.T.);
#14806 = FACE_BOUND('',#14807,.T.);
#14807 = EDGE_LOOP('',(#14808,#14816,#14822,#14823));
#14808 = ORIENTED_EDGE('',*,*,#14809,.F.);
#14809 = EDGE_CURVE('',#14810,#14736,#14812,.T.);
#14810 = VERTEX_POINT('',#14811);
#14811 = CARTESIAN_POINT('',(1.6,-4.85,1.165734175856E-15));
#14812 = LINE('',#14813,#14814);
#14813 = CARTESIAN_POINT('',(1.6,-4.85,1.165734175856E-15));
#14814 = VECTOR('',#14815,1.);
#14815 = DIRECTION('',(0.,1.,0.));
#14816 = ORIENTED_EDGE('',*,*,#14817,.T.);
#14817 = EDGE_CURVE('',#14810,#9259,#14818,.T.);
#14818 = LINE('',#14819,#14820);
#14819 = CARTESIAN_POINT('',(1.6,-4.85,1.165734175856E-15));
#14820 = VECTOR('',#14821,1.);
#14821 = DIRECTION('',(0.,0.,1.));
#14822 = ORIENTED_EDGE('',*,*,#9266,.F.);
#14823 = ORIENTED_EDGE('',*,*,#14745,.F.);
#14824 = PLANE('',#14825);
#14825 = AXIS2_PLACEMENT_3D('',#14826,#14827,#14828);
#14826 = CARTESIAN_POINT('',(1.6,-4.85,1.165734175856E-15));
#14827 = DIRECTION('',(-1.,0.,0.));
#14828 = DIRECTION('',(0.,1.,0.));
#14829 = ADVANCED_FACE('',(#14830),#14896,.T.);
#14830 = FACE_BOUND('',#14831,.T.);
#14831 = EDGE_LOOP('',(#14832,#14840,#14848,#14856,#14865,#14873,#14881,
    #14887,#14888,#14894,#14895));
#14832 = ORIENTED_EDGE('',*,*,#14833,.F.);
#14833 = EDGE_CURVE('',#14834,#14810,#14836,.T.);
#14834 = VERTEX_POINT('',#14835);
#14835 = CARTESIAN_POINT('',(3.4,-4.85,1.165734175856E-15));
#14836 = LINE('',#14837,#14838);
#14837 = CARTESIAN_POINT('',(3.4,-4.85,1.165734175856E-15));
#14838 = VECTOR('',#14839,1.);
#14839 = DIRECTION('',(-1.,0.,0.));
#14840 = ORIENTED_EDGE('',*,*,#14841,.T.);
#14841 = EDGE_CURVE('',#14834,#14842,#14844,.T.);
#14842 = VERTEX_POINT('',#14843);
#14843 = CARTESIAN_POINT('',(3.4,-4.85,0.3));
#14844 = LINE('',#14845,#14846);
#14845 = CARTESIAN_POINT('',(3.4,-4.85,1.165734175856E-15));
#14846 = VECTOR('',#14847,1.);
#14847 = DIRECTION('',(0.,0.,1.));
#14848 = ORIENTED_EDGE('',*,*,#14849,.T.);
#14849 = EDGE_CURVE('',#14842,#14850,#14852,.T.);
#14850 = VERTEX_POINT('',#14851);
#14851 = CARTESIAN_POINT('',(2.9,-4.85,0.3));
#14852 = LINE('',#14853,#14854);
#14853 = CARTESIAN_POINT('',(3.95,-4.85,0.3));
#14854 = VECTOR('',#14855,1.);
#14855 = DIRECTION('',(-1.,0.,0.));
#14856 = ORIENTED_EDGE('',*,*,#14857,.F.);
#14857 = EDGE_CURVE('',#14858,#14850,#14860,.T.);
#14858 = VERTEX_POINT('',#14859);
#14859 = CARTESIAN_POINT('',(2.7,-4.85,0.5));
#14860 = CIRCLE('',#14861,0.2);
#14861 = AXIS2_PLACEMENT_3D('',#14862,#14863,#14864);
#14862 = CARTESIAN_POINT('',(2.9,-4.85,0.5));
#14863 = DIRECTION('',(0.,-1.,-2.22044604925E-16));
#14864 = DIRECTION('',(1.,0.,0.));
#14865 = ORIENTED_EDGE('',*,*,#14866,.T.);
#14866 = EDGE_CURVE('',#14858,#14867,#14869,.T.);
#14867 = VERTEX_POINT('',#14868);
#14868 = CARTESIAN_POINT('',(2.7,-4.85,1.8));
#14869 = LINE('',#14870,#14871);
#14870 = CARTESIAN_POINT('',(2.7,-4.85,0.25));
#14871 = VECTOR('',#14872,1.);
#14872 = DIRECTION('',(0.,0.,1.));
#14873 = ORIENTED_EDGE('',*,*,#14874,.T.);
#14874 = EDGE_CURVE('',#14867,#14875,#14877,.T.);
#14875 = VERTEX_POINT('',#14876);
#14876 = CARTESIAN_POINT('',(1.6,-4.85,1.8));
#14877 = LINE('',#14878,#14879);
#14878 = CARTESIAN_POINT('',(3.4,-4.85,1.8));
#14879 = VECTOR('',#14880,1.);
#14880 = DIRECTION('',(-1.,0.,0.));
#14881 = ORIENTED_EDGE('',*,*,#14882,.F.);
#14882 = EDGE_CURVE('',#10171,#14875,#14883,.T.);
#14883 = LINE('',#14884,#14885);
#14884 = CARTESIAN_POINT('',(1.6,-4.85,1.165734175856E-15));
#14885 = VECTOR('',#14886,1.);
#14886 = DIRECTION('',(0.,0.,1.));
#14887 = ORIENTED_EDGE('',*,*,#10170,.T.);
#14888 = ORIENTED_EDGE('',*,*,#14889,.T.);
#14889 = EDGE_CURVE('',#10163,#9251,#14890,.T.);
#14890 = LINE('',#14891,#14892);
#14891 = CARTESIAN_POINT('',(1.7,-4.85,0.1));
#14892 = VECTOR('',#14893,1.);
#14893 = DIRECTION('',(0.,0.,-1.));
#14894 = ORIENTED_EDGE('',*,*,#9258,.F.);
#14895 = ORIENTED_EDGE('',*,*,#14817,.F.);
#14896 = PLANE('',#14897);
#14897 = AXIS2_PLACEMENT_3D('',#14898,#14899,#14900);
#14898 = CARTESIAN_POINT('',(3.4,-4.85,1.165734175856E-15));
#14899 = DIRECTION('',(0.,-1.,0.));
#14900 = DIRECTION('',(-1.,0.,0.));
#14901 = ADVANCED_FACE('',(#14902),#14913,.T.);
#14902 = FACE_BOUND('',#14903,.T.);
#14903 = EDGE_LOOP('',(#14904,#14905,#14906,#14907));
#14904 = ORIENTED_EDGE('',*,*,#9250,.F.);
#14905 = ORIENTED_EDGE('',*,*,#14889,.F.);
#14906 = ORIENTED_EDGE('',*,*,#10162,.T.);
#14907 = ORIENTED_EDGE('',*,*,#14908,.F.);
#14908 = EDGE_CURVE('',#9243,#10155,#14909,.T.);
#14909 = LINE('',#14910,#14911);
#14910 = CARTESIAN_POINT('',(1.7,-5.15,0.1));
#14911 = VECTOR('',#14912,1.);
#14912 = DIRECTION('',(0.,0.,1.));
#14913 = PLANE('',#14914);
#14914 = AXIS2_PLACEMENT_3D('',#14915,#14916,#14917);
#14915 = CARTESIAN_POINT('',(1.7,6.5,0.2));
#14916 = DIRECTION('',(1.,0.,0.));
#14917 = DIRECTION('',(0.,-1.,0.));
#14918 = ADVANCED_FACE('',(#14919),#14987,.T.);
#14919 = FACE_BOUND('',#14920,.T.);
#14920 = EDGE_LOOP('',(#14921,#14931,#14937,#14938,#14939,#14940,#14948,
    #14956,#14964,#14973,#14981));
#14921 = ORIENTED_EDGE('',*,*,#14922,.F.);
#14922 = EDGE_CURVE('',#14923,#14925,#14927,.T.);
#14923 = VERTEX_POINT('',#14924);
#14924 = CARTESIAN_POINT('',(1.6,-5.15,1.221245327088E-15));
#14925 = VERTEX_POINT('',#14926);
#14926 = CARTESIAN_POINT('',(3.4,-5.15,1.221245327088E-15));
#14927 = LINE('',#14928,#14929);
#14928 = CARTESIAN_POINT('',(1.6,-5.15,1.221245327088E-15));
#14929 = VECTOR('',#14930,1.);
#14930 = DIRECTION('',(1.,0.,0.));
#14931 = ORIENTED_EDGE('',*,*,#14932,.T.);
#14932 = EDGE_CURVE('',#14923,#9235,#14933,.T.);
#14933 = LINE('',#14934,#14935);
#14934 = CARTESIAN_POINT('',(1.6,-5.15,1.221245327088E-15));
#14935 = VECTOR('',#14936,1.);
#14936 = DIRECTION('',(0.,0.,1.));
#14937 = ORIENTED_EDGE('',*,*,#9242,.F.);
#14938 = ORIENTED_EDGE('',*,*,#14908,.T.);
#14939 = ORIENTED_EDGE('',*,*,#10154,.T.);
#14940 = ORIENTED_EDGE('',*,*,#14941,.T.);
#14941 = EDGE_CURVE('',#10147,#14942,#14944,.T.);
#14942 = VERTEX_POINT('',#14943);
#14943 = CARTESIAN_POINT('',(1.6,-5.15,1.8));
#14944 = LINE('',#14945,#14946);
#14945 = CARTESIAN_POINT('',(1.6,-5.15,1.221245327088E-15));
#14946 = VECTOR('',#14947,1.);
#14947 = DIRECTION('',(0.,0.,1.));
#14948 = ORIENTED_EDGE('',*,*,#14949,.T.);
#14949 = EDGE_CURVE('',#14942,#14950,#14952,.T.);
#14950 = VERTEX_POINT('',#14951);
#14951 = CARTESIAN_POINT('',(2.7,-5.15,1.8));
#14952 = LINE('',#14953,#14954);
#14953 = CARTESIAN_POINT('',(1.6,-5.15,1.8));
#14954 = VECTOR('',#14955,1.);
#14955 = DIRECTION('',(1.,0.,0.));
#14956 = ORIENTED_EDGE('',*,*,#14957,.T.);
#14957 = EDGE_CURVE('',#14950,#14958,#14960,.T.);
#14958 = VERTEX_POINT('',#14959);
#14959 = CARTESIAN_POINT('',(2.7,-5.15,0.5));
#14960 = LINE('',#14961,#14962);
#14961 = CARTESIAN_POINT('',(2.7,-5.15,0.25));
#14962 = VECTOR('',#14963,1.);
#14963 = DIRECTION('',(0.,0.,-1.));
#14964 = ORIENTED_EDGE('',*,*,#14965,.T.);
#14965 = EDGE_CURVE('',#14958,#14966,#14968,.T.);
#14966 = VERTEX_POINT('',#14967);
#14967 = CARTESIAN_POINT('',(2.9,-5.15,0.3));
#14968 = CIRCLE('',#14969,0.2);
#14969 = AXIS2_PLACEMENT_3D('',#14970,#14971,#14972);
#14970 = CARTESIAN_POINT('',(2.9,-5.15,0.5));
#14971 = DIRECTION('',(0.,-1.,-2.22044604925E-16));
#14972 = DIRECTION('',(1.,0.,0.));
#14973 = ORIENTED_EDGE('',*,*,#14974,.T.);
#14974 = EDGE_CURVE('',#14966,#14975,#14977,.T.);
#14975 = VERTEX_POINT('',#14976);
#14976 = CARTESIAN_POINT('',(3.4,-5.15,0.3));
#14977 = LINE('',#14978,#14979);
#14978 = CARTESIAN_POINT('',(3.05,-5.15,0.3));
#14979 = VECTOR('',#14980,1.);
#14980 = DIRECTION('',(1.,0.,0.));
#14981 = ORIENTED_EDGE('',*,*,#14982,.F.);
#14982 = EDGE_CURVE('',#14925,#14975,#14983,.T.);
#14983 = LINE('',#14984,#14985);
#14984 = CARTESIAN_POINT('',(3.4,-5.15,1.221245327088E-15));
#14985 = VECTOR('',#14986,1.);
#14986 = DIRECTION('',(0.,0.,1.));
#14987 = PLANE('',#14988);
#14988 = AXIS2_PLACEMENT_3D('',#14989,#14990,#14991);
#14989 = CARTESIAN_POINT('',(1.6,-5.15,1.221245327088E-15));
#14990 = DIRECTION('',(0.,1.,0.));
#14991 = DIRECTION('',(1.,0.,0.));
#14992 = ADVANCED_FACE('',(#14993),#15011,.T.);
#14993 = FACE_BOUND('',#14994,.T.);
#14994 = EDGE_LOOP('',(#14995,#15003,#15009,#15010));
#14995 = ORIENTED_EDGE('',*,*,#14996,.F.);
#14996 = EDGE_CURVE('',#14997,#14923,#14999,.T.);
#14997 = VERTEX_POINT('',#14998);
#14998 = CARTESIAN_POINT('',(1.6,-5.35,1.221245327088E-15));
#14999 = LINE('',#15000,#15001);
#15000 = CARTESIAN_POINT('',(1.6,-5.35,1.221245327088E-15));
#15001 = VECTOR('',#15002,1.);
#15002 = DIRECTION('',(0.,1.,0.));
#15003 = ORIENTED_EDGE('',*,*,#15004,.T.);
#15004 = EDGE_CURVE('',#14997,#9227,#15005,.T.);
#15005 = LINE('',#15006,#15007);
#15006 = CARTESIAN_POINT('',(1.6,-5.35,1.221245327088E-15));
#15007 = VECTOR('',#15008,1.);
#15008 = DIRECTION('',(0.,0.,1.));
#15009 = ORIENTED_EDGE('',*,*,#9234,.F.);
#15010 = ORIENTED_EDGE('',*,*,#14932,.F.);
#15011 = PLANE('',#15012);
#15012 = AXIS2_PLACEMENT_3D('',#15013,#15014,#15015);
#15013 = CARTESIAN_POINT('',(1.6,-5.35,1.221245327088E-15));
#15014 = DIRECTION('',(-1.,0.,0.));
#15015 = DIRECTION('',(0.,1.,0.));
#15016 = ADVANCED_FACE('',(#15017),#15083,.T.);
#15017 = FACE_BOUND('',#15018,.T.);
#15018 = EDGE_LOOP('',(#15019,#15027,#15035,#15043,#15052,#15060,#15068,
    #15074,#15075,#15081,#15082));
#15019 = ORIENTED_EDGE('',*,*,#15020,.F.);
#15020 = EDGE_CURVE('',#15021,#14997,#15023,.T.);
#15021 = VERTEX_POINT('',#15022);
#15022 = CARTESIAN_POINT('',(3.4,-5.35,1.221245327088E-15));
#15023 = LINE('',#15024,#15025);
#15024 = CARTESIAN_POINT('',(3.4,-5.35,1.221245327088E-15));
#15025 = VECTOR('',#15026,1.);
#15026 = DIRECTION('',(-1.,0.,0.));
#15027 = ORIENTED_EDGE('',*,*,#15028,.T.);
#15028 = EDGE_CURVE('',#15021,#15029,#15031,.T.);
#15029 = VERTEX_POINT('',#15030);
#15030 = CARTESIAN_POINT('',(3.4,-5.35,0.3));
#15031 = LINE('',#15032,#15033);
#15032 = CARTESIAN_POINT('',(3.4,-5.35,1.221245327088E-15));
#15033 = VECTOR('',#15034,1.);
#15034 = DIRECTION('',(0.,0.,1.));
#15035 = ORIENTED_EDGE('',*,*,#15036,.T.);
#15036 = EDGE_CURVE('',#15029,#15037,#15039,.T.);
#15037 = VERTEX_POINT('',#15038);
#15038 = CARTESIAN_POINT('',(2.9,-5.35,0.3));
#15039 = LINE('',#15040,#15041);
#15040 = CARTESIAN_POINT('',(3.95,-5.35,0.3));
#15041 = VECTOR('',#15042,1.);
#15042 = DIRECTION('',(-1.,0.,0.));
#15043 = ORIENTED_EDGE('',*,*,#15044,.F.);
#15044 = EDGE_CURVE('',#15045,#15037,#15047,.T.);
#15045 = VERTEX_POINT('',#15046);
#15046 = CARTESIAN_POINT('',(2.7,-5.35,0.5));
#15047 = CIRCLE('',#15048,0.2);
#15048 = AXIS2_PLACEMENT_3D('',#15049,#15050,#15051);
#15049 = CARTESIAN_POINT('',(2.9,-5.35,0.5));
#15050 = DIRECTION('',(0.,-1.,-2.22044604925E-16));
#15051 = DIRECTION('',(1.,0.,0.));
#15052 = ORIENTED_EDGE('',*,*,#15053,.T.);
#15053 = EDGE_CURVE('',#15045,#15054,#15056,.T.);
#15054 = VERTEX_POINT('',#15055);
#15055 = CARTESIAN_POINT('',(2.7,-5.35,1.8));
#15056 = LINE('',#15057,#15058);
#15057 = CARTESIAN_POINT('',(2.7,-5.35,0.25));
#15058 = VECTOR('',#15059,1.);
#15059 = DIRECTION('',(0.,0.,1.));
#15060 = ORIENTED_EDGE('',*,*,#15061,.T.);
#15061 = EDGE_CURVE('',#15054,#15062,#15064,.T.);
#15062 = VERTEX_POINT('',#15063);
#15063 = CARTESIAN_POINT('',(1.6,-5.35,1.8));
#15064 = LINE('',#15065,#15066);
#15065 = CARTESIAN_POINT('',(3.4,-5.35,1.8));
#15066 = VECTOR('',#15067,1.);
#15067 = DIRECTION('',(-1.,0.,0.));
#15068 = ORIENTED_EDGE('',*,*,#15069,.F.);
#15069 = EDGE_CURVE('',#10139,#15062,#15070,.T.);
#15070 = LINE('',#15071,#15072);
#15071 = CARTESIAN_POINT('',(1.6,-5.35,1.221245327088E-15));
#15072 = VECTOR('',#15073,1.);
#15073 = DIRECTION('',(0.,0.,1.));
#15074 = ORIENTED_EDGE('',*,*,#10138,.T.);
#15075 = ORIENTED_EDGE('',*,*,#15076,.T.);
#15076 = EDGE_CURVE('',#10131,#9219,#15077,.T.);
#15077 = LINE('',#15078,#15079);
#15078 = CARTESIAN_POINT('',(1.7,-5.35,0.1));
#15079 = VECTOR('',#15080,1.);
#15080 = DIRECTION('',(0.,0.,-1.));
#15081 = ORIENTED_EDGE('',*,*,#9226,.F.);
#15082 = ORIENTED_EDGE('',*,*,#15004,.F.);
#15083 = PLANE('',#15084);
#15084 = AXIS2_PLACEMENT_3D('',#15085,#15086,#15087);
#15085 = CARTESIAN_POINT('',(3.4,-5.35,1.221245327088E-15));
#15086 = DIRECTION('',(0.,-1.,0.));
#15087 = DIRECTION('',(-1.,0.,0.));
#15088 = ADVANCED_FACE('',(#15089),#15100,.T.);
#15089 = FACE_BOUND('',#15090,.T.);
#15090 = EDGE_LOOP('',(#15091,#15092,#15093,#15094));
#15091 = ORIENTED_EDGE('',*,*,#9218,.F.);
#15092 = ORIENTED_EDGE('',*,*,#15076,.F.);
#15093 = ORIENTED_EDGE('',*,*,#10130,.T.);
#15094 = ORIENTED_EDGE('',*,*,#15095,.F.);
#15095 = EDGE_CURVE('',#9211,#10123,#15096,.T.);
#15096 = LINE('',#15097,#15098);
#15097 = CARTESIAN_POINT('',(1.7,-5.65,0.1));
#15098 = VECTOR('',#15099,1.);
#15099 = DIRECTION('',(0.,0.,1.));
#15100 = PLANE('',#15101);
#15101 = AXIS2_PLACEMENT_3D('',#15102,#15103,#15104);
#15102 = CARTESIAN_POINT('',(1.7,6.5,0.2));
#15103 = DIRECTION('',(1.,0.,0.));
#15104 = DIRECTION('',(0.,-1.,0.));
#15105 = ADVANCED_FACE('',(#15106),#15174,.T.);
#15106 = FACE_BOUND('',#15107,.T.);
#15107 = EDGE_LOOP('',(#15108,#15118,#15124,#15125,#15126,#15127,#15135,
    #15143,#15151,#15160,#15168));
#15108 = ORIENTED_EDGE('',*,*,#15109,.F.);
#15109 = EDGE_CURVE('',#15110,#15112,#15114,.T.);
#15110 = VERTEX_POINT('',#15111);
#15111 = CARTESIAN_POINT('',(1.6,-5.65,1.276756478319E-15));
#15112 = VERTEX_POINT('',#15113);
#15113 = CARTESIAN_POINT('',(3.4,-5.65,1.276756478319E-15));
#15114 = LINE('',#15115,#15116);
#15115 = CARTESIAN_POINT('',(1.6,-5.65,1.276756478319E-15));
#15116 = VECTOR('',#15117,1.);
#15117 = DIRECTION('',(1.,0.,0.));
#15118 = ORIENTED_EDGE('',*,*,#15119,.T.);
#15119 = EDGE_CURVE('',#15110,#9203,#15120,.T.);
#15120 = LINE('',#15121,#15122);
#15121 = CARTESIAN_POINT('',(1.6,-5.65,1.276756478319E-15));
#15122 = VECTOR('',#15123,1.);
#15123 = DIRECTION('',(0.,0.,1.));
#15124 = ORIENTED_EDGE('',*,*,#9210,.F.);
#15125 = ORIENTED_EDGE('',*,*,#15095,.T.);
#15126 = ORIENTED_EDGE('',*,*,#10122,.T.);
#15127 = ORIENTED_EDGE('',*,*,#15128,.T.);
#15128 = EDGE_CURVE('',#10115,#15129,#15131,.T.);
#15129 = VERTEX_POINT('',#15130);
#15130 = CARTESIAN_POINT('',(1.6,-5.65,1.8));
#15131 = LINE('',#15132,#15133);
#15132 = CARTESIAN_POINT('',(1.6,-5.65,1.276756478319E-15));
#15133 = VECTOR('',#15134,1.);
#15134 = DIRECTION('',(0.,0.,1.));
#15135 = ORIENTED_EDGE('',*,*,#15136,.T.);
#15136 = EDGE_CURVE('',#15129,#15137,#15139,.T.);
#15137 = VERTEX_POINT('',#15138);
#15138 = CARTESIAN_POINT('',(2.7,-5.65,1.8));
#15139 = LINE('',#15140,#15141);
#15140 = CARTESIAN_POINT('',(1.6,-5.65,1.8));
#15141 = VECTOR('',#15142,1.);
#15142 = DIRECTION('',(1.,0.,0.));
#15143 = ORIENTED_EDGE('',*,*,#15144,.T.);
#15144 = EDGE_CURVE('',#15137,#15145,#15147,.T.);
#15145 = VERTEX_POINT('',#15146);
#15146 = CARTESIAN_POINT('',(2.7,-5.65,0.5));
#15147 = LINE('',#15148,#15149);
#15148 = CARTESIAN_POINT('',(2.7,-5.65,0.25));
#15149 = VECTOR('',#15150,1.);
#15150 = DIRECTION('',(0.,0.,-1.));
#15151 = ORIENTED_EDGE('',*,*,#15152,.T.);
#15152 = EDGE_CURVE('',#15145,#15153,#15155,.T.);
#15153 = VERTEX_POINT('',#15154);
#15154 = CARTESIAN_POINT('',(2.9,-5.65,0.3));
#15155 = CIRCLE('',#15156,0.2);
#15156 = AXIS2_PLACEMENT_3D('',#15157,#15158,#15159);
#15157 = CARTESIAN_POINT('',(2.9,-5.65,0.5));
#15158 = DIRECTION('',(0.,-1.,-2.22044604925E-16));
#15159 = DIRECTION('',(1.,0.,0.));
#15160 = ORIENTED_EDGE('',*,*,#15161,.T.);
#15161 = EDGE_CURVE('',#15153,#15162,#15164,.T.);
#15162 = VERTEX_POINT('',#15163);
#15163 = CARTESIAN_POINT('',(3.4,-5.65,0.3));
#15164 = LINE('',#15165,#15166);
#15165 = CARTESIAN_POINT('',(3.05,-5.65,0.3));
#15166 = VECTOR('',#15167,1.);
#15167 = DIRECTION('',(1.,0.,0.));
#15168 = ORIENTED_EDGE('',*,*,#15169,.F.);
#15169 = EDGE_CURVE('',#15112,#15162,#15170,.T.);
#15170 = LINE('',#15171,#15172);
#15171 = CARTESIAN_POINT('',(3.4,-5.65,1.276756478319E-15));
#15172 = VECTOR('',#15173,1.);
#15173 = DIRECTION('',(0.,0.,1.));
#15174 = PLANE('',#15175);
#15175 = AXIS2_PLACEMENT_3D('',#15176,#15177,#15178);
#15176 = CARTESIAN_POINT('',(1.6,-5.65,1.276756478319E-15));
#15177 = DIRECTION('',(0.,1.,0.));
#15178 = DIRECTION('',(1.,0.,0.));
#15179 = ADVANCED_FACE('',(#15180),#15198,.T.);
#15180 = FACE_BOUND('',#15181,.T.);
#15181 = EDGE_LOOP('',(#15182,#15190,#15196,#15197));
#15182 = ORIENTED_EDGE('',*,*,#15183,.F.);
#15183 = EDGE_CURVE('',#15184,#15110,#15186,.T.);
#15184 = VERTEX_POINT('',#15185);
#15185 = CARTESIAN_POINT('',(1.6,-5.85,1.276756478319E-15));
#15186 = LINE('',#15187,#15188);
#15187 = CARTESIAN_POINT('',(1.6,-5.85,1.276756478319E-15));
#15188 = VECTOR('',#15189,1.);
#15189 = DIRECTION('',(0.,1.,0.));
#15190 = ORIENTED_EDGE('',*,*,#15191,.T.);
#15191 = EDGE_CURVE('',#15184,#9195,#15192,.T.);
#15192 = LINE('',#15193,#15194);
#15193 = CARTESIAN_POINT('',(1.6,-5.85,1.276756478319E-15));
#15194 = VECTOR('',#15195,1.);
#15195 = DIRECTION('',(0.,0.,1.));
#15196 = ORIENTED_EDGE('',*,*,#9202,.F.);
#15197 = ORIENTED_EDGE('',*,*,#15119,.F.);
#15198 = PLANE('',#15199);
#15199 = AXIS2_PLACEMENT_3D('',#15200,#15201,#15202);
#15200 = CARTESIAN_POINT('',(1.6,-5.85,1.276756478319E-15));
#15201 = DIRECTION('',(-1.,0.,0.));
#15202 = DIRECTION('',(0.,1.,0.));
#15203 = ADVANCED_FACE('',(#15204),#15270,.T.);
#15204 = FACE_BOUND('',#15205,.T.);
#15205 = EDGE_LOOP('',(#15206,#15214,#15222,#15230,#15239,#15247,#15255,
    #15261,#15262,#15268,#15269));
#15206 = ORIENTED_EDGE('',*,*,#15207,.F.);
#15207 = EDGE_CURVE('',#15208,#15184,#15210,.T.);
#15208 = VERTEX_POINT('',#15209);
#15209 = CARTESIAN_POINT('',(3.4,-5.85,1.276756478319E-15));
#15210 = LINE('',#15211,#15212);
#15211 = CARTESIAN_POINT('',(3.4,-5.85,1.276756478319E-15));
#15212 = VECTOR('',#15213,1.);
#15213 = DIRECTION('',(-1.,0.,0.));
#15214 = ORIENTED_EDGE('',*,*,#15215,.T.);
#15215 = EDGE_CURVE('',#15208,#15216,#15218,.T.);
#15216 = VERTEX_POINT('',#15217);
#15217 = CARTESIAN_POINT('',(3.4,-5.85,0.3));
#15218 = LINE('',#15219,#15220);
#15219 = CARTESIAN_POINT('',(3.4,-5.85,1.276756478319E-15));
#15220 = VECTOR('',#15221,1.);
#15221 = DIRECTION('',(0.,0.,1.));
#15222 = ORIENTED_EDGE('',*,*,#15223,.T.);
#15223 = EDGE_CURVE('',#15216,#15224,#15226,.T.);
#15224 = VERTEX_POINT('',#15225);
#15225 = CARTESIAN_POINT('',(2.9,-5.85,0.3));
#15226 = LINE('',#15227,#15228);
#15227 = CARTESIAN_POINT('',(3.95,-5.85,0.3));
#15228 = VECTOR('',#15229,1.);
#15229 = DIRECTION('',(-1.,0.,0.));
#15230 = ORIENTED_EDGE('',*,*,#15231,.F.);
#15231 = EDGE_CURVE('',#15232,#15224,#15234,.T.);
#15232 = VERTEX_POINT('',#15233);
#15233 = CARTESIAN_POINT('',(2.7,-5.85,0.5));
#15234 = CIRCLE('',#15235,0.2);
#15235 = AXIS2_PLACEMENT_3D('',#15236,#15237,#15238);
#15236 = CARTESIAN_POINT('',(2.9,-5.85,0.5));
#15237 = DIRECTION('',(0.,-1.,-2.22044604925E-16));
#15238 = DIRECTION('',(1.,0.,0.));
#15239 = ORIENTED_EDGE('',*,*,#15240,.T.);
#15240 = EDGE_CURVE('',#15232,#15241,#15243,.T.);
#15241 = VERTEX_POINT('',#15242);
#15242 = CARTESIAN_POINT('',(2.7,-5.85,1.8));
#15243 = LINE('',#15244,#15245);
#15244 = CARTESIAN_POINT('',(2.7,-5.85,0.25));
#15245 = VECTOR('',#15246,1.);
#15246 = DIRECTION('',(0.,0.,1.));
#15247 = ORIENTED_EDGE('',*,*,#15248,.T.);
#15248 = EDGE_CURVE('',#15241,#15249,#15251,.T.);
#15249 = VERTEX_POINT('',#15250);
#15250 = CARTESIAN_POINT('',(1.6,-5.85,1.8));
#15251 = LINE('',#15252,#15253);
#15252 = CARTESIAN_POINT('',(3.4,-5.85,1.8));
#15253 = VECTOR('',#15254,1.);
#15254 = DIRECTION('',(-1.,0.,0.));
#15255 = ORIENTED_EDGE('',*,*,#15256,.F.);
#15256 = EDGE_CURVE('',#10107,#15249,#15257,.T.);
#15257 = LINE('',#15258,#15259);
#15258 = CARTESIAN_POINT('',(1.6,-5.85,1.276756478319E-15));
#15259 = VECTOR('',#15260,1.);
#15260 = DIRECTION('',(0.,0.,1.));
#15261 = ORIENTED_EDGE('',*,*,#10106,.T.);
#15262 = ORIENTED_EDGE('',*,*,#15263,.T.);
#15263 = EDGE_CURVE('',#10099,#9187,#15264,.T.);
#15264 = LINE('',#15265,#15266);
#15265 = CARTESIAN_POINT('',(1.7,-5.85,0.1));
#15266 = VECTOR('',#15267,1.);
#15267 = DIRECTION('',(0.,0.,-1.));
#15268 = ORIENTED_EDGE('',*,*,#9194,.F.);
#15269 = ORIENTED_EDGE('',*,*,#15191,.F.);
#15270 = PLANE('',#15271);
#15271 = AXIS2_PLACEMENT_3D('',#15272,#15273,#15274);
#15272 = CARTESIAN_POINT('',(3.4,-5.85,1.276756478319E-15));
#15273 = DIRECTION('',(0.,-1.,0.));
#15274 = DIRECTION('',(-1.,0.,0.));
#15275 = ADVANCED_FACE('',(#15276),#15287,.T.);
#15276 = FACE_BOUND('',#15277,.T.);
#15277 = EDGE_LOOP('',(#15278,#15279,#15280,#15281));
#15278 = ORIENTED_EDGE('',*,*,#9186,.F.);
#15279 = ORIENTED_EDGE('',*,*,#15263,.F.);
#15280 = ORIENTED_EDGE('',*,*,#10098,.T.);
#15281 = ORIENTED_EDGE('',*,*,#15282,.F.);
#15282 = EDGE_CURVE('',#9179,#10091,#15283,.T.);
#15283 = LINE('',#15284,#15285);
#15284 = CARTESIAN_POINT('',(1.7,-6.5,0.2));
#15285 = VECTOR('',#15286,1.);
#15286 = DIRECTION('',(0.,0.,1.));
#15287 = PLANE('',#15288);
#15288 = AXIS2_PLACEMENT_3D('',#15289,#15290,#15291);
#15289 = CARTESIAN_POINT('',(1.7,6.5,0.2));
#15290 = DIRECTION('',(1.,0.,0.));
#15291 = DIRECTION('',(0.,-1.,0.));
#15292 = ADVANCED_FACE('',(#15293),#15304,.T.);
#15293 = FACE_BOUND('',#15294,.T.);
#15294 = EDGE_LOOP('',(#15295,#15296,#15297,#15303));
#15295 = ORIENTED_EDGE('',*,*,#15282,.T.);
#15296 = ORIENTED_EDGE('',*,*,#10090,.T.);
#15297 = ORIENTED_EDGE('',*,*,#15298,.F.);
#15298 = EDGE_CURVE('',#9171,#10083,#15299,.T.);
#15299 = LINE('',#15300,#15301);
#15300 = CARTESIAN_POINT('',(0.6,-6.5,0.2));
#15301 = VECTOR('',#15302,1.);
#15302 = DIRECTION('',(0.,0.,1.));
#15303 = ORIENTED_EDGE('',*,*,#9178,.F.);
#15304 = PLANE('',#15305);
#15305 = AXIS2_PLACEMENT_3D('',#15306,#15307,#15308);
#15306 = CARTESIAN_POINT('',(1.7,-6.5,0.2));
#15307 = DIRECTION('',(0.,-1.,0.));
#15308 = DIRECTION('',(-1.,0.,0.));
#15309 = ADVANCED_FACE('',(#15310),#15321,.T.);
#15310 = FACE_BOUND('',#15311,.T.);
#15311 = EDGE_LOOP('',(#15312,#15313,#15314,#15315));
#15312 = ORIENTED_EDGE('',*,*,#9170,.F.);
#15313 = ORIENTED_EDGE('',*,*,#15298,.T.);
#15314 = ORIENTED_EDGE('',*,*,#10082,.T.);
#15315 = ORIENTED_EDGE('',*,*,#15316,.T.);
#15316 = EDGE_CURVE('',#10075,#9163,#15317,.T.);
#15317 = LINE('',#15318,#15319);
#15318 = CARTESIAN_POINT('',(0.6,-7.05,0.8));
#15319 = VECTOR('',#15320,1.);
#15320 = DIRECTION('',(2.22044604925E-16,-2.22044604925E-16,-1.));
#15321 = PLANE('',#15322);
#15322 = AXIS2_PLACEMENT_3D('',#15323,#15324,#15325);
#15323 = CARTESIAN_POINT('',(0.6,-6.5,0.2));
#15324 = DIRECTION('',(1.,1.19562479575E-15,0.));
#15325 = DIRECTION('',(1.19562479575E-15,-1.,0.));
#15326 = ADVANCED_FACE('',(#15327),#15375,.F.);
#15327 = FACE_BOUND('',#15328,.F.);
#15328 = EDGE_LOOP('',(#15329,#15337,#15345,#15353,#15361,#15367,#15368,
    #15374));
#15329 = ORIENTED_EDGE('',*,*,#15330,.F.);
#15330 = EDGE_CURVE('',#15331,#10075,#15333,.T.);
#15331 = VERTEX_POINT('',#15332);
#15332 = CARTESIAN_POINT('',(0.6,-7.05,0.8));
#15333 = LINE('',#15334,#15335);
#15334 = CARTESIAN_POINT('',(0.6,-7.05,0.8));
#15335 = VECTOR('',#15336,1.);
#15336 = DIRECTION('',(2.22044604925E-16,-2.22044604925E-16,-1.));
#15337 = ORIENTED_EDGE('',*,*,#15338,.T.);
#15338 = EDGE_CURVE('',#15331,#15339,#15341,.T.);
#15339 = VERTEX_POINT('',#15340);
#15340 = CARTESIAN_POINT('',(-0.6,-7.05,0.8));
#15341 = LINE('',#15342,#15343);
#15342 = CARTESIAN_POINT('',(0.6,-7.05,0.8));
#15343 = VECTOR('',#15344,1.);
#15344 = DIRECTION('',(-1.,2.22044604925E-16,-2.775557561563E-16));
#15345 = ORIENTED_EDGE('',*,*,#15346,.T.);
#15346 = EDGE_CURVE('',#15339,#15347,#15349,.T.);
#15347 = VERTEX_POINT('',#15348);
#15348 = CARTESIAN_POINT('',(-0.6,-7.05,0.1));
#15349 = LINE('',#15350,#15351);
#15350 = CARTESIAN_POINT('',(-0.6,-7.05,0.8));
#15351 = VECTOR('',#15352,1.);
#15352 = DIRECTION('',(2.22044604925E-16,-2.22044604925E-16,-1.));
#15353 = ORIENTED_EDGE('',*,*,#15354,.F.);
#15354 = EDGE_CURVE('',#15355,#15347,#15357,.T.);
#15355 = VERTEX_POINT('',#15356);
#15356 = CARTESIAN_POINT('',(0.6,-7.05,0.1));
#15357 = LINE('',#15358,#15359);
#15358 = CARTESIAN_POINT('',(0.6,-7.05,0.1));
#15359 = VECTOR('',#15360,1.);
#15360 = DIRECTION('',(-1.,2.22044604925E-16,-2.775557561563E-16));
#15361 = ORIENTED_EDGE('',*,*,#15362,.F.);
#15362 = EDGE_CURVE('',#9163,#15355,#15363,.T.);
#15363 = LINE('',#15364,#15365);
#15364 = CARTESIAN_POINT('',(0.6,-7.05,0.8));
#15365 = VECTOR('',#15366,1.);
#15366 = DIRECTION('',(2.22044604925E-16,-2.22044604925E-16,-1.));
#15367 = ORIENTED_EDGE('',*,*,#9162,.F.);
#15368 = ORIENTED_EDGE('',*,*,#15369,.T.);
#15369 = EDGE_CURVE('',#9155,#10067,#15370,.T.);
#15370 = LINE('',#15371,#15372);
#15371 = CARTESIAN_POINT('',(0.3,-7.05,0.5));
#15372 = VECTOR('',#15373,1.);
#15373 = DIRECTION('',(0.,2.22044604925E-16,1.));
#15374 = ORIENTED_EDGE('',*,*,#10074,.T.);
#15375 = PLANE('',#15376);
#15376 = AXIS2_PLACEMENT_3D('',#15377,#15378,#15379);
#15377 = CARTESIAN_POINT('',(0.6,-7.05,0.8));
#15378 = DIRECTION('',(-2.22044604925E-16,-1.,2.22044604925E-16));
#15379 = DIRECTION('',(2.22044604925E-16,-2.22044604925E-16,-1.));
#15380 = ADVANCED_FACE('',(#15381),#15392,.T.);
#15381 = FACE_BOUND('',#15382,.T.);
#15382 = EDGE_LOOP('',(#15383,#15384,#15385,#15386));
#15383 = ORIENTED_EDGE('',*,*,#9154,.F.);
#15384 = ORIENTED_EDGE('',*,*,#15369,.T.);
#15385 = ORIENTED_EDGE('',*,*,#10066,.T.);
#15386 = ORIENTED_EDGE('',*,*,#15387,.F.);
#15387 = EDGE_CURVE('',#9147,#10059,#15388,.T.);
#15388 = LINE('',#15389,#15390);
#15389 = CARTESIAN_POINT('',(0.3,7.05,0.5));
#15390 = VECTOR('',#15391,1.);
#15391 = DIRECTION('',(0.,-6.661338147751E-16,1.));
#15392 = PLANE('',#15393);
#15393 = AXIS2_PLACEMENT_3D('',#15394,#15395,#15396);
#15394 = CARTESIAN_POINT('',(0.3,-7.15,0.2));
#15395 = DIRECTION('',(-1.,0.,0.));
#15396 = DIRECTION('',(0.,1.,0.));
#15397 = ADVANCED_FACE('',(#15398),#15441,.F.);
#15398 = FACE_BOUND('',#15399,.T.);
#15399 = EDGE_LOOP('',(#15400,#15408,#15416,#15424,#15432,#15438,#15439,
    #15440));
#15400 = ORIENTED_EDGE('',*,*,#15401,.F.);
#15401 = EDGE_CURVE('',#15402,#10051,#15404,.T.);
#15402 = VERTEX_POINT('',#15403);
#15403 = CARTESIAN_POINT('',(0.6,7.05,0.8));
#15404 = LINE('',#15405,#15406);
#15405 = CARTESIAN_POINT('',(0.6,7.05,0.8));
#15406 = VECTOR('',#15407,1.);
#15407 = DIRECTION('',(2.22044604925E-16,6.661338147751E-16,-1.));
#15408 = ORIENTED_EDGE('',*,*,#15409,.T.);
#15409 = EDGE_CURVE('',#15402,#15410,#15412,.T.);
#15410 = VERTEX_POINT('',#15411);
#15411 = CARTESIAN_POINT('',(-0.6,7.05,0.8));
#15412 = LINE('',#15413,#15414);
#15413 = CARTESIAN_POINT('',(0.6,7.05,0.8));
#15414 = VECTOR('',#15415,1.);
#15415 = DIRECTION('',(-1.,-2.22044604925E-16,-2.775557561563E-16));
#15416 = ORIENTED_EDGE('',*,*,#15417,.T.);
#15417 = EDGE_CURVE('',#15410,#15418,#15420,.T.);
#15418 = VERTEX_POINT('',#15419);
#15419 = CARTESIAN_POINT('',(-0.6,7.05,0.1));
#15420 = LINE('',#15421,#15422);
#15421 = CARTESIAN_POINT('',(-0.6,7.05,0.8));
#15422 = VECTOR('',#15423,1.);
#15423 = DIRECTION('',(2.22044604925E-16,6.661338147751E-16,-1.));
#15424 = ORIENTED_EDGE('',*,*,#15425,.F.);
#15425 = EDGE_CURVE('',#15426,#15418,#15428,.T.);
#15426 = VERTEX_POINT('',#15427);
#15427 = CARTESIAN_POINT('',(0.6,7.05,0.1));
#15428 = LINE('',#15429,#15430);
#15429 = CARTESIAN_POINT('',(0.6,7.05,0.1));
#15430 = VECTOR('',#15431,1.);
#15431 = DIRECTION('',(-1.,-2.22044604925E-16,-2.775557561563E-16));
#15432 = ORIENTED_EDGE('',*,*,#15433,.F.);
#15433 = EDGE_CURVE('',#9139,#15426,#15434,.T.);
#15434 = LINE('',#15435,#15436);
#15435 = CARTESIAN_POINT('',(0.6,7.05,0.8));
#15436 = VECTOR('',#15437,1.);
#15437 = DIRECTION('',(2.22044604925E-16,6.661338147751E-16,-1.));
#15438 = ORIENTED_EDGE('',*,*,#9146,.F.);
#15439 = ORIENTED_EDGE('',*,*,#15387,.T.);
#15440 = ORIENTED_EDGE('',*,*,#10058,.T.);
#15441 = PLANE('',#15442);
#15442 = AXIS2_PLACEMENT_3D('',#15443,#15444,#15445);
#15443 = CARTESIAN_POINT('',(0.6,7.05,0.8));
#15444 = DIRECTION('',(-2.22044604925E-16,1.,6.661338147751E-16));
#15445 = DIRECTION('',(-2.22044604925E-16,-6.661338147751E-16,1.));
#15446 = ADVANCED_FACE('',(#15447),#15458,.T.);
#15447 = FACE_BOUND('',#15448,.T.);
#15448 = EDGE_LOOP('',(#15449,#15450,#15456,#15457));
#15449 = ORIENTED_EDGE('',*,*,#9138,.F.);
#15450 = ORIENTED_EDGE('',*,*,#15451,.F.);
#15451 = EDGE_CURVE('',#10051,#9139,#15452,.T.);
#15452 = LINE('',#15453,#15454);
#15453 = CARTESIAN_POINT('',(0.6,7.05,0.8));
#15454 = VECTOR('',#15455,1.);
#15455 = DIRECTION('',(2.22044604925E-16,6.661338147751E-16,-1.));
#15456 = ORIENTED_EDGE('',*,*,#10050,.T.);
#15457 = ORIENTED_EDGE('',*,*,#10865,.F.);
#15458 = PLANE('',#15459);
#15459 = AXIS2_PLACEMENT_3D('',#15460,#15461,#15462);
#15460 = CARTESIAN_POINT('',(0.6,7.15,0.2));
#15461 = DIRECTION('',(1.,6.832141690001E-16,0.));
#15462 = DIRECTION('',(6.832141690001E-16,-1.,0.));
#15463 = ADVANCED_FACE('',(#15464),#15475,.F.);
#15464 = FACE_BOUND('',#15465,.T.);
#15465 = EDGE_LOOP('',(#15466,#15467,#15468,#15469));
#15466 = ORIENTED_EDGE('',*,*,#10906,.T.);
#15467 = ORIENTED_EDGE('',*,*,#10882,.T.);
#15468 = ORIENTED_EDGE('',*,*,#9960,.T.);
#15469 = ORIENTED_EDGE('',*,*,#15470,.T.);
#15470 = EDGE_CURVE('',#9963,#10907,#15471,.T.);
#15471 = LINE('',#15472,#15473);
#15472 = CARTESIAN_POINT('',(3.4,5.85,0.));
#15473 = VECTOR('',#15474,1.);
#15474 = DIRECTION('',(0.,-1.,0.));
#15475 = PLANE('',#15476);
#15476 = AXIS2_PLACEMENT_3D('',#15477,#15478,#15479);
#15477 = CARTESIAN_POINT('',(2.5,5.75,0.));
#15478 = DIRECTION('',(0.,0.,1.));
#15479 = DIRECTION('',(1.,0.,-0.));
#15480 = ADVANCED_FACE('',(#15481),#15492,.T.);
#15481 = FACE_BOUND('',#15482,.T.);
#15482 = EDGE_LOOP('',(#15483,#15484,#15485,#15491));
#15483 = ORIENTED_EDGE('',*,*,#15470,.F.);
#15484 = ORIENTED_EDGE('',*,*,#10027,.T.);
#15485 = ORIENTED_EDGE('',*,*,#15486,.T.);
#15486 = EDGE_CURVE('',#10020,#10915,#15487,.T.);
#15487 = LINE('',#15488,#15489);
#15488 = CARTESIAN_POINT('',(3.4,-5.286803121118,0.3));
#15489 = VECTOR('',#15490,1.);
#15490 = DIRECTION('',(0.,-1.,-2.22044604925E-16));
#15491 = ORIENTED_EDGE('',*,*,#10914,.F.);
#15492 = PLANE('',#15493);
#15493 = AXIS2_PLACEMENT_3D('',#15494,#15495,#15496);
#15494 = CARTESIAN_POINT('',(3.4,5.85,0.));
#15495 = DIRECTION('',(1.,0.,0.));
#15496 = DIRECTION('',(0.,-1.,0.));
#15497 = ADVANCED_FACE('',(#15498),#15509,.T.);
#15498 = FACE_BOUND('',#15499,.T.);
#15499 = EDGE_LOOP('',(#15500,#15501,#15507,#15508));
#15500 = ORIENTED_EDGE('',*,*,#10019,.F.);
#15501 = ORIENTED_EDGE('',*,*,#15502,.F.);
#15502 = EDGE_CURVE('',#10923,#10011,#15503,.T.);
#15503 = LINE('',#15504,#15505);
#15504 = CARTESIAN_POINT('',(2.9,-16.42360624223,0.3));
#15505 = VECTOR('',#15506,1.);
#15506 = DIRECTION('',(0.,1.,2.22044604925E-16));
#15507 = ORIENTED_EDGE('',*,*,#10922,.F.);
#15508 = ORIENTED_EDGE('',*,*,#15486,.F.);
#15509 = PLANE('',#15510);
#15510 = AXIS2_PLACEMENT_3D('',#15511,#15512,#15513);
#15511 = CARTESIAN_POINT('',(4.5,-16.42360624223,0.3));
#15512 = DIRECTION('',(0.,-2.22044604925E-16,1.));
#15513 = DIRECTION('',(-1.,0.,0.));
#15514 = ADVANCED_FACE('',(#15515),#15526,.F.);
#15515 = FACE_BOUND('',#15516,.F.);
#15516 = EDGE_LOOP('',(#15517,#15518,#15524,#15525));
#15517 = ORIENTED_EDGE('',*,*,#10930,.F.);
#15518 = ORIENTED_EDGE('',*,*,#15519,.T.);
#15519 = EDGE_CURVE('',#10931,#10003,#15520,.T.);
#15520 = LINE('',#15521,#15522);
#15521 = CARTESIAN_POINT('',(2.7,-16.42360624223,0.5));
#15522 = VECTOR('',#15523,1.);
#15523 = DIRECTION('',(0.,1.,2.22044604925E-16));
#15524 = ORIENTED_EDGE('',*,*,#10010,.T.);
#15525 = ORIENTED_EDGE('',*,*,#15502,.F.);
#15526 = CYLINDRICAL_SURFACE('',#15527,0.2);
#15527 = AXIS2_PLACEMENT_3D('',#15528,#15529,#15530);
#15528 = CARTESIAN_POINT('',(2.9,-16.42360624223,0.5));
#15529 = DIRECTION('',(0.,-1.,-2.22044604925E-16));
#15530 = DIRECTION('',(1.,0.,0.));
#15531 = ADVANCED_FACE('',(#15532),#15543,.T.);
#15532 = FACE_BOUND('',#15533,.T.);
#15533 = EDGE_LOOP('',(#15534,#15535,#15536,#15542));
#15534 = ORIENTED_EDGE('',*,*,#15519,.T.);
#15535 = ORIENTED_EDGE('',*,*,#10002,.F.);
#15536 = ORIENTED_EDGE('',*,*,#15537,.F.);
#15537 = EDGE_CURVE('',#10940,#9995,#15538,.T.);
#15538 = LINE('',#15539,#15540);
#15539 = CARTESIAN_POINT('',(2.7,-5.336803121118,1.8));
#15540 = VECTOR('',#15541,1.);
#15541 = DIRECTION('',(0.,1.,0.));
#15542 = ORIENTED_EDGE('',*,*,#10939,.F.);
#15543 = PLANE('',#15544);
#15544 = AXIS2_PLACEMENT_3D('',#15545,#15546,#15547);
#15545 = CARTESIAN_POINT('',(2.7,-16.42360624223,0.5));
#15546 = DIRECTION('',(1.,0.,0.));
#15547 = DIRECTION('',(0.,-2.22044604925E-16,1.));
#15548 = ADVANCED_FACE('',(#15549),#15560,.T.);
#15549 = FACE_BOUND('',#15550,.T.);
#15550 = EDGE_LOOP('',(#15551,#15552,#15553,#15554));
#15551 = ORIENTED_EDGE('',*,*,#10947,.F.);
#15552 = ORIENTED_EDGE('',*,*,#15537,.T.);
#15553 = ORIENTED_EDGE('',*,*,#9994,.F.);
#15554 = ORIENTED_EDGE('',*,*,#15555,.F.);
#15555 = EDGE_CURVE('',#10948,#9987,#15556,.T.);
#15556 = LINE('',#15557,#15558);
#15557 = CARTESIAN_POINT('',(1.6,5.65,1.8));
#15558 = VECTOR('',#15559,1.);
#15559 = DIRECTION('',(0.,1.,0.));
#15560 = PLANE('',#15561);
#15561 = AXIS2_PLACEMENT_3D('',#15562,#15563,#15564);
#15562 = CARTESIAN_POINT('',(2.5,5.75,1.8));
#15563 = DIRECTION('',(0.,0.,1.));
#15564 = DIRECTION('',(1.,0.,-0.));
#15565 = ADVANCED_FACE('',(#15566),#15572,.T.);
#15566 = FACE_BOUND('',#15567,.T.);
#15567 = EDGE_LOOP('',(#15568,#15569,#15570,#15571));
#15568 = ORIENTED_EDGE('',*,*,#10850,.T.);
#15569 = ORIENTED_EDGE('',*,*,#10955,.T.);
#15570 = ORIENTED_EDGE('',*,*,#15555,.T.);
#15571 = ORIENTED_EDGE('',*,*,#9986,.F.);
#15572 = PLANE('',#15573);
#15573 = AXIS2_PLACEMENT_3D('',#15574,#15575,#15576);
#15574 = CARTESIAN_POINT('',(1.6,5.65,0.));
#15575 = DIRECTION('',(-1.,0.,0.));
#15576 = DIRECTION('',(0.,1.,0.));
#15577 = ADVANCED_FACE('',(#15578),#15589,.T.);
#15578 = FACE_BOUND('',#15579,.T.);
#15579 = EDGE_LOOP('',(#15580,#15581,#15582,#15588));
#15580 = ORIENTED_EDGE('',*,*,#10818,.T.);
#15581 = ORIENTED_EDGE('',*,*,#11142,.T.);
#15582 = ORIENTED_EDGE('',*,*,#15583,.T.);
#15583 = EDGE_CURVE('',#11135,#11015,#15584,.T.);
#15584 = LINE('',#15585,#15586);
#15585 = CARTESIAN_POINT('',(1.6,5.15,1.8));
#15586 = VECTOR('',#15587,1.);
#15587 = DIRECTION('',(0.,1.,0.));
#15588 = ORIENTED_EDGE('',*,*,#11014,.F.);
#15589 = PLANE('',#15590);
#15590 = AXIS2_PLACEMENT_3D('',#15591,#15592,#15593);
#15591 = CARTESIAN_POINT('',(1.6,5.15,5.551115123126E-17));
#15592 = DIRECTION('',(-1.,0.,0.));
#15593 = DIRECTION('',(0.,1.,0.));
#15594 = ADVANCED_FACE('',(#15595),#15606,.T.);
#15595 = FACE_BOUND('',#15596,.T.);
#15596 = EDGE_LOOP('',(#15597,#15598,#15599,#15605));
#15597 = ORIENTED_EDGE('',*,*,#10786,.T.);
#15598 = ORIENTED_EDGE('',*,*,#11329,.T.);
#15599 = ORIENTED_EDGE('',*,*,#15600,.T.);
#15600 = EDGE_CURVE('',#11322,#11202,#15601,.T.);
#15601 = LINE('',#15602,#15603);
#15602 = CARTESIAN_POINT('',(1.6,4.65,1.8));
#15603 = VECTOR('',#15604,1.);
#15604 = DIRECTION('',(0.,1.,0.));
#15605 = ORIENTED_EDGE('',*,*,#11201,.F.);
#15606 = PLANE('',#15607);
#15607 = AXIS2_PLACEMENT_3D('',#15608,#15609,#15610);
#15608 = CARTESIAN_POINT('',(1.6,4.65,1.110223024625E-16));
#15609 = DIRECTION('',(-1.,0.,0.));
#15610 = DIRECTION('',(0.,1.,0.));
#15611 = ADVANCED_FACE('',(#15612),#15623,.T.);
#15612 = FACE_BOUND('',#15613,.T.);
#15613 = EDGE_LOOP('',(#15614,#15615,#15616,#15622));
#15614 = ORIENTED_EDGE('',*,*,#10754,.T.);
#15615 = ORIENTED_EDGE('',*,*,#11516,.T.);
#15616 = ORIENTED_EDGE('',*,*,#15617,.T.);
#15617 = EDGE_CURVE('',#11509,#11389,#15618,.T.);
#15618 = LINE('',#15619,#15620);
#15619 = CARTESIAN_POINT('',(1.6,4.15,1.8));
#15620 = VECTOR('',#15621,1.);
#15621 = DIRECTION('',(0.,1.,0.));
#15622 = ORIENTED_EDGE('',*,*,#11388,.F.);
#15623 = PLANE('',#15624);
#15624 = AXIS2_PLACEMENT_3D('',#15625,#15626,#15627);
#15625 = CARTESIAN_POINT('',(1.6,4.15,1.665334536938E-16));
#15626 = DIRECTION('',(-1.,0.,0.));
#15627 = DIRECTION('',(0.,1.,0.));
#15628 = ADVANCED_FACE('',(#15629),#15640,.T.);
#15629 = FACE_BOUND('',#15630,.T.);
#15630 = EDGE_LOOP('',(#15631,#15632,#15633,#15639));
#15631 = ORIENTED_EDGE('',*,*,#10722,.T.);
#15632 = ORIENTED_EDGE('',*,*,#11703,.T.);
#15633 = ORIENTED_EDGE('',*,*,#15634,.T.);
#15634 = EDGE_CURVE('',#11696,#11576,#15635,.T.);
#15635 = LINE('',#15636,#15637);
#15636 = CARTESIAN_POINT('',(1.6,3.65,1.8));
#15637 = VECTOR('',#15638,1.);
#15638 = DIRECTION('',(0.,1.,0.));
#15639 = ORIENTED_EDGE('',*,*,#11575,.F.);
#15640 = PLANE('',#15641);
#15641 = AXIS2_PLACEMENT_3D('',#15642,#15643,#15644);
#15642 = CARTESIAN_POINT('',(1.6,3.65,2.22044604925E-16));
#15643 = DIRECTION('',(-1.,0.,0.));
#15644 = DIRECTION('',(0.,1.,0.));
#15645 = ADVANCED_FACE('',(#15646),#15657,.T.);
#15646 = FACE_BOUND('',#15647,.T.);
#15647 = EDGE_LOOP('',(#15648,#15649,#15650,#15656));
#15648 = ORIENTED_EDGE('',*,*,#10690,.T.);
#15649 = ORIENTED_EDGE('',*,*,#11890,.T.);
#15650 = ORIENTED_EDGE('',*,*,#15651,.T.);
#15651 = EDGE_CURVE('',#11883,#11763,#15652,.T.);
#15652 = LINE('',#15653,#15654);
#15653 = CARTESIAN_POINT('',(1.6,3.15,1.8));
#15654 = VECTOR('',#15655,1.);
#15655 = DIRECTION('',(0.,1.,0.));
#15656 = ORIENTED_EDGE('',*,*,#11762,.F.);
#15657 = PLANE('',#15658);
#15658 = AXIS2_PLACEMENT_3D('',#15659,#15660,#15661);
#15659 = CARTESIAN_POINT('',(1.6,3.15,2.775557561563E-16));
#15660 = DIRECTION('',(-1.,0.,0.));
#15661 = DIRECTION('',(0.,1.,0.));
#15662 = ADVANCED_FACE('',(#15663),#15674,.T.);
#15663 = FACE_BOUND('',#15664,.T.);
#15664 = EDGE_LOOP('',(#15665,#15666,#15667,#15673));
#15665 = ORIENTED_EDGE('',*,*,#10658,.T.);
#15666 = ORIENTED_EDGE('',*,*,#12077,.T.);
#15667 = ORIENTED_EDGE('',*,*,#15668,.T.);
#15668 = EDGE_CURVE('',#12070,#11950,#15669,.T.);
#15669 = LINE('',#15670,#15671);
#15670 = CARTESIAN_POINT('',(1.6,2.65,1.8));
#15671 = VECTOR('',#15672,1.);
#15672 = DIRECTION('',(0.,1.,0.));
#15673 = ORIENTED_EDGE('',*,*,#11949,.F.);
#15674 = PLANE('',#15675);
#15675 = AXIS2_PLACEMENT_3D('',#15676,#15677,#15678);
#15676 = CARTESIAN_POINT('',(1.6,2.65,3.330669073875E-16));
#15677 = DIRECTION('',(-1.,0.,0.));
#15678 = DIRECTION('',(0.,1.,0.));
#15679 = ADVANCED_FACE('',(#15680),#15691,.T.);
#15680 = FACE_BOUND('',#15681,.T.);
#15681 = EDGE_LOOP('',(#15682,#15683,#15684,#15690));
#15682 = ORIENTED_EDGE('',*,*,#10626,.T.);
#15683 = ORIENTED_EDGE('',*,*,#12264,.T.);
#15684 = ORIENTED_EDGE('',*,*,#15685,.T.);
#15685 = EDGE_CURVE('',#12257,#12137,#15686,.T.);
#15686 = LINE('',#15687,#15688);
#15687 = CARTESIAN_POINT('',(1.6,2.15,1.8));
#15688 = VECTOR('',#15689,1.);
#15689 = DIRECTION('',(0.,1.,0.));
#15690 = ORIENTED_EDGE('',*,*,#12136,.F.);
#15691 = PLANE('',#15692);
#15692 = AXIS2_PLACEMENT_3D('',#15693,#15694,#15695);
#15693 = CARTESIAN_POINT('',(1.6,2.15,3.885780586188E-16));
#15694 = DIRECTION('',(-1.,0.,0.));
#15695 = DIRECTION('',(0.,1.,0.));
#15696 = ADVANCED_FACE('',(#15697),#15708,.T.);
#15697 = FACE_BOUND('',#15698,.T.);
#15698 = EDGE_LOOP('',(#15699,#15700,#15701,#15707));
#15699 = ORIENTED_EDGE('',*,*,#10594,.T.);
#15700 = ORIENTED_EDGE('',*,*,#12451,.T.);
#15701 = ORIENTED_EDGE('',*,*,#15702,.T.);
#15702 = EDGE_CURVE('',#12444,#12324,#15703,.T.);
#15703 = LINE('',#15704,#15705);
#15704 = CARTESIAN_POINT('',(1.6,1.65,1.8));
#15705 = VECTOR('',#15706,1.);
#15706 = DIRECTION('',(0.,1.,0.));
#15707 = ORIENTED_EDGE('',*,*,#12323,.F.);
#15708 = PLANE('',#15709);
#15709 = AXIS2_PLACEMENT_3D('',#15710,#15711,#15712);
#15710 = CARTESIAN_POINT('',(1.6,1.65,4.440892098501E-16));
#15711 = DIRECTION('',(-1.,0.,0.));
#15712 = DIRECTION('',(0.,1.,0.));
#15713 = ADVANCED_FACE('',(#15714),#15725,.T.);
#15714 = FACE_BOUND('',#15715,.T.);
#15715 = EDGE_LOOP('',(#15716,#15717,#15718,#15724));
#15716 = ORIENTED_EDGE('',*,*,#10562,.T.);
#15717 = ORIENTED_EDGE('',*,*,#12638,.T.);
#15718 = ORIENTED_EDGE('',*,*,#15719,.T.);
#15719 = EDGE_CURVE('',#12631,#12511,#15720,.T.);
#15720 = LINE('',#15721,#15722);
#15721 = CARTESIAN_POINT('',(1.6,1.15,1.8));
#15722 = VECTOR('',#15723,1.);
#15723 = DIRECTION('',(0.,1.,0.));
#15724 = ORIENTED_EDGE('',*,*,#12510,.F.);
#15725 = PLANE('',#15726);
#15726 = AXIS2_PLACEMENT_3D('',#15727,#15728,#15729);
#15727 = CARTESIAN_POINT('',(1.6,1.15,4.996003610813E-16));
#15728 = DIRECTION('',(-1.,0.,0.));
#15729 = DIRECTION('',(0.,1.,0.));
#15730 = ADVANCED_FACE('',(#15731),#15742,.T.);
#15731 = FACE_BOUND('',#15732,.T.);
#15732 = EDGE_LOOP('',(#15733,#15734,#15735,#15741));
#15733 = ORIENTED_EDGE('',*,*,#10530,.T.);
#15734 = ORIENTED_EDGE('',*,*,#12825,.T.);
#15735 = ORIENTED_EDGE('',*,*,#15736,.T.);
#15736 = EDGE_CURVE('',#12818,#12698,#15737,.T.);
#15737 = LINE('',#15738,#15739);
#15738 = CARTESIAN_POINT('',(1.6,0.65,1.8));
#15739 = VECTOR('',#15740,1.);
#15740 = DIRECTION('',(0.,1.,0.));
#15741 = ORIENTED_EDGE('',*,*,#12697,.F.);
#15742 = PLANE('',#15743);
#15743 = AXIS2_PLACEMENT_3D('',#15744,#15745,#15746);
#15744 = CARTESIAN_POINT('',(1.6,0.65,5.551115123126E-16));
#15745 = DIRECTION('',(-1.,0.,0.));
#15746 = DIRECTION('',(0.,1.,0.));
#15747 = ADVANCED_FACE('',(#15748),#15759,.T.);
#15748 = FACE_BOUND('',#15749,.T.);
#15749 = EDGE_LOOP('',(#15750,#15751,#15752,#15758));
#15750 = ORIENTED_EDGE('',*,*,#10498,.T.);
#15751 = ORIENTED_EDGE('',*,*,#13012,.T.);
#15752 = ORIENTED_EDGE('',*,*,#15753,.T.);
#15753 = EDGE_CURVE('',#13005,#12885,#15754,.T.);
#15754 = LINE('',#15755,#15756);
#15755 = CARTESIAN_POINT('',(1.6,0.15,1.8));
#15756 = VECTOR('',#15757,1.);
#15757 = DIRECTION('',(0.,1.,0.));
#15758 = ORIENTED_EDGE('',*,*,#12884,.F.);
#15759 = PLANE('',#15760);
#15760 = AXIS2_PLACEMENT_3D('',#15761,#15762,#15763);
#15761 = CARTESIAN_POINT('',(1.6,0.15,6.106226635438E-16));
#15762 = DIRECTION('',(-1.,0.,0.));
#15763 = DIRECTION('',(0.,1.,0.));
#15764 = ADVANCED_FACE('',(#15765),#15776,.T.);
#15765 = FACE_BOUND('',#15766,.T.);
#15766 = EDGE_LOOP('',(#15767,#15768,#15769,#15775));
#15767 = ORIENTED_EDGE('',*,*,#10466,.T.);
#15768 = ORIENTED_EDGE('',*,*,#13199,.T.);
#15769 = ORIENTED_EDGE('',*,*,#15770,.T.);
#15770 = EDGE_CURVE('',#13192,#13072,#15771,.T.);
#15771 = LINE('',#15772,#15773);
#15772 = CARTESIAN_POINT('',(1.6,-0.35,1.8));
#15773 = VECTOR('',#15774,1.);
#15774 = DIRECTION('',(0.,1.,0.));
#15775 = ORIENTED_EDGE('',*,*,#13071,.F.);
#15776 = PLANE('',#15777);
#15777 = AXIS2_PLACEMENT_3D('',#15778,#15779,#15780);
#15778 = CARTESIAN_POINT('',(1.6,-0.35,6.661338147751E-16));
#15779 = DIRECTION('',(-1.,0.,0.));
#15780 = DIRECTION('',(0.,1.,0.));
#15781 = ADVANCED_FACE('',(#15782),#15793,.T.);
#15782 = FACE_BOUND('',#15783,.T.);
#15783 = EDGE_LOOP('',(#15784,#15785,#15786,#15792));
#15784 = ORIENTED_EDGE('',*,*,#10434,.T.);
#15785 = ORIENTED_EDGE('',*,*,#13386,.T.);
#15786 = ORIENTED_EDGE('',*,*,#15787,.T.);
#15787 = EDGE_CURVE('',#13379,#13259,#15788,.T.);
#15788 = LINE('',#15789,#15790);
#15789 = CARTESIAN_POINT('',(1.6,-0.85,1.8));
#15790 = VECTOR('',#15791,1.);
#15791 = DIRECTION('',(0.,1.,0.));
#15792 = ORIENTED_EDGE('',*,*,#13258,.F.);
#15793 = PLANE('',#15794);
#15794 = AXIS2_PLACEMENT_3D('',#15795,#15796,#15797);
#15795 = CARTESIAN_POINT('',(1.6,-0.85,7.216449660064E-16));
#15796 = DIRECTION('',(-1.,0.,0.));
#15797 = DIRECTION('',(0.,1.,0.));
#15798 = ADVANCED_FACE('',(#15799),#15810,.T.);
#15799 = FACE_BOUND('',#15800,.T.);
#15800 = EDGE_LOOP('',(#15801,#15802,#15803,#15809));
#15801 = ORIENTED_EDGE('',*,*,#10402,.T.);
#15802 = ORIENTED_EDGE('',*,*,#13573,.T.);
#15803 = ORIENTED_EDGE('',*,*,#15804,.T.);
#15804 = EDGE_CURVE('',#13566,#13446,#15805,.T.);
#15805 = LINE('',#15806,#15807);
#15806 = CARTESIAN_POINT('',(1.6,-1.35,1.8));
#15807 = VECTOR('',#15808,1.);
#15808 = DIRECTION('',(0.,1.,0.));
#15809 = ORIENTED_EDGE('',*,*,#13445,.F.);
#15810 = PLANE('',#15811);
#15811 = AXIS2_PLACEMENT_3D('',#15812,#15813,#15814);
#15812 = CARTESIAN_POINT('',(1.6,-1.35,7.771561172376E-16));
#15813 = DIRECTION('',(-1.,0.,0.));
#15814 = DIRECTION('',(0.,1.,0.));
#15815 = ADVANCED_FACE('',(#15816),#15827,.T.);
#15816 = FACE_BOUND('',#15817,.T.);
#15817 = EDGE_LOOP('',(#15818,#15819,#15820,#15826));
#15818 = ORIENTED_EDGE('',*,*,#10370,.T.);
#15819 = ORIENTED_EDGE('',*,*,#13760,.T.);
#15820 = ORIENTED_EDGE('',*,*,#15821,.T.);
#15821 = EDGE_CURVE('',#13753,#13633,#15822,.T.);
#15822 = LINE('',#15823,#15824);
#15823 = CARTESIAN_POINT('',(1.6,-1.85,1.8));
#15824 = VECTOR('',#15825,1.);
#15825 = DIRECTION('',(0.,1.,0.));
#15826 = ORIENTED_EDGE('',*,*,#13632,.F.);
#15827 = PLANE('',#15828);
#15828 = AXIS2_PLACEMENT_3D('',#15829,#15830,#15831);
#15829 = CARTESIAN_POINT('',(1.6,-1.85,8.326672684689E-16));
#15830 = DIRECTION('',(-1.,0.,0.));
#15831 = DIRECTION('',(0.,1.,0.));
#15832 = ADVANCED_FACE('',(#15833),#15844,.T.);
#15833 = FACE_BOUND('',#15834,.T.);
#15834 = EDGE_LOOP('',(#15835,#15836,#15837,#15843));
#15835 = ORIENTED_EDGE('',*,*,#10338,.T.);
#15836 = ORIENTED_EDGE('',*,*,#13947,.T.);
#15837 = ORIENTED_EDGE('',*,*,#15838,.T.);
#15838 = EDGE_CURVE('',#13940,#13820,#15839,.T.);
#15839 = LINE('',#15840,#15841);
#15840 = CARTESIAN_POINT('',(1.6,-2.35,1.8));
#15841 = VECTOR('',#15842,1.);
#15842 = DIRECTION('',(0.,1.,0.));
#15843 = ORIENTED_EDGE('',*,*,#13819,.F.);
#15844 = PLANE('',#15845);
#15845 = AXIS2_PLACEMENT_3D('',#15846,#15847,#15848);
#15846 = CARTESIAN_POINT('',(1.6,-2.35,8.881784197001E-16));
#15847 = DIRECTION('',(-1.,0.,0.));
#15848 = DIRECTION('',(0.,1.,0.));
#15849 = ADVANCED_FACE('',(#15850),#15861,.T.);
#15850 = FACE_BOUND('',#15851,.T.);
#15851 = EDGE_LOOP('',(#15852,#15853,#15854,#15860));
#15852 = ORIENTED_EDGE('',*,*,#10306,.T.);
#15853 = ORIENTED_EDGE('',*,*,#14134,.T.);
#15854 = ORIENTED_EDGE('',*,*,#15855,.T.);
#15855 = EDGE_CURVE('',#14127,#14007,#15856,.T.);
#15856 = LINE('',#15857,#15858);
#15857 = CARTESIAN_POINT('',(1.6,-2.85,1.8));
#15858 = VECTOR('',#15859,1.);
#15859 = DIRECTION('',(0.,1.,0.));
#15860 = ORIENTED_EDGE('',*,*,#14006,.F.);
#15861 = PLANE('',#15862);
#15862 = AXIS2_PLACEMENT_3D('',#15863,#15864,#15865);
#15863 = CARTESIAN_POINT('',(1.6,-2.85,9.436895709314E-16));
#15864 = DIRECTION('',(-1.,0.,0.));
#15865 = DIRECTION('',(0.,1.,0.));
#15866 = ADVANCED_FACE('',(#15867),#15878,.T.);
#15867 = FACE_BOUND('',#15868,.T.);
#15868 = EDGE_LOOP('',(#15869,#15870,#15871,#15877));
#15869 = ORIENTED_EDGE('',*,*,#10274,.T.);
#15870 = ORIENTED_EDGE('',*,*,#14321,.T.);
#15871 = ORIENTED_EDGE('',*,*,#15872,.T.);
#15872 = EDGE_CURVE('',#14314,#14194,#15873,.T.);
#15873 = LINE('',#15874,#15875);
#15874 = CARTESIAN_POINT('',(1.6,-3.35,1.8));
#15875 = VECTOR('',#15876,1.);
#15876 = DIRECTION('',(0.,1.,0.));
#15877 = ORIENTED_EDGE('',*,*,#14193,.F.);
#15878 = PLANE('',#15879);
#15879 = AXIS2_PLACEMENT_3D('',#15880,#15881,#15882);
#15880 = CARTESIAN_POINT('',(1.6,-3.35,9.992007221626E-16));
#15881 = DIRECTION('',(-1.,0.,0.));
#15882 = DIRECTION('',(0.,1.,0.));
#15883 = ADVANCED_FACE('',(#15884),#15895,.T.);
#15884 = FACE_BOUND('',#15885,.T.);
#15885 = EDGE_LOOP('',(#15886,#15887,#15888,#15894));
#15886 = ORIENTED_EDGE('',*,*,#10242,.T.);
#15887 = ORIENTED_EDGE('',*,*,#14508,.T.);
#15888 = ORIENTED_EDGE('',*,*,#15889,.T.);
#15889 = EDGE_CURVE('',#14501,#14381,#15890,.T.);
#15890 = LINE('',#15891,#15892);
#15891 = CARTESIAN_POINT('',(1.6,-3.85,1.8));
#15892 = VECTOR('',#15893,1.);
#15893 = DIRECTION('',(0.,1.,0.));
#15894 = ORIENTED_EDGE('',*,*,#14380,.F.);
#15895 = PLANE('',#15896);
#15896 = AXIS2_PLACEMENT_3D('',#15897,#15898,#15899);
#15897 = CARTESIAN_POINT('',(1.6,-3.85,1.054711873394E-15));
#15898 = DIRECTION('',(-1.,0.,0.));
#15899 = DIRECTION('',(0.,1.,0.));
#15900 = ADVANCED_FACE('',(#15901),#15912,.T.);
#15901 = FACE_BOUND('',#15902,.T.);
#15902 = EDGE_LOOP('',(#15903,#15904,#15905,#15911));
#15903 = ORIENTED_EDGE('',*,*,#10210,.T.);
#15904 = ORIENTED_EDGE('',*,*,#14695,.T.);
#15905 = ORIENTED_EDGE('',*,*,#15906,.T.);
#15906 = EDGE_CURVE('',#14688,#14568,#15907,.T.);
#15907 = LINE('',#15908,#15909);
#15908 = CARTESIAN_POINT('',(1.6,-4.35,1.8));
#15909 = VECTOR('',#15910,1.);
#15910 = DIRECTION('',(0.,1.,0.));
#15911 = ORIENTED_EDGE('',*,*,#14567,.F.);
#15912 = PLANE('',#15913);
#15913 = AXIS2_PLACEMENT_3D('',#15914,#15915,#15916);
#15914 = CARTESIAN_POINT('',(1.6,-4.35,1.110223024625E-15));
#15915 = DIRECTION('',(-1.,0.,0.));
#15916 = DIRECTION('',(0.,1.,0.));
#15917 = ADVANCED_FACE('',(#15918),#15929,.T.);
#15918 = FACE_BOUND('',#15919,.T.);
#15919 = EDGE_LOOP('',(#15920,#15921,#15922,#15928));
#15920 = ORIENTED_EDGE('',*,*,#10178,.T.);
#15921 = ORIENTED_EDGE('',*,*,#14882,.T.);
#15922 = ORIENTED_EDGE('',*,*,#15923,.T.);
#15923 = EDGE_CURVE('',#14875,#14755,#15924,.T.);
#15924 = LINE('',#15925,#15926);
#15925 = CARTESIAN_POINT('',(1.6,-4.85,1.8));
#15926 = VECTOR('',#15927,1.);
#15927 = DIRECTION('',(0.,1.,0.));
#15928 = ORIENTED_EDGE('',*,*,#14754,.F.);
#15929 = PLANE('',#15930);
#15930 = AXIS2_PLACEMENT_3D('',#15931,#15932,#15933);
#15931 = CARTESIAN_POINT('',(1.6,-4.85,1.165734175856E-15));
#15932 = DIRECTION('',(-1.,0.,0.));
#15933 = DIRECTION('',(0.,1.,0.));
#15934 = ADVANCED_FACE('',(#15935),#15946,.T.);
#15935 = FACE_BOUND('',#15936,.T.);
#15936 = EDGE_LOOP('',(#15937,#15938,#15939,#15945));
#15937 = ORIENTED_EDGE('',*,*,#10146,.T.);
#15938 = ORIENTED_EDGE('',*,*,#15069,.T.);
#15939 = ORIENTED_EDGE('',*,*,#15940,.T.);
#15940 = EDGE_CURVE('',#15062,#14942,#15941,.T.);
#15941 = LINE('',#15942,#15943);
#15942 = CARTESIAN_POINT('',(1.6,-5.35,1.8));
#15943 = VECTOR('',#15944,1.);
#15944 = DIRECTION('',(0.,1.,0.));
#15945 = ORIENTED_EDGE('',*,*,#14941,.F.);
#15946 = PLANE('',#15947);
#15947 = AXIS2_PLACEMENT_3D('',#15948,#15949,#15950);
#15948 = CARTESIAN_POINT('',(1.6,-5.35,1.221245327088E-15));
#15949 = DIRECTION('',(-1.,0.,0.));
#15950 = DIRECTION('',(0.,1.,0.));
#15951 = ADVANCED_FACE('',(#15952),#15963,.T.);
#15952 = FACE_BOUND('',#15953,.T.);
#15953 = EDGE_LOOP('',(#15954,#15955,#15956,#15962));
#15954 = ORIENTED_EDGE('',*,*,#10114,.T.);
#15955 = ORIENTED_EDGE('',*,*,#15256,.T.);
#15956 = ORIENTED_EDGE('',*,*,#15957,.T.);
#15957 = EDGE_CURVE('',#15249,#15129,#15958,.T.);
#15958 = LINE('',#15959,#15960);
#15959 = CARTESIAN_POINT('',(1.6,-5.85,1.8));
#15960 = VECTOR('',#15961,1.);
#15961 = DIRECTION('',(0.,1.,0.));
#15962 = ORIENTED_EDGE('',*,*,#15128,.F.);
#15963 = PLANE('',#15964);
#15964 = AXIS2_PLACEMENT_3D('',#15965,#15966,#15967);
#15965 = CARTESIAN_POINT('',(1.6,-5.85,1.276756478319E-15));
#15966 = DIRECTION('',(-1.,0.,0.));
#15967 = DIRECTION('',(0.,1.,0.));
#15968 = ADVANCED_FACE('',(#15969),#15980,.F.);
#15969 = FACE_BOUND('',#15970,.T.);
#15970 = EDGE_LOOP('',(#15971,#15972,#15973,#15974));
#15971 = ORIENTED_EDGE('',*,*,#11093,.T.);
#15972 = ORIENTED_EDGE('',*,*,#11069,.T.);
#15973 = ORIENTED_EDGE('',*,*,#10995,.T.);
#15974 = ORIENTED_EDGE('',*,*,#15975,.T.);
#15975 = EDGE_CURVE('',#10998,#11094,#15976,.T.);
#15976 = LINE('',#15977,#15978);
#15977 = CARTESIAN_POINT('',(3.4,5.35,5.551115123126E-17));
#15978 = VECTOR('',#15979,1.);
#15979 = DIRECTION('',(0.,-1.,0.));
#15980 = PLANE('',#15981);
#15981 = AXIS2_PLACEMENT_3D('',#15982,#15983,#15984);
#15982 = CARTESIAN_POINT('',(2.5,5.25,5.551115123126E-17));
#15983 = DIRECTION('',(0.,0.,1.));
#15984 = DIRECTION('',(1.,0.,-0.));
#15985 = ADVANCED_FACE('',(#15986),#15997,.T.);
#15986 = FACE_BOUND('',#15987,.T.);
#15987 = EDGE_LOOP('',(#15988,#15989,#15990,#15996));
#15988 = ORIENTED_EDGE('',*,*,#15975,.F.);
#15989 = ORIENTED_EDGE('',*,*,#11055,.T.);
#15990 = ORIENTED_EDGE('',*,*,#15991,.T.);
#15991 = EDGE_CURVE('',#11048,#11102,#15992,.T.);
#15992 = LINE('',#15993,#15994);
#15993 = CARTESIAN_POINT('',(3.4,-5.536803121118,0.3));
#15994 = VECTOR('',#15995,1.);
#15995 = DIRECTION('',(0.,-1.,-2.22044604925E-16));
#15996 = ORIENTED_EDGE('',*,*,#11101,.F.);
#15997 = PLANE('',#15998);
#15998 = AXIS2_PLACEMENT_3D('',#15999,#16000,#16001);
#15999 = CARTESIAN_POINT('',(3.4,5.35,5.551115123126E-17));
#16000 = DIRECTION('',(1.,0.,0.));
#16001 = DIRECTION('',(0.,-1.,0.));
#16002 = ADVANCED_FACE('',(#16003),#16014,.T.);
#16003 = FACE_BOUND('',#16004,.T.);
#16004 = EDGE_LOOP('',(#16005,#16006,#16012,#16013));
#16005 = ORIENTED_EDGE('',*,*,#11047,.F.);
#16006 = ORIENTED_EDGE('',*,*,#16007,.F.);
#16007 = EDGE_CURVE('',#11110,#11039,#16008,.T.);
#16008 = LINE('',#16009,#16010);
#16009 = CARTESIAN_POINT('',(2.9,-16.42360624223,0.3));
#16010 = VECTOR('',#16011,1.);
#16011 = DIRECTION('',(0.,1.,2.22044604925E-16));
#16012 = ORIENTED_EDGE('',*,*,#11109,.F.);
#16013 = ORIENTED_EDGE('',*,*,#15991,.F.);
#16014 = PLANE('',#16015);
#16015 = AXIS2_PLACEMENT_3D('',#16016,#16017,#16018);
#16016 = CARTESIAN_POINT('',(4.5,-16.42360624223,0.3));
#16017 = DIRECTION('',(0.,-2.22044604925E-16,1.));
#16018 = DIRECTION('',(-1.,0.,0.));
#16019 = ADVANCED_FACE('',(#16020),#16031,.F.);
#16020 = FACE_BOUND('',#16021,.F.);
#16021 = EDGE_LOOP('',(#16022,#16023,#16029,#16030));
#16022 = ORIENTED_EDGE('',*,*,#11117,.F.);
#16023 = ORIENTED_EDGE('',*,*,#16024,.T.);
#16024 = EDGE_CURVE('',#11118,#11031,#16025,.T.);
#16025 = LINE('',#16026,#16027);
#16026 = CARTESIAN_POINT('',(2.7,-16.42360624223,0.5));
#16027 = VECTOR('',#16028,1.);
#16028 = DIRECTION('',(0.,1.,2.22044604925E-16));
#16029 = ORIENTED_EDGE('',*,*,#11038,.T.);
#16030 = ORIENTED_EDGE('',*,*,#16007,.F.);
#16031 = CYLINDRICAL_SURFACE('',#16032,0.2);
#16032 = AXIS2_PLACEMENT_3D('',#16033,#16034,#16035);
#16033 = CARTESIAN_POINT('',(2.9,-16.42360624223,0.5));
#16034 = DIRECTION('',(0.,-1.,-2.22044604925E-16));
#16035 = DIRECTION('',(1.,0.,0.));
#16036 = ADVANCED_FACE('',(#16037),#16048,.T.);
#16037 = FACE_BOUND('',#16038,.T.);
#16038 = EDGE_LOOP('',(#16039,#16040,#16041,#16047));
#16039 = ORIENTED_EDGE('',*,*,#16024,.T.);
#16040 = ORIENTED_EDGE('',*,*,#11030,.F.);
#16041 = ORIENTED_EDGE('',*,*,#16042,.F.);
#16042 = EDGE_CURVE('',#11127,#11023,#16043,.T.);
#16043 = LINE('',#16044,#16045);
#16044 = CARTESIAN_POINT('',(2.7,-5.586803121118,1.8));
#16045 = VECTOR('',#16046,1.);
#16046 = DIRECTION('',(0.,1.,0.));
#16047 = ORIENTED_EDGE('',*,*,#11126,.F.);
#16048 = PLANE('',#16049);
#16049 = AXIS2_PLACEMENT_3D('',#16050,#16051,#16052);
#16050 = CARTESIAN_POINT('',(2.7,-16.42360624223,0.5));
#16051 = DIRECTION('',(1.,0.,0.));
#16052 = DIRECTION('',(0.,-2.22044604925E-16,1.));
#16053 = ADVANCED_FACE('',(#16054),#16060,.T.);
#16054 = FACE_BOUND('',#16055,.T.);
#16055 = EDGE_LOOP('',(#16056,#16057,#16058,#16059));
#16056 = ORIENTED_EDGE('',*,*,#11134,.F.);
#16057 = ORIENTED_EDGE('',*,*,#16042,.T.);
#16058 = ORIENTED_EDGE('',*,*,#11022,.F.);
#16059 = ORIENTED_EDGE('',*,*,#15583,.F.);
#16060 = PLANE('',#16061);
#16061 = AXIS2_PLACEMENT_3D('',#16062,#16063,#16064);
#16062 = CARTESIAN_POINT('',(2.5,5.25,1.8));
#16063 = DIRECTION('',(0.,0.,1.));
#16064 = DIRECTION('',(1.,0.,-0.));
#16065 = ADVANCED_FACE('',(#16066),#16077,.F.);
#16066 = FACE_BOUND('',#16067,.T.);
#16067 = EDGE_LOOP('',(#16068,#16069,#16070,#16071));
#16068 = ORIENTED_EDGE('',*,*,#11280,.T.);
#16069 = ORIENTED_EDGE('',*,*,#11256,.T.);
#16070 = ORIENTED_EDGE('',*,*,#11182,.T.);
#16071 = ORIENTED_EDGE('',*,*,#16072,.T.);
#16072 = EDGE_CURVE('',#11185,#11281,#16073,.T.);
#16073 = LINE('',#16074,#16075);
#16074 = CARTESIAN_POINT('',(3.4,4.85,1.110223024625E-16));
#16075 = VECTOR('',#16076,1.);
#16076 = DIRECTION('',(0.,-1.,0.));
#16077 = PLANE('',#16078);
#16078 = AXIS2_PLACEMENT_3D('',#16079,#16080,#16081);
#16079 = CARTESIAN_POINT('',(2.5,4.75,1.110223024625E-16));
#16080 = DIRECTION('',(0.,0.,1.));
#16081 = DIRECTION('',(1.,0.,-0.));
#16082 = ADVANCED_FACE('',(#16083),#16094,.T.);
#16083 = FACE_BOUND('',#16084,.T.);
#16084 = EDGE_LOOP('',(#16085,#16086,#16087,#16093));
#16085 = ORIENTED_EDGE('',*,*,#16072,.F.);
#16086 = ORIENTED_EDGE('',*,*,#11242,.T.);
#16087 = ORIENTED_EDGE('',*,*,#16088,.T.);
#16088 = EDGE_CURVE('',#11235,#11289,#16089,.T.);
#16089 = LINE('',#16090,#16091);
#16090 = CARTESIAN_POINT('',(3.4,-5.786803121118,0.3));
#16091 = VECTOR('',#16092,1.);
#16092 = DIRECTION('',(0.,-1.,-2.22044604925E-16));
#16093 = ORIENTED_EDGE('',*,*,#11288,.F.);
#16094 = PLANE('',#16095);
#16095 = AXIS2_PLACEMENT_3D('',#16096,#16097,#16098);
#16096 = CARTESIAN_POINT('',(3.4,4.85,1.110223024625E-16));
#16097 = DIRECTION('',(1.,0.,0.));
#16098 = DIRECTION('',(0.,-1.,0.));
#16099 = ADVANCED_FACE('',(#16100),#16111,.T.);
#16100 = FACE_BOUND('',#16101,.T.);
#16101 = EDGE_LOOP('',(#16102,#16103,#16109,#16110));
#16102 = ORIENTED_EDGE('',*,*,#11234,.F.);
#16103 = ORIENTED_EDGE('',*,*,#16104,.F.);
#16104 = EDGE_CURVE('',#11297,#11226,#16105,.T.);
#16105 = LINE('',#16106,#16107);
#16106 = CARTESIAN_POINT('',(2.9,-16.42360624223,0.3));
#16107 = VECTOR('',#16108,1.);
#16108 = DIRECTION('',(0.,1.,2.22044604925E-16));
#16109 = ORIENTED_EDGE('',*,*,#11296,.F.);
#16110 = ORIENTED_EDGE('',*,*,#16088,.F.);
#16111 = PLANE('',#16112);
#16112 = AXIS2_PLACEMENT_3D('',#16113,#16114,#16115);
#16113 = CARTESIAN_POINT('',(4.5,-16.42360624223,0.3));
#16114 = DIRECTION('',(0.,-2.22044604925E-16,1.));
#16115 = DIRECTION('',(-1.,0.,0.));
#16116 = ADVANCED_FACE('',(#16117),#16128,.F.);
#16117 = FACE_BOUND('',#16118,.F.);
#16118 = EDGE_LOOP('',(#16119,#16120,#16126,#16127));
#16119 = ORIENTED_EDGE('',*,*,#11304,.F.);
#16120 = ORIENTED_EDGE('',*,*,#16121,.T.);
#16121 = EDGE_CURVE('',#11305,#11218,#16122,.T.);
#16122 = LINE('',#16123,#16124);
#16123 = CARTESIAN_POINT('',(2.7,-16.42360624223,0.5));
#16124 = VECTOR('',#16125,1.);
#16125 = DIRECTION('',(0.,1.,2.22044604925E-16));
#16126 = ORIENTED_EDGE('',*,*,#11225,.T.);
#16127 = ORIENTED_EDGE('',*,*,#16104,.F.);
#16128 = CYLINDRICAL_SURFACE('',#16129,0.2);
#16129 = AXIS2_PLACEMENT_3D('',#16130,#16131,#16132);
#16130 = CARTESIAN_POINT('',(2.9,-16.42360624223,0.5));
#16131 = DIRECTION('',(0.,-1.,-2.22044604925E-16));
#16132 = DIRECTION('',(1.,0.,0.));
#16133 = ADVANCED_FACE('',(#16134),#16145,.T.);
#16134 = FACE_BOUND('',#16135,.T.);
#16135 = EDGE_LOOP('',(#16136,#16137,#16138,#16144));
#16136 = ORIENTED_EDGE('',*,*,#16121,.T.);
#16137 = ORIENTED_EDGE('',*,*,#11217,.F.);
#16138 = ORIENTED_EDGE('',*,*,#16139,.F.);
#16139 = EDGE_CURVE('',#11314,#11210,#16140,.T.);
#16140 = LINE('',#16141,#16142);
#16141 = CARTESIAN_POINT('',(2.7,-5.836803121118,1.8));
#16142 = VECTOR('',#16143,1.);
#16143 = DIRECTION('',(0.,1.,0.));
#16144 = ORIENTED_EDGE('',*,*,#11313,.F.);
#16145 = PLANE('',#16146);
#16146 = AXIS2_PLACEMENT_3D('',#16147,#16148,#16149);
#16147 = CARTESIAN_POINT('',(2.7,-16.42360624223,0.5));
#16148 = DIRECTION('',(1.,0.,0.));
#16149 = DIRECTION('',(0.,-2.22044604925E-16,1.));
#16150 = ADVANCED_FACE('',(#16151),#16157,.T.);
#16151 = FACE_BOUND('',#16152,.T.);
#16152 = EDGE_LOOP('',(#16153,#16154,#16155,#16156));
#16153 = ORIENTED_EDGE('',*,*,#11321,.F.);
#16154 = ORIENTED_EDGE('',*,*,#16139,.T.);
#16155 = ORIENTED_EDGE('',*,*,#11209,.F.);
#16156 = ORIENTED_EDGE('',*,*,#15600,.F.);
#16157 = PLANE('',#16158);
#16158 = AXIS2_PLACEMENT_3D('',#16159,#16160,#16161);
#16159 = CARTESIAN_POINT('',(2.5,4.75,1.8));
#16160 = DIRECTION('',(0.,0.,1.));
#16161 = DIRECTION('',(1.,0.,-0.));
#16162 = ADVANCED_FACE('',(#16163),#16174,.F.);
#16163 = FACE_BOUND('',#16164,.T.);
#16164 = EDGE_LOOP('',(#16165,#16166,#16167,#16168));
#16165 = ORIENTED_EDGE('',*,*,#11467,.T.);
#16166 = ORIENTED_EDGE('',*,*,#11443,.T.);
#16167 = ORIENTED_EDGE('',*,*,#11369,.T.);
#16168 = ORIENTED_EDGE('',*,*,#16169,.T.);
#16169 = EDGE_CURVE('',#11372,#11468,#16170,.T.);
#16170 = LINE('',#16171,#16172);
#16171 = CARTESIAN_POINT('',(3.4,4.35,1.665334536938E-16));
#16172 = VECTOR('',#16173,1.);
#16173 = DIRECTION('',(0.,-1.,0.));
#16174 = PLANE('',#16175);
#16175 = AXIS2_PLACEMENT_3D('',#16176,#16177,#16178);
#16176 = CARTESIAN_POINT('',(2.5,4.25,1.665334536938E-16));
#16177 = DIRECTION('',(0.,0.,1.));
#16178 = DIRECTION('',(1.,0.,-0.));
#16179 = ADVANCED_FACE('',(#16180),#16191,.T.);
#16180 = FACE_BOUND('',#16181,.T.);
#16181 = EDGE_LOOP('',(#16182,#16183,#16184,#16190));
#16182 = ORIENTED_EDGE('',*,*,#16169,.F.);
#16183 = ORIENTED_EDGE('',*,*,#11429,.T.);
#16184 = ORIENTED_EDGE('',*,*,#16185,.T.);
#16185 = EDGE_CURVE('',#11422,#11476,#16186,.T.);
#16186 = LINE('',#16187,#16188);
#16187 = CARTESIAN_POINT('',(3.4,-6.036803121118,0.3));
#16188 = VECTOR('',#16189,1.);
#16189 = DIRECTION('',(0.,-1.,-2.22044604925E-16));
#16190 = ORIENTED_EDGE('',*,*,#11475,.F.);
#16191 = PLANE('',#16192);
#16192 = AXIS2_PLACEMENT_3D('',#16193,#16194,#16195);
#16193 = CARTESIAN_POINT('',(3.4,4.35,1.665334536938E-16));
#16194 = DIRECTION('',(1.,0.,0.));
#16195 = DIRECTION('',(0.,-1.,0.));
#16196 = ADVANCED_FACE('',(#16197),#16208,.T.);
#16197 = FACE_BOUND('',#16198,.T.);
#16198 = EDGE_LOOP('',(#16199,#16200,#16206,#16207));
#16199 = ORIENTED_EDGE('',*,*,#11421,.F.);
#16200 = ORIENTED_EDGE('',*,*,#16201,.F.);
#16201 = EDGE_CURVE('',#11484,#11413,#16202,.T.);
#16202 = LINE('',#16203,#16204);
#16203 = CARTESIAN_POINT('',(2.9,-16.42360624223,0.3));
#16204 = VECTOR('',#16205,1.);
#16205 = DIRECTION('',(0.,1.,2.22044604925E-16));
#16206 = ORIENTED_EDGE('',*,*,#11483,.F.);
#16207 = ORIENTED_EDGE('',*,*,#16185,.F.);
#16208 = PLANE('',#16209);
#16209 = AXIS2_PLACEMENT_3D('',#16210,#16211,#16212);
#16210 = CARTESIAN_POINT('',(4.5,-16.42360624223,0.3));
#16211 = DIRECTION('',(0.,-2.22044604925E-16,1.));
#16212 = DIRECTION('',(-1.,0.,0.));
#16213 = ADVANCED_FACE('',(#16214),#16225,.F.);
#16214 = FACE_BOUND('',#16215,.F.);
#16215 = EDGE_LOOP('',(#16216,#16217,#16223,#16224));
#16216 = ORIENTED_EDGE('',*,*,#11491,.F.);
#16217 = ORIENTED_EDGE('',*,*,#16218,.T.);
#16218 = EDGE_CURVE('',#11492,#11405,#16219,.T.);
#16219 = LINE('',#16220,#16221);
#16220 = CARTESIAN_POINT('',(2.7,-16.42360624223,0.5));
#16221 = VECTOR('',#16222,1.);
#16222 = DIRECTION('',(0.,1.,2.22044604925E-16));
#16223 = ORIENTED_EDGE('',*,*,#11412,.T.);
#16224 = ORIENTED_EDGE('',*,*,#16201,.F.);
#16225 = CYLINDRICAL_SURFACE('',#16226,0.2);
#16226 = AXIS2_PLACEMENT_3D('',#16227,#16228,#16229);
#16227 = CARTESIAN_POINT('',(2.9,-16.42360624223,0.5));
#16228 = DIRECTION('',(0.,-1.,-2.22044604925E-16));
#16229 = DIRECTION('',(1.,0.,0.));
#16230 = ADVANCED_FACE('',(#16231),#16242,.T.);
#16231 = FACE_BOUND('',#16232,.T.);
#16232 = EDGE_LOOP('',(#16233,#16234,#16235,#16241));
#16233 = ORIENTED_EDGE('',*,*,#16218,.T.);
#16234 = ORIENTED_EDGE('',*,*,#11404,.F.);
#16235 = ORIENTED_EDGE('',*,*,#16236,.F.);
#16236 = EDGE_CURVE('',#11501,#11397,#16237,.T.);
#16237 = LINE('',#16238,#16239);
#16238 = CARTESIAN_POINT('',(2.7,-6.086803121118,1.8));
#16239 = VECTOR('',#16240,1.);
#16240 = DIRECTION('',(0.,1.,0.));
#16241 = ORIENTED_EDGE('',*,*,#11500,.F.);
#16242 = PLANE('',#16243);
#16243 = AXIS2_PLACEMENT_3D('',#16244,#16245,#16246);
#16244 = CARTESIAN_POINT('',(2.7,-16.42360624223,0.5));
#16245 = DIRECTION('',(1.,0.,0.));
#16246 = DIRECTION('',(0.,-2.22044604925E-16,1.));
#16247 = ADVANCED_FACE('',(#16248),#16254,.T.);
#16248 = FACE_BOUND('',#16249,.T.);
#16249 = EDGE_LOOP('',(#16250,#16251,#16252,#16253));
#16250 = ORIENTED_EDGE('',*,*,#11508,.F.);
#16251 = ORIENTED_EDGE('',*,*,#16236,.T.);
#16252 = ORIENTED_EDGE('',*,*,#11396,.F.);
#16253 = ORIENTED_EDGE('',*,*,#15617,.F.);
#16254 = PLANE('',#16255);
#16255 = AXIS2_PLACEMENT_3D('',#16256,#16257,#16258);
#16256 = CARTESIAN_POINT('',(2.5,4.25,1.8));
#16257 = DIRECTION('',(0.,0.,1.));
#16258 = DIRECTION('',(1.,0.,-0.));
#16259 = ADVANCED_FACE('',(#16260),#16271,.F.);
#16260 = FACE_BOUND('',#16261,.T.);
#16261 = EDGE_LOOP('',(#16262,#16263,#16264,#16265));
#16262 = ORIENTED_EDGE('',*,*,#11654,.T.);
#16263 = ORIENTED_EDGE('',*,*,#11630,.T.);
#16264 = ORIENTED_EDGE('',*,*,#11556,.T.);
#16265 = ORIENTED_EDGE('',*,*,#16266,.T.);
#16266 = EDGE_CURVE('',#11559,#11655,#16267,.T.);
#16267 = LINE('',#16268,#16269);
#16268 = CARTESIAN_POINT('',(3.4,3.85,2.22044604925E-16));
#16269 = VECTOR('',#16270,1.);
#16270 = DIRECTION('',(0.,-1.,0.));
#16271 = PLANE('',#16272);
#16272 = AXIS2_PLACEMENT_3D('',#16273,#16274,#16275);
#16273 = CARTESIAN_POINT('',(2.5,3.75,2.22044604925E-16));
#16274 = DIRECTION('',(0.,0.,1.));
#16275 = DIRECTION('',(1.,0.,-0.));
#16276 = ADVANCED_FACE('',(#16277),#16288,.T.);
#16277 = FACE_BOUND('',#16278,.T.);
#16278 = EDGE_LOOP('',(#16279,#16280,#16281,#16287));
#16279 = ORIENTED_EDGE('',*,*,#16266,.F.);
#16280 = ORIENTED_EDGE('',*,*,#11616,.T.);
#16281 = ORIENTED_EDGE('',*,*,#16282,.T.);
#16282 = EDGE_CURVE('',#11609,#11663,#16283,.T.);
#16283 = LINE('',#16284,#16285);
#16284 = CARTESIAN_POINT('',(3.4,-6.286803121118,0.3));
#16285 = VECTOR('',#16286,1.);
#16286 = DIRECTION('',(0.,-1.,-2.22044604925E-16));
#16287 = ORIENTED_EDGE('',*,*,#11662,.F.);
#16288 = PLANE('',#16289);
#16289 = AXIS2_PLACEMENT_3D('',#16290,#16291,#16292);
#16290 = CARTESIAN_POINT('',(3.4,3.85,2.22044604925E-16));
#16291 = DIRECTION('',(1.,0.,0.));
#16292 = DIRECTION('',(0.,-1.,0.));
#16293 = ADVANCED_FACE('',(#16294),#16305,.T.);
#16294 = FACE_BOUND('',#16295,.T.);
#16295 = EDGE_LOOP('',(#16296,#16297,#16303,#16304));
#16296 = ORIENTED_EDGE('',*,*,#11608,.F.);
#16297 = ORIENTED_EDGE('',*,*,#16298,.F.);
#16298 = EDGE_CURVE('',#11671,#11600,#16299,.T.);
#16299 = LINE('',#16300,#16301);
#16300 = CARTESIAN_POINT('',(2.9,-16.42360624223,0.3));
#16301 = VECTOR('',#16302,1.);
#16302 = DIRECTION('',(0.,1.,2.22044604925E-16));
#16303 = ORIENTED_EDGE('',*,*,#11670,.F.);
#16304 = ORIENTED_EDGE('',*,*,#16282,.F.);
#16305 = PLANE('',#16306);
#16306 = AXIS2_PLACEMENT_3D('',#16307,#16308,#16309);
#16307 = CARTESIAN_POINT('',(4.5,-16.42360624223,0.3));
#16308 = DIRECTION('',(0.,-2.22044604925E-16,1.));
#16309 = DIRECTION('',(-1.,0.,0.));
#16310 = ADVANCED_FACE('',(#16311),#16322,.F.);
#16311 = FACE_BOUND('',#16312,.F.);
#16312 = EDGE_LOOP('',(#16313,#16314,#16320,#16321));
#16313 = ORIENTED_EDGE('',*,*,#11678,.F.);
#16314 = ORIENTED_EDGE('',*,*,#16315,.T.);
#16315 = EDGE_CURVE('',#11679,#11592,#16316,.T.);
#16316 = LINE('',#16317,#16318);
#16317 = CARTESIAN_POINT('',(2.7,-16.42360624223,0.5));
#16318 = VECTOR('',#16319,1.);
#16319 = DIRECTION('',(0.,1.,2.22044604925E-16));
#16320 = ORIENTED_EDGE('',*,*,#11599,.T.);
#16321 = ORIENTED_EDGE('',*,*,#16298,.F.);
#16322 = CYLINDRICAL_SURFACE('',#16323,0.2);
#16323 = AXIS2_PLACEMENT_3D('',#16324,#16325,#16326);
#16324 = CARTESIAN_POINT('',(2.9,-16.42360624223,0.5));
#16325 = DIRECTION('',(0.,-1.,-2.22044604925E-16));
#16326 = DIRECTION('',(1.,0.,0.));
#16327 = ADVANCED_FACE('',(#16328),#16339,.T.);
#16328 = FACE_BOUND('',#16329,.T.);
#16329 = EDGE_LOOP('',(#16330,#16331,#16332,#16338));
#16330 = ORIENTED_EDGE('',*,*,#16315,.T.);
#16331 = ORIENTED_EDGE('',*,*,#11591,.F.);
#16332 = ORIENTED_EDGE('',*,*,#16333,.F.);
#16333 = EDGE_CURVE('',#11688,#11584,#16334,.T.);
#16334 = LINE('',#16335,#16336);
#16335 = CARTESIAN_POINT('',(2.7,-6.336803121118,1.8));
#16336 = VECTOR('',#16337,1.);
#16337 = DIRECTION('',(0.,1.,0.));
#16338 = ORIENTED_EDGE('',*,*,#11687,.F.);
#16339 = PLANE('',#16340);
#16340 = AXIS2_PLACEMENT_3D('',#16341,#16342,#16343);
#16341 = CARTESIAN_POINT('',(2.7,-16.42360624223,0.5));
#16342 = DIRECTION('',(1.,0.,0.));
#16343 = DIRECTION('',(0.,-2.22044604925E-16,1.));
#16344 = ADVANCED_FACE('',(#16345),#16351,.T.);
#16345 = FACE_BOUND('',#16346,.T.);
#16346 = EDGE_LOOP('',(#16347,#16348,#16349,#16350));
#16347 = ORIENTED_EDGE('',*,*,#11695,.F.);
#16348 = ORIENTED_EDGE('',*,*,#16333,.T.);
#16349 = ORIENTED_EDGE('',*,*,#11583,.F.);
#16350 = ORIENTED_EDGE('',*,*,#15634,.F.);
#16351 = PLANE('',#16352);
#16352 = AXIS2_PLACEMENT_3D('',#16353,#16354,#16355);
#16353 = CARTESIAN_POINT('',(2.5,3.75,1.8));
#16354 = DIRECTION('',(0.,0.,1.));
#16355 = DIRECTION('',(1.,0.,-0.));
#16356 = ADVANCED_FACE('',(#16357),#16368,.F.);
#16357 = FACE_BOUND('',#16358,.T.);
#16358 = EDGE_LOOP('',(#16359,#16360,#16361,#16362));
#16359 = ORIENTED_EDGE('',*,*,#11841,.T.);
#16360 = ORIENTED_EDGE('',*,*,#11817,.T.);
#16361 = ORIENTED_EDGE('',*,*,#11743,.T.);
#16362 = ORIENTED_EDGE('',*,*,#16363,.T.);
#16363 = EDGE_CURVE('',#11746,#11842,#16364,.T.);
#16364 = LINE('',#16365,#16366);
#16365 = CARTESIAN_POINT('',(3.4,3.35,2.775557561563E-16));
#16366 = VECTOR('',#16367,1.);
#16367 = DIRECTION('',(0.,-1.,0.));
#16368 = PLANE('',#16369);
#16369 = AXIS2_PLACEMENT_3D('',#16370,#16371,#16372);
#16370 = CARTESIAN_POINT('',(2.5,3.25,2.775557561563E-16));
#16371 = DIRECTION('',(0.,0.,1.));
#16372 = DIRECTION('',(1.,0.,-0.));
#16373 = ADVANCED_FACE('',(#16374),#16385,.T.);
#16374 = FACE_BOUND('',#16375,.T.);
#16375 = EDGE_LOOP('',(#16376,#16377,#16378,#16384));
#16376 = ORIENTED_EDGE('',*,*,#16363,.F.);
#16377 = ORIENTED_EDGE('',*,*,#11803,.T.);
#16378 = ORIENTED_EDGE('',*,*,#16379,.T.);
#16379 = EDGE_CURVE('',#11796,#11850,#16380,.T.);
#16380 = LINE('',#16381,#16382);
#16381 = CARTESIAN_POINT('',(3.4,-6.536803121118,0.3));
#16382 = VECTOR('',#16383,1.);
#16383 = DIRECTION('',(0.,-1.,-2.22044604925E-16));
#16384 = ORIENTED_EDGE('',*,*,#11849,.F.);
#16385 = PLANE('',#16386);
#16386 = AXIS2_PLACEMENT_3D('',#16387,#16388,#16389);
#16387 = CARTESIAN_POINT('',(3.4,3.35,2.775557561563E-16));
#16388 = DIRECTION('',(1.,0.,0.));
#16389 = DIRECTION('',(0.,-1.,0.));
#16390 = ADVANCED_FACE('',(#16391),#16402,.T.);
#16391 = FACE_BOUND('',#16392,.T.);
#16392 = EDGE_LOOP('',(#16393,#16394,#16400,#16401));
#16393 = ORIENTED_EDGE('',*,*,#11795,.F.);
#16394 = ORIENTED_EDGE('',*,*,#16395,.F.);
#16395 = EDGE_CURVE('',#11858,#11787,#16396,.T.);
#16396 = LINE('',#16397,#16398);
#16397 = CARTESIAN_POINT('',(2.9,-16.42360624223,0.3));
#16398 = VECTOR('',#16399,1.);
#16399 = DIRECTION('',(0.,1.,2.22044604925E-16));
#16400 = ORIENTED_EDGE('',*,*,#11857,.F.);
#16401 = ORIENTED_EDGE('',*,*,#16379,.F.);
#16402 = PLANE('',#16403);
#16403 = AXIS2_PLACEMENT_3D('',#16404,#16405,#16406);
#16404 = CARTESIAN_POINT('',(4.5,-16.42360624223,0.3));
#16405 = DIRECTION('',(0.,-2.22044604925E-16,1.));
#16406 = DIRECTION('',(-1.,0.,0.));
#16407 = ADVANCED_FACE('',(#16408),#16419,.F.);
#16408 = FACE_BOUND('',#16409,.F.);
#16409 = EDGE_LOOP('',(#16410,#16411,#16417,#16418));
#16410 = ORIENTED_EDGE('',*,*,#11865,.F.);
#16411 = ORIENTED_EDGE('',*,*,#16412,.T.);
#16412 = EDGE_CURVE('',#11866,#11779,#16413,.T.);
#16413 = LINE('',#16414,#16415);
#16414 = CARTESIAN_POINT('',(2.7,-16.42360624223,0.5));
#16415 = VECTOR('',#16416,1.);
#16416 = DIRECTION('',(0.,1.,2.22044604925E-16));
#16417 = ORIENTED_EDGE('',*,*,#11786,.T.);
#16418 = ORIENTED_EDGE('',*,*,#16395,.F.);
#16419 = CYLINDRICAL_SURFACE('',#16420,0.2);
#16420 = AXIS2_PLACEMENT_3D('',#16421,#16422,#16423);
#16421 = CARTESIAN_POINT('',(2.9,-16.42360624223,0.5));
#16422 = DIRECTION('',(0.,-1.,-2.22044604925E-16));
#16423 = DIRECTION('',(1.,0.,0.));
#16424 = ADVANCED_FACE('',(#16425),#16436,.T.);
#16425 = FACE_BOUND('',#16426,.T.);
#16426 = EDGE_LOOP('',(#16427,#16428,#16429,#16435));
#16427 = ORIENTED_EDGE('',*,*,#16412,.T.);
#16428 = ORIENTED_EDGE('',*,*,#11778,.F.);
#16429 = ORIENTED_EDGE('',*,*,#16430,.F.);
#16430 = EDGE_CURVE('',#11875,#11771,#16431,.T.);
#16431 = LINE('',#16432,#16433);
#16432 = CARTESIAN_POINT('',(2.7,-6.586803121118,1.8));
#16433 = VECTOR('',#16434,1.);
#16434 = DIRECTION('',(0.,1.,0.));
#16435 = ORIENTED_EDGE('',*,*,#11874,.F.);
#16436 = PLANE('',#16437);
#16437 = AXIS2_PLACEMENT_3D('',#16438,#16439,#16440);
#16438 = CARTESIAN_POINT('',(2.7,-16.42360624223,0.5));
#16439 = DIRECTION('',(1.,0.,0.));
#16440 = DIRECTION('',(0.,-2.22044604925E-16,1.));
#16441 = ADVANCED_FACE('',(#16442),#16448,.T.);
#16442 = FACE_BOUND('',#16443,.T.);
#16443 = EDGE_LOOP('',(#16444,#16445,#16446,#16447));
#16444 = ORIENTED_EDGE('',*,*,#11882,.F.);
#16445 = ORIENTED_EDGE('',*,*,#16430,.T.);
#16446 = ORIENTED_EDGE('',*,*,#11770,.F.);
#16447 = ORIENTED_EDGE('',*,*,#15651,.F.);
#16448 = PLANE('',#16449);
#16449 = AXIS2_PLACEMENT_3D('',#16450,#16451,#16452);
#16450 = CARTESIAN_POINT('',(2.5,3.25,1.8));
#16451 = DIRECTION('',(0.,0.,1.));
#16452 = DIRECTION('',(1.,0.,-0.));
#16453 = ADVANCED_FACE('',(#16454),#16465,.F.);
#16454 = FACE_BOUND('',#16455,.T.);
#16455 = EDGE_LOOP('',(#16456,#16457,#16458,#16459));
#16456 = ORIENTED_EDGE('',*,*,#12028,.T.);
#16457 = ORIENTED_EDGE('',*,*,#12004,.T.);
#16458 = ORIENTED_EDGE('',*,*,#11930,.T.);
#16459 = ORIENTED_EDGE('',*,*,#16460,.T.);
#16460 = EDGE_CURVE('',#11933,#12029,#16461,.T.);
#16461 = LINE('',#16462,#16463);
#16462 = CARTESIAN_POINT('',(3.4,2.85,3.330669073875E-16));
#16463 = VECTOR('',#16464,1.);
#16464 = DIRECTION('',(0.,-1.,0.));
#16465 = PLANE('',#16466);
#16466 = AXIS2_PLACEMENT_3D('',#16467,#16468,#16469);
#16467 = CARTESIAN_POINT('',(2.5,2.75,3.330669073875E-16));
#16468 = DIRECTION('',(0.,0.,1.));
#16469 = DIRECTION('',(1.,0.,-0.));
#16470 = ADVANCED_FACE('',(#16471),#16482,.T.);
#16471 = FACE_BOUND('',#16472,.T.);
#16472 = EDGE_LOOP('',(#16473,#16474,#16475,#16481));
#16473 = ORIENTED_EDGE('',*,*,#16460,.F.);
#16474 = ORIENTED_EDGE('',*,*,#11990,.T.);
#16475 = ORIENTED_EDGE('',*,*,#16476,.T.);
#16476 = EDGE_CURVE('',#11983,#12037,#16477,.T.);
#16477 = LINE('',#16478,#16479);
#16478 = CARTESIAN_POINT('',(3.4,-6.786803121118,0.3));
#16479 = VECTOR('',#16480,1.);
#16480 = DIRECTION('',(0.,-1.,-2.22044604925E-16));
#16481 = ORIENTED_EDGE('',*,*,#12036,.F.);
#16482 = PLANE('',#16483);
#16483 = AXIS2_PLACEMENT_3D('',#16484,#16485,#16486);
#16484 = CARTESIAN_POINT('',(3.4,2.85,3.330669073875E-16));
#16485 = DIRECTION('',(1.,0.,0.));
#16486 = DIRECTION('',(0.,-1.,0.));
#16487 = ADVANCED_FACE('',(#16488),#16499,.T.);
#16488 = FACE_BOUND('',#16489,.T.);
#16489 = EDGE_LOOP('',(#16490,#16491,#16497,#16498));
#16490 = ORIENTED_EDGE('',*,*,#11982,.F.);
#16491 = ORIENTED_EDGE('',*,*,#16492,.F.);
#16492 = EDGE_CURVE('',#12045,#11974,#16493,.T.);
#16493 = LINE('',#16494,#16495);
#16494 = CARTESIAN_POINT('',(2.9,-16.42360624223,0.3));
#16495 = VECTOR('',#16496,1.);
#16496 = DIRECTION('',(0.,1.,2.22044604925E-16));
#16497 = ORIENTED_EDGE('',*,*,#12044,.F.);
#16498 = ORIENTED_EDGE('',*,*,#16476,.F.);
#16499 = PLANE('',#16500);
#16500 = AXIS2_PLACEMENT_3D('',#16501,#16502,#16503);
#16501 = CARTESIAN_POINT('',(4.5,-16.42360624223,0.3));
#16502 = DIRECTION('',(0.,-2.22044604925E-16,1.));
#16503 = DIRECTION('',(-1.,0.,0.));
#16504 = ADVANCED_FACE('',(#16505),#16516,.F.);
#16505 = FACE_BOUND('',#16506,.F.);
#16506 = EDGE_LOOP('',(#16507,#16508,#16514,#16515));
#16507 = ORIENTED_EDGE('',*,*,#12052,.F.);
#16508 = ORIENTED_EDGE('',*,*,#16509,.T.);
#16509 = EDGE_CURVE('',#12053,#11966,#16510,.T.);
#16510 = LINE('',#16511,#16512);
#16511 = CARTESIAN_POINT('',(2.7,-16.42360624223,0.5));
#16512 = VECTOR('',#16513,1.);
#16513 = DIRECTION('',(0.,1.,2.22044604925E-16));
#16514 = ORIENTED_EDGE('',*,*,#11973,.T.);
#16515 = ORIENTED_EDGE('',*,*,#16492,.F.);
#16516 = CYLINDRICAL_SURFACE('',#16517,0.2);
#16517 = AXIS2_PLACEMENT_3D('',#16518,#16519,#16520);
#16518 = CARTESIAN_POINT('',(2.9,-16.42360624223,0.5));
#16519 = DIRECTION('',(0.,-1.,-2.22044604925E-16));
#16520 = DIRECTION('',(1.,0.,0.));
#16521 = ADVANCED_FACE('',(#16522),#16533,.T.);
#16522 = FACE_BOUND('',#16523,.T.);
#16523 = EDGE_LOOP('',(#16524,#16525,#16526,#16532));
#16524 = ORIENTED_EDGE('',*,*,#16509,.T.);
#16525 = ORIENTED_EDGE('',*,*,#11965,.F.);
#16526 = ORIENTED_EDGE('',*,*,#16527,.F.);
#16527 = EDGE_CURVE('',#12062,#11958,#16528,.T.);
#16528 = LINE('',#16529,#16530);
#16529 = CARTESIAN_POINT('',(2.7,-6.836803121118,1.8));
#16530 = VECTOR('',#16531,1.);
#16531 = DIRECTION('',(0.,1.,0.));
#16532 = ORIENTED_EDGE('',*,*,#12061,.F.);
#16533 = PLANE('',#16534);
#16534 = AXIS2_PLACEMENT_3D('',#16535,#16536,#16537);
#16535 = CARTESIAN_POINT('',(2.7,-16.42360624223,0.5));
#16536 = DIRECTION('',(1.,0.,0.));
#16537 = DIRECTION('',(0.,-2.22044604925E-16,1.));
#16538 = ADVANCED_FACE('',(#16539),#16545,.T.);
#16539 = FACE_BOUND('',#16540,.T.);
#16540 = EDGE_LOOP('',(#16541,#16542,#16543,#16544));
#16541 = ORIENTED_EDGE('',*,*,#12069,.F.);
#16542 = ORIENTED_EDGE('',*,*,#16527,.T.);
#16543 = ORIENTED_EDGE('',*,*,#11957,.F.);
#16544 = ORIENTED_EDGE('',*,*,#15668,.F.);
#16545 = PLANE('',#16546);
#16546 = AXIS2_PLACEMENT_3D('',#16547,#16548,#16549);
#16547 = CARTESIAN_POINT('',(2.5,2.75,1.8));
#16548 = DIRECTION('',(0.,0.,1.));
#16549 = DIRECTION('',(1.,0.,-0.));
#16550 = ADVANCED_FACE('',(#16551),#16562,.F.);
#16551 = FACE_BOUND('',#16552,.T.);
#16552 = EDGE_LOOP('',(#16553,#16554,#16555,#16556));
#16553 = ORIENTED_EDGE('',*,*,#12215,.T.);
#16554 = ORIENTED_EDGE('',*,*,#12191,.T.);
#16555 = ORIENTED_EDGE('',*,*,#12117,.T.);
#16556 = ORIENTED_EDGE('',*,*,#16557,.T.);
#16557 = EDGE_CURVE('',#12120,#12216,#16558,.T.);
#16558 = LINE('',#16559,#16560);
#16559 = CARTESIAN_POINT('',(3.4,2.35,3.885780586188E-16));
#16560 = VECTOR('',#16561,1.);
#16561 = DIRECTION('',(0.,-1.,0.));
#16562 = PLANE('',#16563);
#16563 = AXIS2_PLACEMENT_3D('',#16564,#16565,#16566);
#16564 = CARTESIAN_POINT('',(2.5,2.25,3.885780586188E-16));
#16565 = DIRECTION('',(0.,0.,1.));
#16566 = DIRECTION('',(1.,0.,-0.));
#16567 = ADVANCED_FACE('',(#16568),#16579,.T.);
#16568 = FACE_BOUND('',#16569,.T.);
#16569 = EDGE_LOOP('',(#16570,#16571,#16572,#16578));
#16570 = ORIENTED_EDGE('',*,*,#16557,.F.);
#16571 = ORIENTED_EDGE('',*,*,#12177,.T.);
#16572 = ORIENTED_EDGE('',*,*,#16573,.T.);
#16573 = EDGE_CURVE('',#12170,#12224,#16574,.T.);
#16574 = LINE('',#16575,#16576);
#16575 = CARTESIAN_POINT('',(3.4,-7.036803121118,0.3));
#16576 = VECTOR('',#16577,1.);
#16577 = DIRECTION('',(0.,-1.,-2.22044604925E-16));
#16578 = ORIENTED_EDGE('',*,*,#12223,.F.);
#16579 = PLANE('',#16580);
#16580 = AXIS2_PLACEMENT_3D('',#16581,#16582,#16583);
#16581 = CARTESIAN_POINT('',(3.4,2.35,3.885780586188E-16));
#16582 = DIRECTION('',(1.,0.,0.));
#16583 = DIRECTION('',(0.,-1.,0.));
#16584 = ADVANCED_FACE('',(#16585),#16596,.T.);
#16585 = FACE_BOUND('',#16586,.T.);
#16586 = EDGE_LOOP('',(#16587,#16588,#16594,#16595));
#16587 = ORIENTED_EDGE('',*,*,#12169,.F.);
#16588 = ORIENTED_EDGE('',*,*,#16589,.F.);
#16589 = EDGE_CURVE('',#12232,#12161,#16590,.T.);
#16590 = LINE('',#16591,#16592);
#16591 = CARTESIAN_POINT('',(2.9,-16.42360624223,0.3));
#16592 = VECTOR('',#16593,1.);
#16593 = DIRECTION('',(0.,1.,2.22044604925E-16));
#16594 = ORIENTED_EDGE('',*,*,#12231,.F.);
#16595 = ORIENTED_EDGE('',*,*,#16573,.F.);
#16596 = PLANE('',#16597);
#16597 = AXIS2_PLACEMENT_3D('',#16598,#16599,#16600);
#16598 = CARTESIAN_POINT('',(4.5,-16.42360624223,0.3));
#16599 = DIRECTION('',(0.,-2.22044604925E-16,1.));
#16600 = DIRECTION('',(-1.,0.,0.));
#16601 = ADVANCED_FACE('',(#16602),#16613,.F.);
#16602 = FACE_BOUND('',#16603,.F.);
#16603 = EDGE_LOOP('',(#16604,#16605,#16611,#16612));
#16604 = ORIENTED_EDGE('',*,*,#12239,.F.);
#16605 = ORIENTED_EDGE('',*,*,#16606,.T.);
#16606 = EDGE_CURVE('',#12240,#12153,#16607,.T.);
#16607 = LINE('',#16608,#16609);
#16608 = CARTESIAN_POINT('',(2.7,-16.42360624223,0.5));
#16609 = VECTOR('',#16610,1.);
#16610 = DIRECTION('',(0.,1.,2.22044604925E-16));
#16611 = ORIENTED_EDGE('',*,*,#12160,.T.);
#16612 = ORIENTED_EDGE('',*,*,#16589,.F.);
#16613 = CYLINDRICAL_SURFACE('',#16614,0.2);
#16614 = AXIS2_PLACEMENT_3D('',#16615,#16616,#16617);
#16615 = CARTESIAN_POINT('',(2.9,-16.42360624223,0.5));
#16616 = DIRECTION('',(0.,-1.,-2.22044604925E-16));
#16617 = DIRECTION('',(1.,0.,0.));
#16618 = ADVANCED_FACE('',(#16619),#16630,.T.);
#16619 = FACE_BOUND('',#16620,.T.);
#16620 = EDGE_LOOP('',(#16621,#16622,#16623,#16629));
#16621 = ORIENTED_EDGE('',*,*,#16606,.T.);
#16622 = ORIENTED_EDGE('',*,*,#12152,.F.);
#16623 = ORIENTED_EDGE('',*,*,#16624,.F.);
#16624 = EDGE_CURVE('',#12249,#12145,#16625,.T.);
#16625 = LINE('',#16626,#16627);
#16626 = CARTESIAN_POINT('',(2.7,-7.086803121118,1.8));
#16627 = VECTOR('',#16628,1.);
#16628 = DIRECTION('',(0.,1.,0.));
#16629 = ORIENTED_EDGE('',*,*,#12248,.F.);
#16630 = PLANE('',#16631);
#16631 = AXIS2_PLACEMENT_3D('',#16632,#16633,#16634);
#16632 = CARTESIAN_POINT('',(2.7,-16.42360624223,0.5));
#16633 = DIRECTION('',(1.,0.,0.));
#16634 = DIRECTION('',(0.,-2.22044604925E-16,1.));
#16635 = ADVANCED_FACE('',(#16636),#16642,.T.);
#16636 = FACE_BOUND('',#16637,.T.);
#16637 = EDGE_LOOP('',(#16638,#16639,#16640,#16641));
#16638 = ORIENTED_EDGE('',*,*,#12256,.F.);
#16639 = ORIENTED_EDGE('',*,*,#16624,.T.);
#16640 = ORIENTED_EDGE('',*,*,#12144,.F.);
#16641 = ORIENTED_EDGE('',*,*,#15685,.F.);
#16642 = PLANE('',#16643);
#16643 = AXIS2_PLACEMENT_3D('',#16644,#16645,#16646);
#16644 = CARTESIAN_POINT('',(2.5,2.25,1.8));
#16645 = DIRECTION('',(0.,0.,1.));
#16646 = DIRECTION('',(1.,0.,-0.));
#16647 = ADVANCED_FACE('',(#16648),#16659,.F.);
#16648 = FACE_BOUND('',#16649,.T.);
#16649 = EDGE_LOOP('',(#16650,#16651,#16652,#16653));
#16650 = ORIENTED_EDGE('',*,*,#12402,.T.);
#16651 = ORIENTED_EDGE('',*,*,#12378,.T.);
#16652 = ORIENTED_EDGE('',*,*,#12304,.T.);
#16653 = ORIENTED_EDGE('',*,*,#16654,.T.);
#16654 = EDGE_CURVE('',#12307,#12403,#16655,.T.);
#16655 = LINE('',#16656,#16657);
#16656 = CARTESIAN_POINT('',(3.4,1.85,4.440892098501E-16));
#16657 = VECTOR('',#16658,1.);
#16658 = DIRECTION('',(0.,-1.,0.));
#16659 = PLANE('',#16660);
#16660 = AXIS2_PLACEMENT_3D('',#16661,#16662,#16663);
#16661 = CARTESIAN_POINT('',(2.5,1.75,4.440892098501E-16));
#16662 = DIRECTION('',(0.,0.,1.));
#16663 = DIRECTION('',(1.,0.,-0.));
#16664 = ADVANCED_FACE('',(#16665),#16676,.T.);
#16665 = FACE_BOUND('',#16666,.T.);
#16666 = EDGE_LOOP('',(#16667,#16668,#16669,#16675));
#16667 = ORIENTED_EDGE('',*,*,#16654,.F.);
#16668 = ORIENTED_EDGE('',*,*,#12364,.T.);
#16669 = ORIENTED_EDGE('',*,*,#16670,.T.);
#16670 = EDGE_CURVE('',#12357,#12411,#16671,.T.);
#16671 = LINE('',#16672,#16673);
#16672 = CARTESIAN_POINT('',(3.4,-7.286803121118,0.3));
#16673 = VECTOR('',#16674,1.);
#16674 = DIRECTION('',(0.,-1.,-2.22044604925E-16));
#16675 = ORIENTED_EDGE('',*,*,#12410,.F.);
#16676 = PLANE('',#16677);
#16677 = AXIS2_PLACEMENT_3D('',#16678,#16679,#16680);
#16678 = CARTESIAN_POINT('',(3.4,1.85,4.440892098501E-16));
#16679 = DIRECTION('',(1.,0.,0.));
#16680 = DIRECTION('',(0.,-1.,0.));
#16681 = ADVANCED_FACE('',(#16682),#16693,.T.);
#16682 = FACE_BOUND('',#16683,.T.);
#16683 = EDGE_LOOP('',(#16684,#16685,#16691,#16692));
#16684 = ORIENTED_EDGE('',*,*,#12356,.F.);
#16685 = ORIENTED_EDGE('',*,*,#16686,.F.);
#16686 = EDGE_CURVE('',#12419,#12348,#16687,.T.);
#16687 = LINE('',#16688,#16689);
#16688 = CARTESIAN_POINT('',(2.9,-16.42360624223,0.3));
#16689 = VECTOR('',#16690,1.);
#16690 = DIRECTION('',(0.,1.,2.22044604925E-16));
#16691 = ORIENTED_EDGE('',*,*,#12418,.F.);
#16692 = ORIENTED_EDGE('',*,*,#16670,.F.);
#16693 = PLANE('',#16694);
#16694 = AXIS2_PLACEMENT_3D('',#16695,#16696,#16697);
#16695 = CARTESIAN_POINT('',(4.5,-16.42360624223,0.3));
#16696 = DIRECTION('',(0.,-2.22044604925E-16,1.));
#16697 = DIRECTION('',(-1.,0.,0.));
#16698 = ADVANCED_FACE('',(#16699),#16710,.F.);
#16699 = FACE_BOUND('',#16700,.F.);
#16700 = EDGE_LOOP('',(#16701,#16702,#16708,#16709));
#16701 = ORIENTED_EDGE('',*,*,#12426,.F.);
#16702 = ORIENTED_EDGE('',*,*,#16703,.T.);
#16703 = EDGE_CURVE('',#12427,#12340,#16704,.T.);
#16704 = LINE('',#16705,#16706);
#16705 = CARTESIAN_POINT('',(2.7,-16.42360624223,0.5));
#16706 = VECTOR('',#16707,1.);
#16707 = DIRECTION('',(0.,1.,2.22044604925E-16));
#16708 = ORIENTED_EDGE('',*,*,#12347,.T.);
#16709 = ORIENTED_EDGE('',*,*,#16686,.F.);
#16710 = CYLINDRICAL_SURFACE('',#16711,0.2);
#16711 = AXIS2_PLACEMENT_3D('',#16712,#16713,#16714);
#16712 = CARTESIAN_POINT('',(2.9,-16.42360624223,0.5));
#16713 = DIRECTION('',(0.,-1.,-2.22044604925E-16));
#16714 = DIRECTION('',(1.,0.,0.));
#16715 = ADVANCED_FACE('',(#16716),#16727,.T.);
#16716 = FACE_BOUND('',#16717,.T.);
#16717 = EDGE_LOOP('',(#16718,#16719,#16720,#16726));
#16718 = ORIENTED_EDGE('',*,*,#16703,.T.);
#16719 = ORIENTED_EDGE('',*,*,#12339,.F.);
#16720 = ORIENTED_EDGE('',*,*,#16721,.F.);
#16721 = EDGE_CURVE('',#12436,#12332,#16722,.T.);
#16722 = LINE('',#16723,#16724);
#16723 = CARTESIAN_POINT('',(2.7,-7.336803121118,1.8));
#16724 = VECTOR('',#16725,1.);
#16725 = DIRECTION('',(0.,1.,0.));
#16726 = ORIENTED_EDGE('',*,*,#12435,.F.);
#16727 = PLANE('',#16728);
#16728 = AXIS2_PLACEMENT_3D('',#16729,#16730,#16731);
#16729 = CARTESIAN_POINT('',(2.7,-16.42360624223,0.5));
#16730 = DIRECTION('',(1.,0.,0.));
#16731 = DIRECTION('',(0.,-2.22044604925E-16,1.));
#16732 = ADVANCED_FACE('',(#16733),#16739,.T.);
#16733 = FACE_BOUND('',#16734,.T.);
#16734 = EDGE_LOOP('',(#16735,#16736,#16737,#16738));
#16735 = ORIENTED_EDGE('',*,*,#12443,.F.);
#16736 = ORIENTED_EDGE('',*,*,#16721,.T.);
#16737 = ORIENTED_EDGE('',*,*,#12331,.F.);
#16738 = ORIENTED_EDGE('',*,*,#15702,.F.);
#16739 = PLANE('',#16740);
#16740 = AXIS2_PLACEMENT_3D('',#16741,#16742,#16743);
#16741 = CARTESIAN_POINT('',(2.5,1.75,1.8));
#16742 = DIRECTION('',(0.,0.,1.));
#16743 = DIRECTION('',(1.,0.,-0.));
#16744 = ADVANCED_FACE('',(#16745),#16756,.F.);
#16745 = FACE_BOUND('',#16746,.T.);
#16746 = EDGE_LOOP('',(#16747,#16748,#16749,#16750));
#16747 = ORIENTED_EDGE('',*,*,#12589,.T.);
#16748 = ORIENTED_EDGE('',*,*,#12565,.T.);
#16749 = ORIENTED_EDGE('',*,*,#12491,.T.);
#16750 = ORIENTED_EDGE('',*,*,#16751,.T.);
#16751 = EDGE_CURVE('',#12494,#12590,#16752,.T.);
#16752 = LINE('',#16753,#16754);
#16753 = CARTESIAN_POINT('',(3.4,1.35,4.996003610813E-16));
#16754 = VECTOR('',#16755,1.);
#16755 = DIRECTION('',(0.,-1.,0.));
#16756 = PLANE('',#16757);
#16757 = AXIS2_PLACEMENT_3D('',#16758,#16759,#16760);
#16758 = CARTESIAN_POINT('',(2.5,1.25,4.996003610813E-16));
#16759 = DIRECTION('',(0.,0.,1.));
#16760 = DIRECTION('',(1.,0.,-0.));
#16761 = ADVANCED_FACE('',(#16762),#16773,.T.);
#16762 = FACE_BOUND('',#16763,.T.);
#16763 = EDGE_LOOP('',(#16764,#16765,#16766,#16772));
#16764 = ORIENTED_EDGE('',*,*,#16751,.F.);
#16765 = ORIENTED_EDGE('',*,*,#12551,.T.);
#16766 = ORIENTED_EDGE('',*,*,#16767,.T.);
#16767 = EDGE_CURVE('',#12544,#12598,#16768,.T.);
#16768 = LINE('',#16769,#16770);
#16769 = CARTESIAN_POINT('',(3.4,-7.536803121118,0.3));
#16770 = VECTOR('',#16771,1.);
#16771 = DIRECTION('',(0.,-1.,-2.22044604925E-16));
#16772 = ORIENTED_EDGE('',*,*,#12597,.F.);
#16773 = PLANE('',#16774);
#16774 = AXIS2_PLACEMENT_3D('',#16775,#16776,#16777);
#16775 = CARTESIAN_POINT('',(3.4,1.35,4.996003610813E-16));
#16776 = DIRECTION('',(1.,0.,0.));
#16777 = DIRECTION('',(0.,-1.,0.));
#16778 = ADVANCED_FACE('',(#16779),#16790,.T.);
#16779 = FACE_BOUND('',#16780,.T.);
#16780 = EDGE_LOOP('',(#16781,#16782,#16788,#16789));
#16781 = ORIENTED_EDGE('',*,*,#12543,.F.);
#16782 = ORIENTED_EDGE('',*,*,#16783,.F.);
#16783 = EDGE_CURVE('',#12606,#12535,#16784,.T.);
#16784 = LINE('',#16785,#16786);
#16785 = CARTESIAN_POINT('',(2.9,-16.42360624223,0.3));
#16786 = VECTOR('',#16787,1.);
#16787 = DIRECTION('',(0.,1.,2.22044604925E-16));
#16788 = ORIENTED_EDGE('',*,*,#12605,.F.);
#16789 = ORIENTED_EDGE('',*,*,#16767,.F.);
#16790 = PLANE('',#16791);
#16791 = AXIS2_PLACEMENT_3D('',#16792,#16793,#16794);
#16792 = CARTESIAN_POINT('',(4.5,-16.42360624223,0.3));
#16793 = DIRECTION('',(0.,-2.22044604925E-16,1.));
#16794 = DIRECTION('',(-1.,0.,0.));
#16795 = ADVANCED_FACE('',(#16796),#16807,.F.);
#16796 = FACE_BOUND('',#16797,.F.);
#16797 = EDGE_LOOP('',(#16798,#16799,#16805,#16806));
#16798 = ORIENTED_EDGE('',*,*,#12613,.F.);
#16799 = ORIENTED_EDGE('',*,*,#16800,.T.);
#16800 = EDGE_CURVE('',#12614,#12527,#16801,.T.);
#16801 = LINE('',#16802,#16803);
#16802 = CARTESIAN_POINT('',(2.7,-16.42360624223,0.5));
#16803 = VECTOR('',#16804,1.);
#16804 = DIRECTION('',(0.,1.,2.22044604925E-16));
#16805 = ORIENTED_EDGE('',*,*,#12534,.T.);
#16806 = ORIENTED_EDGE('',*,*,#16783,.F.);
#16807 = CYLINDRICAL_SURFACE('',#16808,0.2);
#16808 = AXIS2_PLACEMENT_3D('',#16809,#16810,#16811);
#16809 = CARTESIAN_POINT('',(2.9,-16.42360624223,0.5));
#16810 = DIRECTION('',(0.,-1.,-2.22044604925E-16));
#16811 = DIRECTION('',(1.,0.,0.));
#16812 = ADVANCED_FACE('',(#16813),#16824,.T.);
#16813 = FACE_BOUND('',#16814,.T.);
#16814 = EDGE_LOOP('',(#16815,#16816,#16817,#16823));
#16815 = ORIENTED_EDGE('',*,*,#16800,.T.);
#16816 = ORIENTED_EDGE('',*,*,#12526,.F.);
#16817 = ORIENTED_EDGE('',*,*,#16818,.F.);
#16818 = EDGE_CURVE('',#12623,#12519,#16819,.T.);
#16819 = LINE('',#16820,#16821);
#16820 = CARTESIAN_POINT('',(2.7,-7.586803121118,1.8));
#16821 = VECTOR('',#16822,1.);
#16822 = DIRECTION('',(0.,1.,0.));
#16823 = ORIENTED_EDGE('',*,*,#12622,.F.);
#16824 = PLANE('',#16825);
#16825 = AXIS2_PLACEMENT_3D('',#16826,#16827,#16828);
#16826 = CARTESIAN_POINT('',(2.7,-16.42360624223,0.5));
#16827 = DIRECTION('',(1.,0.,0.));
#16828 = DIRECTION('',(0.,-2.22044604925E-16,1.));
#16829 = ADVANCED_FACE('',(#16830),#16836,.T.);
#16830 = FACE_BOUND('',#16831,.T.);
#16831 = EDGE_LOOP('',(#16832,#16833,#16834,#16835));
#16832 = ORIENTED_EDGE('',*,*,#12630,.F.);
#16833 = ORIENTED_EDGE('',*,*,#16818,.T.);
#16834 = ORIENTED_EDGE('',*,*,#12518,.F.);
#16835 = ORIENTED_EDGE('',*,*,#15719,.F.);
#16836 = PLANE('',#16837);
#16837 = AXIS2_PLACEMENT_3D('',#16838,#16839,#16840);
#16838 = CARTESIAN_POINT('',(2.5,1.25,1.8));
#16839 = DIRECTION('',(0.,0.,1.));
#16840 = DIRECTION('',(1.,0.,-0.));
#16841 = ADVANCED_FACE('',(#16842),#16853,.F.);
#16842 = FACE_BOUND('',#16843,.T.);
#16843 = EDGE_LOOP('',(#16844,#16845,#16846,#16847));
#16844 = ORIENTED_EDGE('',*,*,#12776,.T.);
#16845 = ORIENTED_EDGE('',*,*,#12752,.T.);
#16846 = ORIENTED_EDGE('',*,*,#12678,.T.);
#16847 = ORIENTED_EDGE('',*,*,#16848,.T.);
#16848 = EDGE_CURVE('',#12681,#12777,#16849,.T.);
#16849 = LINE('',#16850,#16851);
#16850 = CARTESIAN_POINT('',(3.4,0.85,5.551115123126E-16));
#16851 = VECTOR('',#16852,1.);
#16852 = DIRECTION('',(0.,-1.,0.));
#16853 = PLANE('',#16854);
#16854 = AXIS2_PLACEMENT_3D('',#16855,#16856,#16857);
#16855 = CARTESIAN_POINT('',(2.5,0.75,5.551115123126E-16));
#16856 = DIRECTION('',(0.,0.,1.));
#16857 = DIRECTION('',(1.,0.,-0.));
#16858 = ADVANCED_FACE('',(#16859),#16870,.T.);
#16859 = FACE_BOUND('',#16860,.T.);
#16860 = EDGE_LOOP('',(#16861,#16862,#16863,#16869));
#16861 = ORIENTED_EDGE('',*,*,#16848,.F.);
#16862 = ORIENTED_EDGE('',*,*,#12738,.T.);
#16863 = ORIENTED_EDGE('',*,*,#16864,.T.);
#16864 = EDGE_CURVE('',#12731,#12785,#16865,.T.);
#16865 = LINE('',#16866,#16867);
#16866 = CARTESIAN_POINT('',(3.4,-7.786803121118,0.3));
#16867 = VECTOR('',#16868,1.);
#16868 = DIRECTION('',(0.,-1.,-2.22044604925E-16));
#16869 = ORIENTED_EDGE('',*,*,#12784,.F.);
#16870 = PLANE('',#16871);
#16871 = AXIS2_PLACEMENT_3D('',#16872,#16873,#16874);
#16872 = CARTESIAN_POINT('',(3.4,0.85,5.551115123126E-16));
#16873 = DIRECTION('',(1.,0.,0.));
#16874 = DIRECTION('',(0.,-1.,0.));
#16875 = ADVANCED_FACE('',(#16876),#16887,.T.);
#16876 = FACE_BOUND('',#16877,.T.);
#16877 = EDGE_LOOP('',(#16878,#16879,#16885,#16886));
#16878 = ORIENTED_EDGE('',*,*,#12730,.F.);
#16879 = ORIENTED_EDGE('',*,*,#16880,.F.);
#16880 = EDGE_CURVE('',#12793,#12722,#16881,.T.);
#16881 = LINE('',#16882,#16883);
#16882 = CARTESIAN_POINT('',(2.9,-16.42360624223,0.3));
#16883 = VECTOR('',#16884,1.);
#16884 = DIRECTION('',(0.,1.,2.22044604925E-16));
#16885 = ORIENTED_EDGE('',*,*,#12792,.F.);
#16886 = ORIENTED_EDGE('',*,*,#16864,.F.);
#16887 = PLANE('',#16888);
#16888 = AXIS2_PLACEMENT_3D('',#16889,#16890,#16891);
#16889 = CARTESIAN_POINT('',(4.5,-16.42360624223,0.3));
#16890 = DIRECTION('',(0.,-2.22044604925E-16,1.));
#16891 = DIRECTION('',(-1.,0.,0.));
#16892 = ADVANCED_FACE('',(#16893),#16904,.F.);
#16893 = FACE_BOUND('',#16894,.F.);
#16894 = EDGE_LOOP('',(#16895,#16896,#16902,#16903));
#16895 = ORIENTED_EDGE('',*,*,#12800,.F.);
#16896 = ORIENTED_EDGE('',*,*,#16897,.T.);
#16897 = EDGE_CURVE('',#12801,#12714,#16898,.T.);
#16898 = LINE('',#16899,#16900);
#16899 = CARTESIAN_POINT('',(2.7,-16.42360624223,0.5));
#16900 = VECTOR('',#16901,1.);
#16901 = DIRECTION('',(0.,1.,2.22044604925E-16));
#16902 = ORIENTED_EDGE('',*,*,#12721,.T.);
#16903 = ORIENTED_EDGE('',*,*,#16880,.F.);
#16904 = CYLINDRICAL_SURFACE('',#16905,0.2);
#16905 = AXIS2_PLACEMENT_3D('',#16906,#16907,#16908);
#16906 = CARTESIAN_POINT('',(2.9,-16.42360624223,0.5));
#16907 = DIRECTION('',(0.,-1.,-2.22044604925E-16));
#16908 = DIRECTION('',(1.,0.,0.));
#16909 = ADVANCED_FACE('',(#16910),#16921,.T.);
#16910 = FACE_BOUND('',#16911,.T.);
#16911 = EDGE_LOOP('',(#16912,#16913,#16914,#16920));
#16912 = ORIENTED_EDGE('',*,*,#16897,.T.);
#16913 = ORIENTED_EDGE('',*,*,#12713,.F.);
#16914 = ORIENTED_EDGE('',*,*,#16915,.F.);
#16915 = EDGE_CURVE('',#12810,#12706,#16916,.T.);
#16916 = LINE('',#16917,#16918);
#16917 = CARTESIAN_POINT('',(2.7,-7.836803121118,1.8));
#16918 = VECTOR('',#16919,1.);
#16919 = DIRECTION('',(0.,1.,0.));
#16920 = ORIENTED_EDGE('',*,*,#12809,.F.);
#16921 = PLANE('',#16922);
#16922 = AXIS2_PLACEMENT_3D('',#16923,#16924,#16925);
#16923 = CARTESIAN_POINT('',(2.7,-16.42360624223,0.5));
#16924 = DIRECTION('',(1.,0.,0.));
#16925 = DIRECTION('',(0.,-2.22044604925E-16,1.));
#16926 = ADVANCED_FACE('',(#16927),#16933,.T.);
#16927 = FACE_BOUND('',#16928,.T.);
#16928 = EDGE_LOOP('',(#16929,#16930,#16931,#16932));
#16929 = ORIENTED_EDGE('',*,*,#12817,.F.);
#16930 = ORIENTED_EDGE('',*,*,#16915,.T.);
#16931 = ORIENTED_EDGE('',*,*,#12705,.F.);
#16932 = ORIENTED_EDGE('',*,*,#15736,.F.);
#16933 = PLANE('',#16934);
#16934 = AXIS2_PLACEMENT_3D('',#16935,#16936,#16937);
#16935 = CARTESIAN_POINT('',(2.5,0.75,1.8));
#16936 = DIRECTION('',(0.,0.,1.));
#16937 = DIRECTION('',(1.,0.,-0.));
#16938 = ADVANCED_FACE('',(#16939),#16950,.F.);
#16939 = FACE_BOUND('',#16940,.T.);
#16940 = EDGE_LOOP('',(#16941,#16942,#16943,#16944));
#16941 = ORIENTED_EDGE('',*,*,#12963,.T.);
#16942 = ORIENTED_EDGE('',*,*,#12939,.T.);
#16943 = ORIENTED_EDGE('',*,*,#12865,.T.);
#16944 = ORIENTED_EDGE('',*,*,#16945,.T.);
#16945 = EDGE_CURVE('',#12868,#12964,#16946,.T.);
#16946 = LINE('',#16947,#16948);
#16947 = CARTESIAN_POINT('',(3.4,0.35,6.106226635438E-16));
#16948 = VECTOR('',#16949,1.);
#16949 = DIRECTION('',(0.,-1.,0.));
#16950 = PLANE('',#16951);
#16951 = AXIS2_PLACEMENT_3D('',#16952,#16953,#16954);
#16952 = CARTESIAN_POINT('',(2.5,0.25,6.106226635438E-16));
#16953 = DIRECTION('',(0.,0.,1.));
#16954 = DIRECTION('',(1.,0.,-0.));
#16955 = ADVANCED_FACE('',(#16956),#16967,.T.);
#16956 = FACE_BOUND('',#16957,.T.);
#16957 = EDGE_LOOP('',(#16958,#16959,#16960,#16966));
#16958 = ORIENTED_EDGE('',*,*,#16945,.F.);
#16959 = ORIENTED_EDGE('',*,*,#12925,.T.);
#16960 = ORIENTED_EDGE('',*,*,#16961,.T.);
#16961 = EDGE_CURVE('',#12918,#12972,#16962,.T.);
#16962 = LINE('',#16963,#16964);
#16963 = CARTESIAN_POINT('',(3.4,-8.036803121118,0.3));
#16964 = VECTOR('',#16965,1.);
#16965 = DIRECTION('',(0.,-1.,-2.22044604925E-16));
#16966 = ORIENTED_EDGE('',*,*,#12971,.F.);
#16967 = PLANE('',#16968);
#16968 = AXIS2_PLACEMENT_3D('',#16969,#16970,#16971);
#16969 = CARTESIAN_POINT('',(3.4,0.35,6.106226635438E-16));
#16970 = DIRECTION('',(1.,0.,0.));
#16971 = DIRECTION('',(0.,-1.,0.));
#16972 = ADVANCED_FACE('',(#16973),#16984,.T.);
#16973 = FACE_BOUND('',#16974,.T.);
#16974 = EDGE_LOOP('',(#16975,#16976,#16982,#16983));
#16975 = ORIENTED_EDGE('',*,*,#12917,.F.);
#16976 = ORIENTED_EDGE('',*,*,#16977,.F.);
#16977 = EDGE_CURVE('',#12980,#12909,#16978,.T.);
#16978 = LINE('',#16979,#16980);
#16979 = CARTESIAN_POINT('',(2.9,-16.42360624223,0.3));
#16980 = VECTOR('',#16981,1.);
#16981 = DIRECTION('',(0.,1.,2.22044604925E-16));
#16982 = ORIENTED_EDGE('',*,*,#12979,.F.);
#16983 = ORIENTED_EDGE('',*,*,#16961,.F.);
#16984 = PLANE('',#16985);
#16985 = AXIS2_PLACEMENT_3D('',#16986,#16987,#16988);
#16986 = CARTESIAN_POINT('',(4.5,-16.42360624223,0.3));
#16987 = DIRECTION('',(0.,-2.22044604925E-16,1.));
#16988 = DIRECTION('',(-1.,0.,0.));
#16989 = ADVANCED_FACE('',(#16990),#17001,.F.);
#16990 = FACE_BOUND('',#16991,.F.);
#16991 = EDGE_LOOP('',(#16992,#16993,#16999,#17000));
#16992 = ORIENTED_EDGE('',*,*,#12987,.F.);
#16993 = ORIENTED_EDGE('',*,*,#16994,.T.);
#16994 = EDGE_CURVE('',#12988,#12901,#16995,.T.);
#16995 = LINE('',#16996,#16997);
#16996 = CARTESIAN_POINT('',(2.7,-16.42360624223,0.5));
#16997 = VECTOR('',#16998,1.);
#16998 = DIRECTION('',(0.,1.,2.22044604925E-16));
#16999 = ORIENTED_EDGE('',*,*,#12908,.T.);
#17000 = ORIENTED_EDGE('',*,*,#16977,.F.);
#17001 = CYLINDRICAL_SURFACE('',#17002,0.2);
#17002 = AXIS2_PLACEMENT_3D('',#17003,#17004,#17005);
#17003 = CARTESIAN_POINT('',(2.9,-16.42360624223,0.5));
#17004 = DIRECTION('',(0.,-1.,-2.22044604925E-16));
#17005 = DIRECTION('',(1.,0.,0.));
#17006 = ADVANCED_FACE('',(#17007),#17018,.T.);
#17007 = FACE_BOUND('',#17008,.T.);
#17008 = EDGE_LOOP('',(#17009,#17010,#17011,#17012));
#17009 = ORIENTED_EDGE('',*,*,#12996,.F.);
#17010 = ORIENTED_EDGE('',*,*,#16994,.T.);
#17011 = ORIENTED_EDGE('',*,*,#12900,.F.);
#17012 = ORIENTED_EDGE('',*,*,#17013,.F.);
#17013 = EDGE_CURVE('',#12997,#12893,#17014,.T.);
#17014 = LINE('',#17015,#17016);
#17015 = CARTESIAN_POINT('',(2.7,-8.086803121118,1.8));
#17016 = VECTOR('',#17017,1.);
#17017 = DIRECTION('',(0.,1.,0.));
#17018 = PLANE('',#17019);
#17019 = AXIS2_PLACEMENT_3D('',#17020,#17021,#17022);
#17020 = CARTESIAN_POINT('',(2.7,-16.42360624223,0.5));
#17021 = DIRECTION('',(1.,0.,0.));
#17022 = DIRECTION('',(0.,-2.22044604925E-16,1.));
#17023 = ADVANCED_FACE('',(#17024),#17030,.T.);
#17024 = FACE_BOUND('',#17025,.T.);
#17025 = EDGE_LOOP('',(#17026,#17027,#17028,#17029));
#17026 = ORIENTED_EDGE('',*,*,#13004,.F.);
#17027 = ORIENTED_EDGE('',*,*,#17013,.T.);
#17028 = ORIENTED_EDGE('',*,*,#12892,.F.);
#17029 = ORIENTED_EDGE('',*,*,#15753,.F.);
#17030 = PLANE('',#17031);
#17031 = AXIS2_PLACEMENT_3D('',#17032,#17033,#17034);
#17032 = CARTESIAN_POINT('',(2.5,0.25,1.8));
#17033 = DIRECTION('',(0.,0.,1.));
#17034 = DIRECTION('',(1.,0.,-0.));
#17035 = ADVANCED_FACE('',(#17036),#17047,.F.);
#17036 = FACE_BOUND('',#17037,.T.);
#17037 = EDGE_LOOP('',(#17038,#17039,#17040,#17041));
#17038 = ORIENTED_EDGE('',*,*,#13150,.T.);
#17039 = ORIENTED_EDGE('',*,*,#13126,.T.);
#17040 = ORIENTED_EDGE('',*,*,#13052,.T.);
#17041 = ORIENTED_EDGE('',*,*,#17042,.T.);
#17042 = EDGE_CURVE('',#13055,#13151,#17043,.T.);
#17043 = LINE('',#17044,#17045);
#17044 = CARTESIAN_POINT('',(3.4,-0.15,6.661338147751E-16));
#17045 = VECTOR('',#17046,1.);
#17046 = DIRECTION('',(0.,-1.,0.));
#17047 = PLANE('',#17048);
#17048 = AXIS2_PLACEMENT_3D('',#17049,#17050,#17051);
#17049 = CARTESIAN_POINT('',(2.5,-0.25,6.661338147751E-16));
#17050 = DIRECTION('',(0.,0.,1.));
#17051 = DIRECTION('',(1.,0.,-0.));
#17052 = ADVANCED_FACE('',(#17053),#17064,.T.);
#17053 = FACE_BOUND('',#17054,.T.);
#17054 = EDGE_LOOP('',(#17055,#17056,#17057,#17063));
#17055 = ORIENTED_EDGE('',*,*,#17042,.F.);
#17056 = ORIENTED_EDGE('',*,*,#13112,.T.);
#17057 = ORIENTED_EDGE('',*,*,#17058,.T.);
#17058 = EDGE_CURVE('',#13105,#13159,#17059,.T.);
#17059 = LINE('',#17060,#17061);
#17060 = CARTESIAN_POINT('',(3.4,-8.286803121118,0.3));
#17061 = VECTOR('',#17062,1.);
#17062 = DIRECTION('',(0.,-1.,-2.22044604925E-16));
#17063 = ORIENTED_EDGE('',*,*,#13158,.F.);
#17064 = PLANE('',#17065);
#17065 = AXIS2_PLACEMENT_3D('',#17066,#17067,#17068);
#17066 = CARTESIAN_POINT('',(3.4,-0.15,6.661338147751E-16));
#17067 = DIRECTION('',(1.,0.,0.));
#17068 = DIRECTION('',(0.,-1.,0.));
#17069 = ADVANCED_FACE('',(#17070),#17081,.T.);
#17070 = FACE_BOUND('',#17071,.T.);
#17071 = EDGE_LOOP('',(#17072,#17078,#17079,#17080));
#17072 = ORIENTED_EDGE('',*,*,#17073,.F.);
#17073 = EDGE_CURVE('',#13167,#13096,#17074,.T.);
#17074 = LINE('',#17075,#17076);
#17075 = CARTESIAN_POINT('',(2.9,-16.42360624223,0.3));
#17076 = VECTOR('',#17077,1.);
#17077 = DIRECTION('',(0.,1.,2.22044604925E-16));
#17078 = ORIENTED_EDGE('',*,*,#13166,.F.);
#17079 = ORIENTED_EDGE('',*,*,#17058,.F.);
#17080 = ORIENTED_EDGE('',*,*,#13104,.F.);
#17081 = PLANE('',#17082);
#17082 = AXIS2_PLACEMENT_3D('',#17083,#17084,#17085);
#17083 = CARTESIAN_POINT('',(4.5,-16.42360624223,0.3));
#17084 = DIRECTION('',(0.,-2.22044604925E-16,1.));
#17085 = DIRECTION('',(-1.,0.,0.));
#17086 = ADVANCED_FACE('',(#17087),#17098,.F.);
#17087 = FACE_BOUND('',#17088,.F.);
#17088 = EDGE_LOOP('',(#17089,#17090,#17096,#17097));
#17089 = ORIENTED_EDGE('',*,*,#13174,.F.);
#17090 = ORIENTED_EDGE('',*,*,#17091,.T.);
#17091 = EDGE_CURVE('',#13175,#13088,#17092,.T.);
#17092 = LINE('',#17093,#17094);
#17093 = CARTESIAN_POINT('',(2.7,-16.42360624223,0.5));
#17094 = VECTOR('',#17095,1.);
#17095 = DIRECTION('',(0.,1.,2.22044604925E-16));
#17096 = ORIENTED_EDGE('',*,*,#13095,.T.);
#17097 = ORIENTED_EDGE('',*,*,#17073,.F.);
#17098 = CYLINDRICAL_SURFACE('',#17099,0.2);
#17099 = AXIS2_PLACEMENT_3D('',#17100,#17101,#17102);
#17100 = CARTESIAN_POINT('',(2.9,-16.42360624223,0.5));
#17101 = DIRECTION('',(0.,-1.,-2.22044604925E-16));
#17102 = DIRECTION('',(1.,0.,0.));
#17103 = ADVANCED_FACE('',(#17104),#17115,.T.);
#17104 = FACE_BOUND('',#17105,.T.);
#17105 = EDGE_LOOP('',(#17106,#17107,#17108,#17109));
#17106 = ORIENTED_EDGE('',*,*,#13183,.F.);
#17107 = ORIENTED_EDGE('',*,*,#17091,.T.);
#17108 = ORIENTED_EDGE('',*,*,#13087,.F.);
#17109 = ORIENTED_EDGE('',*,*,#17110,.F.);
#17110 = EDGE_CURVE('',#13184,#13080,#17111,.T.);
#17111 = LINE('',#17112,#17113);
#17112 = CARTESIAN_POINT('',(2.7,-8.336803121118,1.8));
#17113 = VECTOR('',#17114,1.);
#17114 = DIRECTION('',(0.,1.,0.));
#17115 = PLANE('',#17116);
#17116 = AXIS2_PLACEMENT_3D('',#17117,#17118,#17119);
#17117 = CARTESIAN_POINT('',(2.7,-16.42360624223,0.5));
#17118 = DIRECTION('',(1.,0.,0.));
#17119 = DIRECTION('',(0.,-2.22044604925E-16,1.));
#17120 = ADVANCED_FACE('',(#17121),#17127,.T.);
#17121 = FACE_BOUND('',#17122,.T.);
#17122 = EDGE_LOOP('',(#17123,#17124,#17125,#17126));
#17123 = ORIENTED_EDGE('',*,*,#13191,.F.);
#17124 = ORIENTED_EDGE('',*,*,#17110,.T.);
#17125 = ORIENTED_EDGE('',*,*,#13079,.F.);
#17126 = ORIENTED_EDGE('',*,*,#15770,.F.);
#17127 = PLANE('',#17128);
#17128 = AXIS2_PLACEMENT_3D('',#17129,#17130,#17131);
#17129 = CARTESIAN_POINT('',(2.5,-0.25,1.8));
#17130 = DIRECTION('',(0.,0.,1.));
#17131 = DIRECTION('',(1.,0.,-0.));
#17132 = ADVANCED_FACE('',(#17133),#17144,.F.);
#17133 = FACE_BOUND('',#17134,.T.);
#17134 = EDGE_LOOP('',(#17135,#17136,#17137,#17138));
#17135 = ORIENTED_EDGE('',*,*,#13337,.T.);
#17136 = ORIENTED_EDGE('',*,*,#13313,.T.);
#17137 = ORIENTED_EDGE('',*,*,#13239,.T.);
#17138 = ORIENTED_EDGE('',*,*,#17139,.T.);
#17139 = EDGE_CURVE('',#13242,#13338,#17140,.T.);
#17140 = LINE('',#17141,#17142);
#17141 = CARTESIAN_POINT('',(3.4,-0.65,7.216449660064E-16));
#17142 = VECTOR('',#17143,1.);
#17143 = DIRECTION('',(0.,-1.,0.));
#17144 = PLANE('',#17145);
#17145 = AXIS2_PLACEMENT_3D('',#17146,#17147,#17148);
#17146 = CARTESIAN_POINT('',(2.5,-0.75,7.216449660064E-16));
#17147 = DIRECTION('',(0.,0.,1.));
#17148 = DIRECTION('',(1.,0.,-0.));
#17149 = ADVANCED_FACE('',(#17150),#17161,.T.);
#17150 = FACE_BOUND('',#17151,.T.);
#17151 = EDGE_LOOP('',(#17152,#17153,#17154,#17160));
#17152 = ORIENTED_EDGE('',*,*,#17139,.F.);
#17153 = ORIENTED_EDGE('',*,*,#13299,.T.);
#17154 = ORIENTED_EDGE('',*,*,#17155,.T.);
#17155 = EDGE_CURVE('',#13292,#13346,#17156,.T.);
#17156 = LINE('',#17157,#17158);
#17157 = CARTESIAN_POINT('',(3.4,-8.536803121118,0.3));
#17158 = VECTOR('',#17159,1.);
#17159 = DIRECTION('',(0.,-1.,-2.22044604925E-16));
#17160 = ORIENTED_EDGE('',*,*,#13345,.F.);
#17161 = PLANE('',#17162);
#17162 = AXIS2_PLACEMENT_3D('',#17163,#17164,#17165);
#17163 = CARTESIAN_POINT('',(3.4,-0.65,7.216449660064E-16));
#17164 = DIRECTION('',(1.,0.,0.));
#17165 = DIRECTION('',(0.,-1.,0.));
#17166 = ADVANCED_FACE('',(#17167),#17178,.T.);
#17167 = FACE_BOUND('',#17168,.T.);
#17168 = EDGE_LOOP('',(#17169,#17175,#17176,#17177));
#17169 = ORIENTED_EDGE('',*,*,#17170,.F.);
#17170 = EDGE_CURVE('',#13354,#13283,#17171,.T.);
#17171 = LINE('',#17172,#17173);
#17172 = CARTESIAN_POINT('',(2.9,-16.42360624223,0.3));
#17173 = VECTOR('',#17174,1.);
#17174 = DIRECTION('',(0.,1.,2.22044604925E-16));
#17175 = ORIENTED_EDGE('',*,*,#13353,.F.);
#17176 = ORIENTED_EDGE('',*,*,#17155,.F.);
#17177 = ORIENTED_EDGE('',*,*,#13291,.F.);
#17178 = PLANE('',#17179);
#17179 = AXIS2_PLACEMENT_3D('',#17180,#17181,#17182);
#17180 = CARTESIAN_POINT('',(4.5,-16.42360624223,0.3));
#17181 = DIRECTION('',(0.,-2.22044604925E-16,1.));
#17182 = DIRECTION('',(-1.,0.,0.));
#17183 = ADVANCED_FACE('',(#17184),#17195,.F.);
#17184 = FACE_BOUND('',#17185,.F.);
#17185 = EDGE_LOOP('',(#17186,#17187,#17193,#17194));
#17186 = ORIENTED_EDGE('',*,*,#13361,.F.);
#17187 = ORIENTED_EDGE('',*,*,#17188,.T.);
#17188 = EDGE_CURVE('',#13362,#13275,#17189,.T.);
#17189 = LINE('',#17190,#17191);
#17190 = CARTESIAN_POINT('',(2.7,-16.42360624223,0.5));
#17191 = VECTOR('',#17192,1.);
#17192 = DIRECTION('',(0.,1.,2.22044604925E-16));
#17193 = ORIENTED_EDGE('',*,*,#13282,.T.);
#17194 = ORIENTED_EDGE('',*,*,#17170,.F.);
#17195 = CYLINDRICAL_SURFACE('',#17196,0.2);
#17196 = AXIS2_PLACEMENT_3D('',#17197,#17198,#17199);
#17197 = CARTESIAN_POINT('',(2.9,-16.42360624223,0.5));
#17198 = DIRECTION('',(0.,-1.,-2.22044604925E-16));
#17199 = DIRECTION('',(1.,0.,0.));
#17200 = ADVANCED_FACE('',(#17201),#17212,.T.);
#17201 = FACE_BOUND('',#17202,.T.);
#17202 = EDGE_LOOP('',(#17203,#17204,#17205,#17206));
#17203 = ORIENTED_EDGE('',*,*,#13370,.F.);
#17204 = ORIENTED_EDGE('',*,*,#17188,.T.);
#17205 = ORIENTED_EDGE('',*,*,#13274,.F.);
#17206 = ORIENTED_EDGE('',*,*,#17207,.F.);
#17207 = EDGE_CURVE('',#13371,#13267,#17208,.T.);
#17208 = LINE('',#17209,#17210);
#17209 = CARTESIAN_POINT('',(2.7,-8.586803121118,1.8));
#17210 = VECTOR('',#17211,1.);
#17211 = DIRECTION('',(0.,1.,0.));
#17212 = PLANE('',#17213);
#17213 = AXIS2_PLACEMENT_3D('',#17214,#17215,#17216);
#17214 = CARTESIAN_POINT('',(2.7,-16.42360624223,0.5));
#17215 = DIRECTION('',(1.,0.,0.));
#17216 = DIRECTION('',(0.,-2.22044604925E-16,1.));
#17217 = ADVANCED_FACE('',(#17218),#17224,.T.);
#17218 = FACE_BOUND('',#17219,.T.);
#17219 = EDGE_LOOP('',(#17220,#17221,#17222,#17223));
#17220 = ORIENTED_EDGE('',*,*,#13378,.F.);
#17221 = ORIENTED_EDGE('',*,*,#17207,.T.);
#17222 = ORIENTED_EDGE('',*,*,#13266,.F.);
#17223 = ORIENTED_EDGE('',*,*,#15787,.F.);
#17224 = PLANE('',#17225);
#17225 = AXIS2_PLACEMENT_3D('',#17226,#17227,#17228);
#17226 = CARTESIAN_POINT('',(2.5,-0.75,1.8));
#17227 = DIRECTION('',(0.,0.,1.));
#17228 = DIRECTION('',(1.,0.,-0.));
#17229 = ADVANCED_FACE('',(#17230),#17241,.F.);
#17230 = FACE_BOUND('',#17231,.T.);
#17231 = EDGE_LOOP('',(#17232,#17233,#17234,#17235));
#17232 = ORIENTED_EDGE('',*,*,#13524,.T.);
#17233 = ORIENTED_EDGE('',*,*,#13500,.T.);
#17234 = ORIENTED_EDGE('',*,*,#13426,.T.);
#17235 = ORIENTED_EDGE('',*,*,#17236,.T.);
#17236 = EDGE_CURVE('',#13429,#13525,#17237,.T.);
#17237 = LINE('',#17238,#17239);
#17238 = CARTESIAN_POINT('',(3.4,-1.15,7.771561172376E-16));
#17239 = VECTOR('',#17240,1.);
#17240 = DIRECTION('',(0.,-1.,0.));
#17241 = PLANE('',#17242);
#17242 = AXIS2_PLACEMENT_3D('',#17243,#17244,#17245);
#17243 = CARTESIAN_POINT('',(2.5,-1.25,7.771561172376E-16));
#17244 = DIRECTION('',(0.,0.,1.));
#17245 = DIRECTION('',(1.,0.,-0.));
#17246 = ADVANCED_FACE('',(#17247),#17258,.T.);
#17247 = FACE_BOUND('',#17248,.T.);
#17248 = EDGE_LOOP('',(#17249,#17250,#17251,#17257));
#17249 = ORIENTED_EDGE('',*,*,#17236,.F.);
#17250 = ORIENTED_EDGE('',*,*,#13486,.T.);
#17251 = ORIENTED_EDGE('',*,*,#17252,.T.);
#17252 = EDGE_CURVE('',#13479,#13533,#17253,.T.);
#17253 = LINE('',#17254,#17255);
#17254 = CARTESIAN_POINT('',(3.4,-8.786803121118,0.3));
#17255 = VECTOR('',#17256,1.);
#17256 = DIRECTION('',(0.,-1.,-2.22044604925E-16));
#17257 = ORIENTED_EDGE('',*,*,#13532,.F.);
#17258 = PLANE('',#17259);
#17259 = AXIS2_PLACEMENT_3D('',#17260,#17261,#17262);
#17260 = CARTESIAN_POINT('',(3.4,-1.15,7.771561172376E-16));
#17261 = DIRECTION('',(1.,0.,0.));
#17262 = DIRECTION('',(0.,-1.,0.));
#17263 = ADVANCED_FACE('',(#17264),#17275,.T.);
#17264 = FACE_BOUND('',#17265,.T.);
#17265 = EDGE_LOOP('',(#17266,#17272,#17273,#17274));
#17266 = ORIENTED_EDGE('',*,*,#17267,.F.);
#17267 = EDGE_CURVE('',#13541,#13470,#17268,.T.);
#17268 = LINE('',#17269,#17270);
#17269 = CARTESIAN_POINT('',(2.9,-16.42360624223,0.3));
#17270 = VECTOR('',#17271,1.);
#17271 = DIRECTION('',(0.,1.,2.22044604925E-16));
#17272 = ORIENTED_EDGE('',*,*,#13540,.F.);
#17273 = ORIENTED_EDGE('',*,*,#17252,.F.);
#17274 = ORIENTED_EDGE('',*,*,#13478,.F.);
#17275 = PLANE('',#17276);
#17276 = AXIS2_PLACEMENT_3D('',#17277,#17278,#17279);
#17277 = CARTESIAN_POINT('',(4.5,-16.42360624223,0.3));
#17278 = DIRECTION('',(0.,-2.22044604925E-16,1.));
#17279 = DIRECTION('',(-1.,0.,0.));
#17280 = ADVANCED_FACE('',(#17281),#17292,.F.);
#17281 = FACE_BOUND('',#17282,.F.);
#17282 = EDGE_LOOP('',(#17283,#17284,#17290,#17291));
#17283 = ORIENTED_EDGE('',*,*,#13548,.F.);
#17284 = ORIENTED_EDGE('',*,*,#17285,.T.);
#17285 = EDGE_CURVE('',#13549,#13462,#17286,.T.);
#17286 = LINE('',#17287,#17288);
#17287 = CARTESIAN_POINT('',(2.7,-16.42360624223,0.5));
#17288 = VECTOR('',#17289,1.);
#17289 = DIRECTION('',(0.,1.,2.22044604925E-16));
#17290 = ORIENTED_EDGE('',*,*,#13469,.T.);
#17291 = ORIENTED_EDGE('',*,*,#17267,.F.);
#17292 = CYLINDRICAL_SURFACE('',#17293,0.2);
#17293 = AXIS2_PLACEMENT_3D('',#17294,#17295,#17296);
#17294 = CARTESIAN_POINT('',(2.9,-16.42360624223,0.5));
#17295 = DIRECTION('',(0.,-1.,-2.22044604925E-16));
#17296 = DIRECTION('',(1.,0.,0.));
#17297 = ADVANCED_FACE('',(#17298),#17309,.T.);
#17298 = FACE_BOUND('',#17299,.T.);
#17299 = EDGE_LOOP('',(#17300,#17301,#17302,#17303));
#17300 = ORIENTED_EDGE('',*,*,#13557,.F.);
#17301 = ORIENTED_EDGE('',*,*,#17285,.T.);
#17302 = ORIENTED_EDGE('',*,*,#13461,.F.);
#17303 = ORIENTED_EDGE('',*,*,#17304,.F.);
#17304 = EDGE_CURVE('',#13558,#13454,#17305,.T.);
#17305 = LINE('',#17306,#17307);
#17306 = CARTESIAN_POINT('',(2.7,-8.836803121118,1.8));
#17307 = VECTOR('',#17308,1.);
#17308 = DIRECTION('',(0.,1.,0.));
#17309 = PLANE('',#17310);
#17310 = AXIS2_PLACEMENT_3D('',#17311,#17312,#17313);
#17311 = CARTESIAN_POINT('',(2.7,-16.42360624223,0.5));
#17312 = DIRECTION('',(1.,0.,0.));
#17313 = DIRECTION('',(0.,-2.22044604925E-16,1.));
#17314 = ADVANCED_FACE('',(#17315),#17321,.T.);
#17315 = FACE_BOUND('',#17316,.T.);
#17316 = EDGE_LOOP('',(#17317,#17318,#17319,#17320));
#17317 = ORIENTED_EDGE('',*,*,#13565,.F.);
#17318 = ORIENTED_EDGE('',*,*,#17304,.T.);
#17319 = ORIENTED_EDGE('',*,*,#13453,.F.);
#17320 = ORIENTED_EDGE('',*,*,#15804,.F.);
#17321 = PLANE('',#17322);
#17322 = AXIS2_PLACEMENT_3D('',#17323,#17324,#17325);
#17323 = CARTESIAN_POINT('',(2.5,-1.25,1.8));
#17324 = DIRECTION('',(0.,0.,1.));
#17325 = DIRECTION('',(1.,0.,-0.));
#17326 = ADVANCED_FACE('',(#17327),#17338,.F.);
#17327 = FACE_BOUND('',#17328,.T.);
#17328 = EDGE_LOOP('',(#17329,#17330,#17331,#17332));
#17329 = ORIENTED_EDGE('',*,*,#13711,.T.);
#17330 = ORIENTED_EDGE('',*,*,#13687,.T.);
#17331 = ORIENTED_EDGE('',*,*,#13613,.T.);
#17332 = ORIENTED_EDGE('',*,*,#17333,.T.);
#17333 = EDGE_CURVE('',#13616,#13712,#17334,.T.);
#17334 = LINE('',#17335,#17336);
#17335 = CARTESIAN_POINT('',(3.4,-1.65,8.326672684689E-16));
#17336 = VECTOR('',#17337,1.);
#17337 = DIRECTION('',(0.,-1.,0.));
#17338 = PLANE('',#17339);
#17339 = AXIS2_PLACEMENT_3D('',#17340,#17341,#17342);
#17340 = CARTESIAN_POINT('',(2.5,-1.75,8.326672684689E-16));
#17341 = DIRECTION('',(0.,0.,1.));
#17342 = DIRECTION('',(1.,0.,-0.));
#17343 = ADVANCED_FACE('',(#17344),#17355,.T.);
#17344 = FACE_BOUND('',#17345,.T.);
#17345 = EDGE_LOOP('',(#17346,#17347,#17348,#17354));
#17346 = ORIENTED_EDGE('',*,*,#17333,.F.);
#17347 = ORIENTED_EDGE('',*,*,#13673,.T.);
#17348 = ORIENTED_EDGE('',*,*,#17349,.T.);
#17349 = EDGE_CURVE('',#13666,#13720,#17350,.T.);
#17350 = LINE('',#17351,#17352);
#17351 = CARTESIAN_POINT('',(3.4,-9.036803121118,0.3));
#17352 = VECTOR('',#17353,1.);
#17353 = DIRECTION('',(0.,-1.,-2.22044604925E-16));
#17354 = ORIENTED_EDGE('',*,*,#13719,.F.);
#17355 = PLANE('',#17356);
#17356 = AXIS2_PLACEMENT_3D('',#17357,#17358,#17359);
#17357 = CARTESIAN_POINT('',(3.4,-1.65,8.326672684689E-16));
#17358 = DIRECTION('',(1.,0.,0.));
#17359 = DIRECTION('',(0.,-1.,0.));
#17360 = ADVANCED_FACE('',(#17361),#17372,.T.);
#17361 = FACE_BOUND('',#17362,.T.);
#17362 = EDGE_LOOP('',(#17363,#17369,#17370,#17371));
#17363 = ORIENTED_EDGE('',*,*,#17364,.F.);
#17364 = EDGE_CURVE('',#13728,#13657,#17365,.T.);
#17365 = LINE('',#17366,#17367);
#17366 = CARTESIAN_POINT('',(2.9,-16.42360624223,0.3));
#17367 = VECTOR('',#17368,1.);
#17368 = DIRECTION('',(0.,1.,2.22044604925E-16));
#17369 = ORIENTED_EDGE('',*,*,#13727,.F.);
#17370 = ORIENTED_EDGE('',*,*,#17349,.F.);
#17371 = ORIENTED_EDGE('',*,*,#13665,.F.);
#17372 = PLANE('',#17373);
#17373 = AXIS2_PLACEMENT_3D('',#17374,#17375,#17376);
#17374 = CARTESIAN_POINT('',(4.5,-16.42360624223,0.3));
#17375 = DIRECTION('',(0.,-2.22044604925E-16,1.));
#17376 = DIRECTION('',(-1.,0.,0.));
#17377 = ADVANCED_FACE('',(#17378),#17389,.F.);
#17378 = FACE_BOUND('',#17379,.F.);
#17379 = EDGE_LOOP('',(#17380,#17381,#17387,#17388));
#17380 = ORIENTED_EDGE('',*,*,#13735,.F.);
#17381 = ORIENTED_EDGE('',*,*,#17382,.T.);
#17382 = EDGE_CURVE('',#13736,#13649,#17383,.T.);
#17383 = LINE('',#17384,#17385);
#17384 = CARTESIAN_POINT('',(2.7,-16.42360624223,0.5));
#17385 = VECTOR('',#17386,1.);
#17386 = DIRECTION('',(0.,1.,2.22044604925E-16));
#17387 = ORIENTED_EDGE('',*,*,#13656,.T.);
#17388 = ORIENTED_EDGE('',*,*,#17364,.F.);
#17389 = CYLINDRICAL_SURFACE('',#17390,0.2);
#17390 = AXIS2_PLACEMENT_3D('',#17391,#17392,#17393);
#17391 = CARTESIAN_POINT('',(2.9,-16.42360624223,0.5));
#17392 = DIRECTION('',(0.,-1.,-2.22044604925E-16));
#17393 = DIRECTION('',(1.,0.,0.));
#17394 = ADVANCED_FACE('',(#17395),#17406,.T.);
#17395 = FACE_BOUND('',#17396,.T.);
#17396 = EDGE_LOOP('',(#17397,#17398,#17399,#17400));
#17397 = ORIENTED_EDGE('',*,*,#13744,.F.);
#17398 = ORIENTED_EDGE('',*,*,#17382,.T.);
#17399 = ORIENTED_EDGE('',*,*,#13648,.F.);
#17400 = ORIENTED_EDGE('',*,*,#17401,.F.);
#17401 = EDGE_CURVE('',#13745,#13641,#17402,.T.);
#17402 = LINE('',#17403,#17404);
#17403 = CARTESIAN_POINT('',(2.7,-9.086803121118,1.8));
#17404 = VECTOR('',#17405,1.);
#17405 = DIRECTION('',(0.,1.,0.));
#17406 = PLANE('',#17407);
#17407 = AXIS2_PLACEMENT_3D('',#17408,#17409,#17410);
#17408 = CARTESIAN_POINT('',(2.7,-16.42360624223,0.5));
#17409 = DIRECTION('',(1.,0.,0.));
#17410 = DIRECTION('',(0.,-2.22044604925E-16,1.));
#17411 = ADVANCED_FACE('',(#17412),#17418,.T.);
#17412 = FACE_BOUND('',#17413,.T.);
#17413 = EDGE_LOOP('',(#17414,#17415,#17416,#17417));
#17414 = ORIENTED_EDGE('',*,*,#13752,.F.);
#17415 = ORIENTED_EDGE('',*,*,#17401,.T.);
#17416 = ORIENTED_EDGE('',*,*,#13640,.F.);
#17417 = ORIENTED_EDGE('',*,*,#15821,.F.);
#17418 = PLANE('',#17419);
#17419 = AXIS2_PLACEMENT_3D('',#17420,#17421,#17422);
#17420 = CARTESIAN_POINT('',(2.5,-1.75,1.8));
#17421 = DIRECTION('',(0.,0.,1.));
#17422 = DIRECTION('',(1.,0.,-0.));
#17423 = ADVANCED_FACE('',(#17424),#17435,.F.);
#17424 = FACE_BOUND('',#17425,.T.);
#17425 = EDGE_LOOP('',(#17426,#17427,#17428,#17429));
#17426 = ORIENTED_EDGE('',*,*,#13898,.T.);
#17427 = ORIENTED_EDGE('',*,*,#13874,.T.);
#17428 = ORIENTED_EDGE('',*,*,#13800,.T.);
#17429 = ORIENTED_EDGE('',*,*,#17430,.T.);
#17430 = EDGE_CURVE('',#13803,#13899,#17431,.T.);
#17431 = LINE('',#17432,#17433);
#17432 = CARTESIAN_POINT('',(3.4,-2.15,8.881784197001E-16));
#17433 = VECTOR('',#17434,1.);
#17434 = DIRECTION('',(0.,-1.,0.));
#17435 = PLANE('',#17436);
#17436 = AXIS2_PLACEMENT_3D('',#17437,#17438,#17439);
#17437 = CARTESIAN_POINT('',(2.5,-2.25,8.881784197001E-16));
#17438 = DIRECTION('',(0.,0.,1.));
#17439 = DIRECTION('',(1.,0.,-0.));
#17440 = ADVANCED_FACE('',(#17441),#17452,.T.);
#17441 = FACE_BOUND('',#17442,.T.);
#17442 = EDGE_LOOP('',(#17443,#17444,#17445,#17451));
#17443 = ORIENTED_EDGE('',*,*,#17430,.F.);
#17444 = ORIENTED_EDGE('',*,*,#13860,.T.);
#17445 = ORIENTED_EDGE('',*,*,#17446,.T.);
#17446 = EDGE_CURVE('',#13853,#13907,#17447,.T.);
#17447 = LINE('',#17448,#17449);
#17448 = CARTESIAN_POINT('',(3.4,-9.286803121118,0.3));
#17449 = VECTOR('',#17450,1.);
#17450 = DIRECTION('',(0.,-1.,-2.22044604925E-16));
#17451 = ORIENTED_EDGE('',*,*,#13906,.F.);
#17452 = PLANE('',#17453);
#17453 = AXIS2_PLACEMENT_3D('',#17454,#17455,#17456);
#17454 = CARTESIAN_POINT('',(3.4,-2.15,8.881784197001E-16));
#17455 = DIRECTION('',(1.,0.,0.));
#17456 = DIRECTION('',(0.,-1.,0.));
#17457 = ADVANCED_FACE('',(#17458),#17469,.T.);
#17458 = FACE_BOUND('',#17459,.T.);
#17459 = EDGE_LOOP('',(#17460,#17466,#17467,#17468));
#17460 = ORIENTED_EDGE('',*,*,#17461,.F.);
#17461 = EDGE_CURVE('',#13915,#13844,#17462,.T.);
#17462 = LINE('',#17463,#17464);
#17463 = CARTESIAN_POINT('',(2.9,-16.42360624223,0.3));
#17464 = VECTOR('',#17465,1.);
#17465 = DIRECTION('',(0.,1.,2.22044604925E-16));
#17466 = ORIENTED_EDGE('',*,*,#13914,.F.);
#17467 = ORIENTED_EDGE('',*,*,#17446,.F.);
#17468 = ORIENTED_EDGE('',*,*,#13852,.F.);
#17469 = PLANE('',#17470);
#17470 = AXIS2_PLACEMENT_3D('',#17471,#17472,#17473);
#17471 = CARTESIAN_POINT('',(4.5,-16.42360624223,0.3));
#17472 = DIRECTION('',(0.,-2.22044604925E-16,1.));
#17473 = DIRECTION('',(-1.,0.,0.));
#17474 = ADVANCED_FACE('',(#17475),#17486,.F.);
#17475 = FACE_BOUND('',#17476,.F.);
#17476 = EDGE_LOOP('',(#17477,#17478,#17484,#17485));
#17477 = ORIENTED_EDGE('',*,*,#13922,.F.);
#17478 = ORIENTED_EDGE('',*,*,#17479,.T.);
#17479 = EDGE_CURVE('',#13923,#13836,#17480,.T.);
#17480 = LINE('',#17481,#17482);
#17481 = CARTESIAN_POINT('',(2.7,-16.42360624223,0.5));
#17482 = VECTOR('',#17483,1.);
#17483 = DIRECTION('',(0.,1.,2.22044604925E-16));
#17484 = ORIENTED_EDGE('',*,*,#13843,.T.);
#17485 = ORIENTED_EDGE('',*,*,#17461,.F.);
#17486 = CYLINDRICAL_SURFACE('',#17487,0.2);
#17487 = AXIS2_PLACEMENT_3D('',#17488,#17489,#17490);
#17488 = CARTESIAN_POINT('',(2.9,-16.42360624223,0.5));
#17489 = DIRECTION('',(0.,-1.,-2.22044604925E-16));
#17490 = DIRECTION('',(1.,0.,0.));
#17491 = ADVANCED_FACE('',(#17492),#17503,.T.);
#17492 = FACE_BOUND('',#17493,.T.);
#17493 = EDGE_LOOP('',(#17494,#17495,#17496,#17497));
#17494 = ORIENTED_EDGE('',*,*,#13931,.F.);
#17495 = ORIENTED_EDGE('',*,*,#17479,.T.);
#17496 = ORIENTED_EDGE('',*,*,#13835,.F.);
#17497 = ORIENTED_EDGE('',*,*,#17498,.F.);
#17498 = EDGE_CURVE('',#13932,#13828,#17499,.T.);
#17499 = LINE('',#17500,#17501);
#17500 = CARTESIAN_POINT('',(2.7,-9.336803121118,1.8));
#17501 = VECTOR('',#17502,1.);
#17502 = DIRECTION('',(0.,1.,0.));
#17503 = PLANE('',#17504);
#17504 = AXIS2_PLACEMENT_3D('',#17505,#17506,#17507);
#17505 = CARTESIAN_POINT('',(2.7,-16.42360624223,0.5));
#17506 = DIRECTION('',(1.,0.,0.));
#17507 = DIRECTION('',(0.,-2.22044604925E-16,1.));
#17508 = ADVANCED_FACE('',(#17509),#17515,.T.);
#17509 = FACE_BOUND('',#17510,.T.);
#17510 = EDGE_LOOP('',(#17511,#17512,#17513,#17514));
#17511 = ORIENTED_EDGE('',*,*,#13939,.F.);
#17512 = ORIENTED_EDGE('',*,*,#17498,.T.);
#17513 = ORIENTED_EDGE('',*,*,#13827,.F.);
#17514 = ORIENTED_EDGE('',*,*,#15838,.F.);
#17515 = PLANE('',#17516);
#17516 = AXIS2_PLACEMENT_3D('',#17517,#17518,#17519);
#17517 = CARTESIAN_POINT('',(2.5,-2.25,1.8));
#17518 = DIRECTION('',(0.,0.,1.));
#17519 = DIRECTION('',(1.,0.,-0.));
#17520 = ADVANCED_FACE('',(#17521),#17532,.F.);
#17521 = FACE_BOUND('',#17522,.T.);
#17522 = EDGE_LOOP('',(#17523,#17524,#17525,#17526));
#17523 = ORIENTED_EDGE('',*,*,#14085,.T.);
#17524 = ORIENTED_EDGE('',*,*,#14061,.T.);
#17525 = ORIENTED_EDGE('',*,*,#13987,.T.);
#17526 = ORIENTED_EDGE('',*,*,#17527,.T.);
#17527 = EDGE_CURVE('',#13990,#14086,#17528,.T.);
#17528 = LINE('',#17529,#17530);
#17529 = CARTESIAN_POINT('',(3.4,-2.65,9.436895709314E-16));
#17530 = VECTOR('',#17531,1.);
#17531 = DIRECTION('',(0.,-1.,0.));
#17532 = PLANE('',#17533);
#17533 = AXIS2_PLACEMENT_3D('',#17534,#17535,#17536);
#17534 = CARTESIAN_POINT('',(2.5,-2.75,9.436895709314E-16));
#17535 = DIRECTION('',(0.,0.,1.));
#17536 = DIRECTION('',(1.,0.,-0.));
#17537 = ADVANCED_FACE('',(#17538),#17549,.T.);
#17538 = FACE_BOUND('',#17539,.T.);
#17539 = EDGE_LOOP('',(#17540,#17541,#17542,#17548));
#17540 = ORIENTED_EDGE('',*,*,#17527,.F.);
#17541 = ORIENTED_EDGE('',*,*,#14047,.T.);
#17542 = ORIENTED_EDGE('',*,*,#17543,.T.);
#17543 = EDGE_CURVE('',#14040,#14094,#17544,.T.);
#17544 = LINE('',#17545,#17546);
#17545 = CARTESIAN_POINT('',(3.4,-9.536803121118,0.3));
#17546 = VECTOR('',#17547,1.);
#17547 = DIRECTION('',(0.,-1.,-2.22044604925E-16));
#17548 = ORIENTED_EDGE('',*,*,#14093,.F.);
#17549 = PLANE('',#17550);
#17550 = AXIS2_PLACEMENT_3D('',#17551,#17552,#17553);
#17551 = CARTESIAN_POINT('',(3.4,-2.65,9.436895709314E-16));
#17552 = DIRECTION('',(1.,0.,0.));
#17553 = DIRECTION('',(0.,-1.,0.));
#17554 = ADVANCED_FACE('',(#17555),#17566,.T.);
#17555 = FACE_BOUND('',#17556,.T.);
#17556 = EDGE_LOOP('',(#17557,#17563,#17564,#17565));
#17557 = ORIENTED_EDGE('',*,*,#17558,.F.);
#17558 = EDGE_CURVE('',#14102,#14031,#17559,.T.);
#17559 = LINE('',#17560,#17561);
#17560 = CARTESIAN_POINT('',(2.9,-16.42360624223,0.3));
#17561 = VECTOR('',#17562,1.);
#17562 = DIRECTION('',(0.,1.,2.22044604925E-16));
#17563 = ORIENTED_EDGE('',*,*,#14101,.F.);
#17564 = ORIENTED_EDGE('',*,*,#17543,.F.);
#17565 = ORIENTED_EDGE('',*,*,#14039,.F.);
#17566 = PLANE('',#17567);
#17567 = AXIS2_PLACEMENT_3D('',#17568,#17569,#17570);
#17568 = CARTESIAN_POINT('',(4.5,-16.42360624223,0.3));
#17569 = DIRECTION('',(0.,-2.22044604925E-16,1.));
#17570 = DIRECTION('',(-1.,0.,0.));
#17571 = ADVANCED_FACE('',(#17572),#17583,.F.);
#17572 = FACE_BOUND('',#17573,.F.);
#17573 = EDGE_LOOP('',(#17574,#17575,#17581,#17582));
#17574 = ORIENTED_EDGE('',*,*,#14109,.F.);
#17575 = ORIENTED_EDGE('',*,*,#17576,.T.);
#17576 = EDGE_CURVE('',#14110,#14023,#17577,.T.);
#17577 = LINE('',#17578,#17579);
#17578 = CARTESIAN_POINT('',(2.7,-16.42360624223,0.5));
#17579 = VECTOR('',#17580,1.);
#17580 = DIRECTION('',(0.,1.,2.22044604925E-16));
#17581 = ORIENTED_EDGE('',*,*,#14030,.T.);
#17582 = ORIENTED_EDGE('',*,*,#17558,.F.);
#17583 = CYLINDRICAL_SURFACE('',#17584,0.2);
#17584 = AXIS2_PLACEMENT_3D('',#17585,#17586,#17587);
#17585 = CARTESIAN_POINT('',(2.9,-16.42360624223,0.5));
#17586 = DIRECTION('',(0.,-1.,-2.22044604925E-16));
#17587 = DIRECTION('',(1.,0.,0.));
#17588 = ADVANCED_FACE('',(#17589),#17600,.T.);
#17589 = FACE_BOUND('',#17590,.T.);
#17590 = EDGE_LOOP('',(#17591,#17592,#17593,#17594));
#17591 = ORIENTED_EDGE('',*,*,#14118,.F.);
#17592 = ORIENTED_EDGE('',*,*,#17576,.T.);
#17593 = ORIENTED_EDGE('',*,*,#14022,.F.);
#17594 = ORIENTED_EDGE('',*,*,#17595,.F.);
#17595 = EDGE_CURVE('',#14119,#14015,#17596,.T.);
#17596 = LINE('',#17597,#17598);
#17597 = CARTESIAN_POINT('',(2.7,-9.586803121118,1.8));
#17598 = VECTOR('',#17599,1.);
#17599 = DIRECTION('',(0.,1.,0.));
#17600 = PLANE('',#17601);
#17601 = AXIS2_PLACEMENT_3D('',#17602,#17603,#17604);
#17602 = CARTESIAN_POINT('',(2.7,-16.42360624223,0.5));
#17603 = DIRECTION('',(1.,0.,0.));
#17604 = DIRECTION('',(0.,-2.22044604925E-16,1.));
#17605 = ADVANCED_FACE('',(#17606),#17612,.T.);
#17606 = FACE_BOUND('',#17607,.T.);
#17607 = EDGE_LOOP('',(#17608,#17609,#17610,#17611));
#17608 = ORIENTED_EDGE('',*,*,#14126,.F.);
#17609 = ORIENTED_EDGE('',*,*,#17595,.T.);
#17610 = ORIENTED_EDGE('',*,*,#14014,.F.);
#17611 = ORIENTED_EDGE('',*,*,#15855,.F.);
#17612 = PLANE('',#17613);
#17613 = AXIS2_PLACEMENT_3D('',#17614,#17615,#17616);
#17614 = CARTESIAN_POINT('',(2.5,-2.75,1.8));
#17615 = DIRECTION('',(0.,0.,1.));
#17616 = DIRECTION('',(1.,0.,-0.));
#17617 = ADVANCED_FACE('',(#17618),#17629,.F.);
#17618 = FACE_BOUND('',#17619,.T.);
#17619 = EDGE_LOOP('',(#17620,#17621,#17622,#17623));
#17620 = ORIENTED_EDGE('',*,*,#14272,.T.);
#17621 = ORIENTED_EDGE('',*,*,#14248,.T.);
#17622 = ORIENTED_EDGE('',*,*,#14174,.T.);
#17623 = ORIENTED_EDGE('',*,*,#17624,.T.);
#17624 = EDGE_CURVE('',#14177,#14273,#17625,.T.);
#17625 = LINE('',#17626,#17627);
#17626 = CARTESIAN_POINT('',(3.4,-3.15,9.992007221626E-16));
#17627 = VECTOR('',#17628,1.);
#17628 = DIRECTION('',(0.,-1.,0.));
#17629 = PLANE('',#17630);
#17630 = AXIS2_PLACEMENT_3D('',#17631,#17632,#17633);
#17631 = CARTESIAN_POINT('',(2.5,-3.25,9.992007221626E-16));
#17632 = DIRECTION('',(0.,0.,1.));
#17633 = DIRECTION('',(1.,0.,-0.));
#17634 = ADVANCED_FACE('',(#17635),#17646,.T.);
#17635 = FACE_BOUND('',#17636,.T.);
#17636 = EDGE_LOOP('',(#17637,#17638,#17639,#17645));
#17637 = ORIENTED_EDGE('',*,*,#17624,.F.);
#17638 = ORIENTED_EDGE('',*,*,#14234,.T.);
#17639 = ORIENTED_EDGE('',*,*,#17640,.T.);
#17640 = EDGE_CURVE('',#14227,#14281,#17641,.T.);
#17641 = LINE('',#17642,#17643);
#17642 = CARTESIAN_POINT('',(3.4,-9.786803121118,0.3));
#17643 = VECTOR('',#17644,1.);
#17644 = DIRECTION('',(0.,-1.,-2.22044604925E-16));
#17645 = ORIENTED_EDGE('',*,*,#14280,.F.);
#17646 = PLANE('',#17647);
#17647 = AXIS2_PLACEMENT_3D('',#17648,#17649,#17650);
#17648 = CARTESIAN_POINT('',(3.4,-3.15,9.992007221626E-16));
#17649 = DIRECTION('',(1.,0.,0.));
#17650 = DIRECTION('',(0.,-1.,0.));
#17651 = ADVANCED_FACE('',(#17652),#17663,.T.);
#17652 = FACE_BOUND('',#17653,.T.);
#17653 = EDGE_LOOP('',(#17654,#17660,#17661,#17662));
#17654 = ORIENTED_EDGE('',*,*,#17655,.F.);
#17655 = EDGE_CURVE('',#14289,#14218,#17656,.T.);
#17656 = LINE('',#17657,#17658);
#17657 = CARTESIAN_POINT('',(2.9,-16.42360624223,0.3));
#17658 = VECTOR('',#17659,1.);
#17659 = DIRECTION('',(0.,1.,2.22044604925E-16));
#17660 = ORIENTED_EDGE('',*,*,#14288,.F.);
#17661 = ORIENTED_EDGE('',*,*,#17640,.F.);
#17662 = ORIENTED_EDGE('',*,*,#14226,.F.);
#17663 = PLANE('',#17664);
#17664 = AXIS2_PLACEMENT_3D('',#17665,#17666,#17667);
#17665 = CARTESIAN_POINT('',(4.5,-16.42360624223,0.3));
#17666 = DIRECTION('',(0.,-2.22044604925E-16,1.));
#17667 = DIRECTION('',(-1.,0.,0.));
#17668 = ADVANCED_FACE('',(#17669),#17680,.F.);
#17669 = FACE_BOUND('',#17670,.F.);
#17670 = EDGE_LOOP('',(#17671,#17672,#17678,#17679));
#17671 = ORIENTED_EDGE('',*,*,#14296,.F.);
#17672 = ORIENTED_EDGE('',*,*,#17673,.T.);
#17673 = EDGE_CURVE('',#14297,#14210,#17674,.T.);
#17674 = LINE('',#17675,#17676);
#17675 = CARTESIAN_POINT('',(2.7,-16.42360624223,0.5));
#17676 = VECTOR('',#17677,1.);
#17677 = DIRECTION('',(0.,1.,2.22044604925E-16));
#17678 = ORIENTED_EDGE('',*,*,#14217,.T.);
#17679 = ORIENTED_EDGE('',*,*,#17655,.F.);
#17680 = CYLINDRICAL_SURFACE('',#17681,0.2);
#17681 = AXIS2_PLACEMENT_3D('',#17682,#17683,#17684);
#17682 = CARTESIAN_POINT('',(2.9,-16.42360624223,0.5));
#17683 = DIRECTION('',(0.,-1.,-2.22044604925E-16));
#17684 = DIRECTION('',(1.,0.,0.));
#17685 = ADVANCED_FACE('',(#17686),#17697,.T.);
#17686 = FACE_BOUND('',#17687,.T.);
#17687 = EDGE_LOOP('',(#17688,#17689,#17690,#17691));
#17688 = ORIENTED_EDGE('',*,*,#14305,.F.);
#17689 = ORIENTED_EDGE('',*,*,#17673,.T.);
#17690 = ORIENTED_EDGE('',*,*,#14209,.F.);
#17691 = ORIENTED_EDGE('',*,*,#17692,.F.);
#17692 = EDGE_CURVE('',#14306,#14202,#17693,.T.);
#17693 = LINE('',#17694,#17695);
#17694 = CARTESIAN_POINT('',(2.7,-9.836803121118,1.8));
#17695 = VECTOR('',#17696,1.);
#17696 = DIRECTION('',(0.,1.,0.));
#17697 = PLANE('',#17698);
#17698 = AXIS2_PLACEMENT_3D('',#17699,#17700,#17701);
#17699 = CARTESIAN_POINT('',(2.7,-16.42360624223,0.5));
#17700 = DIRECTION('',(1.,0.,0.));
#17701 = DIRECTION('',(0.,-2.22044604925E-16,1.));
#17702 = ADVANCED_FACE('',(#17703),#17709,.T.);
#17703 = FACE_BOUND('',#17704,.T.);
#17704 = EDGE_LOOP('',(#17705,#17706,#17707,#17708));
#17705 = ORIENTED_EDGE('',*,*,#14313,.F.);
#17706 = ORIENTED_EDGE('',*,*,#17692,.T.);
#17707 = ORIENTED_EDGE('',*,*,#14201,.F.);
#17708 = ORIENTED_EDGE('',*,*,#15872,.F.);
#17709 = PLANE('',#17710);
#17710 = AXIS2_PLACEMENT_3D('',#17711,#17712,#17713);
#17711 = CARTESIAN_POINT('',(2.5,-3.25,1.8));
#17712 = DIRECTION('',(0.,0.,1.));
#17713 = DIRECTION('',(1.,0.,-0.));
#17714 = ADVANCED_FACE('',(#17715),#17726,.F.);
#17715 = FACE_BOUND('',#17716,.T.);
#17716 = EDGE_LOOP('',(#17717,#17718,#17719,#17720));
#17717 = ORIENTED_EDGE('',*,*,#14459,.T.);
#17718 = ORIENTED_EDGE('',*,*,#14435,.T.);
#17719 = ORIENTED_EDGE('',*,*,#14361,.T.);
#17720 = ORIENTED_EDGE('',*,*,#17721,.T.);
#17721 = EDGE_CURVE('',#14364,#14460,#17722,.T.);
#17722 = LINE('',#17723,#17724);
#17723 = CARTESIAN_POINT('',(3.4,-3.65,1.054711873394E-15));
#17724 = VECTOR('',#17725,1.);
#17725 = DIRECTION('',(0.,-1.,0.));
#17726 = PLANE('',#17727);
#17727 = AXIS2_PLACEMENT_3D('',#17728,#17729,#17730);
#17728 = CARTESIAN_POINT('',(2.5,-3.75,1.054711873394E-15));
#17729 = DIRECTION('',(0.,0.,1.));
#17730 = DIRECTION('',(1.,0.,-0.));
#17731 = ADVANCED_FACE('',(#17732),#17743,.T.);
#17732 = FACE_BOUND('',#17733,.T.);
#17733 = EDGE_LOOP('',(#17734,#17735,#17736,#17742));
#17734 = ORIENTED_EDGE('',*,*,#17721,.F.);
#17735 = ORIENTED_EDGE('',*,*,#14421,.T.);
#17736 = ORIENTED_EDGE('',*,*,#17737,.T.);
#17737 = EDGE_CURVE('',#14414,#14468,#17738,.T.);
#17738 = LINE('',#17739,#17740);
#17739 = CARTESIAN_POINT('',(3.4,-10.03680312111,0.3));
#17740 = VECTOR('',#17741,1.);
#17741 = DIRECTION('',(0.,-1.,-2.22044604925E-16));
#17742 = ORIENTED_EDGE('',*,*,#14467,.F.);
#17743 = PLANE('',#17744);
#17744 = AXIS2_PLACEMENT_3D('',#17745,#17746,#17747);
#17745 = CARTESIAN_POINT('',(3.4,-3.65,1.054711873394E-15));
#17746 = DIRECTION('',(1.,0.,0.));
#17747 = DIRECTION('',(0.,-1.,0.));
#17748 = ADVANCED_FACE('',(#17749),#17760,.T.);
#17749 = FACE_BOUND('',#17750,.T.);
#17750 = EDGE_LOOP('',(#17751,#17757,#17758,#17759));
#17751 = ORIENTED_EDGE('',*,*,#17752,.F.);
#17752 = EDGE_CURVE('',#14476,#14405,#17753,.T.);
#17753 = LINE('',#17754,#17755);
#17754 = CARTESIAN_POINT('',(2.9,-16.42360624223,0.3));
#17755 = VECTOR('',#17756,1.);
#17756 = DIRECTION('',(0.,1.,2.22044604925E-16));
#17757 = ORIENTED_EDGE('',*,*,#14475,.F.);
#17758 = ORIENTED_EDGE('',*,*,#17737,.F.);
#17759 = ORIENTED_EDGE('',*,*,#14413,.F.);
#17760 = PLANE('',#17761);
#17761 = AXIS2_PLACEMENT_3D('',#17762,#17763,#17764);
#17762 = CARTESIAN_POINT('',(4.5,-16.42360624223,0.3));
#17763 = DIRECTION('',(0.,-2.22044604925E-16,1.));
#17764 = DIRECTION('',(-1.,0.,0.));
#17765 = ADVANCED_FACE('',(#17766),#17777,.F.);
#17766 = FACE_BOUND('',#17767,.F.);
#17767 = EDGE_LOOP('',(#17768,#17769,#17775,#17776));
#17768 = ORIENTED_EDGE('',*,*,#14483,.F.);
#17769 = ORIENTED_EDGE('',*,*,#17770,.T.);
#17770 = EDGE_CURVE('',#14484,#14397,#17771,.T.);
#17771 = LINE('',#17772,#17773);
#17772 = CARTESIAN_POINT('',(2.7,-16.42360624223,0.5));
#17773 = VECTOR('',#17774,1.);
#17774 = DIRECTION('',(0.,1.,2.22044604925E-16));
#17775 = ORIENTED_EDGE('',*,*,#14404,.T.);
#17776 = ORIENTED_EDGE('',*,*,#17752,.F.);
#17777 = CYLINDRICAL_SURFACE('',#17778,0.2);
#17778 = AXIS2_PLACEMENT_3D('',#17779,#17780,#17781);
#17779 = CARTESIAN_POINT('',(2.9,-16.42360624223,0.5));
#17780 = DIRECTION('',(0.,-1.,-2.22044604925E-16));
#17781 = DIRECTION('',(1.,0.,0.));
#17782 = ADVANCED_FACE('',(#17783),#17794,.T.);
#17783 = FACE_BOUND('',#17784,.T.);
#17784 = EDGE_LOOP('',(#17785,#17786,#17787,#17788));
#17785 = ORIENTED_EDGE('',*,*,#14492,.F.);
#17786 = ORIENTED_EDGE('',*,*,#17770,.T.);
#17787 = ORIENTED_EDGE('',*,*,#14396,.F.);
#17788 = ORIENTED_EDGE('',*,*,#17789,.F.);
#17789 = EDGE_CURVE('',#14493,#14389,#17790,.T.);
#17790 = LINE('',#17791,#17792);
#17791 = CARTESIAN_POINT('',(2.7,-10.08680312111,1.8));
#17792 = VECTOR('',#17793,1.);
#17793 = DIRECTION('',(0.,1.,0.));
#17794 = PLANE('',#17795);
#17795 = AXIS2_PLACEMENT_3D('',#17796,#17797,#17798);
#17796 = CARTESIAN_POINT('',(2.7,-16.42360624223,0.5));
#17797 = DIRECTION('',(1.,0.,0.));
#17798 = DIRECTION('',(0.,-2.22044604925E-16,1.));
#17799 = ADVANCED_FACE('',(#17800),#17806,.T.);
#17800 = FACE_BOUND('',#17801,.T.);
#17801 = EDGE_LOOP('',(#17802,#17803,#17804,#17805));
#17802 = ORIENTED_EDGE('',*,*,#14500,.F.);
#17803 = ORIENTED_EDGE('',*,*,#17789,.T.);
#17804 = ORIENTED_EDGE('',*,*,#14388,.F.);
#17805 = ORIENTED_EDGE('',*,*,#15889,.F.);
#17806 = PLANE('',#17807);
#17807 = AXIS2_PLACEMENT_3D('',#17808,#17809,#17810);
#17808 = CARTESIAN_POINT('',(2.5,-3.75,1.8));
#17809 = DIRECTION('',(0.,0.,1.));
#17810 = DIRECTION('',(1.,0.,-0.));
#17811 = ADVANCED_FACE('',(#17812),#17823,.F.);
#17812 = FACE_BOUND('',#17813,.T.);
#17813 = EDGE_LOOP('',(#17814,#17815,#17816,#17817));
#17814 = ORIENTED_EDGE('',*,*,#14646,.T.);
#17815 = ORIENTED_EDGE('',*,*,#14622,.T.);
#17816 = ORIENTED_EDGE('',*,*,#14548,.T.);
#17817 = ORIENTED_EDGE('',*,*,#17818,.T.);
#17818 = EDGE_CURVE('',#14551,#14647,#17819,.T.);
#17819 = LINE('',#17820,#17821);
#17820 = CARTESIAN_POINT('',(3.4,-4.15,1.110223024625E-15));
#17821 = VECTOR('',#17822,1.);
#17822 = DIRECTION('',(0.,-1.,0.));
#17823 = PLANE('',#17824);
#17824 = AXIS2_PLACEMENT_3D('',#17825,#17826,#17827);
#17825 = CARTESIAN_POINT('',(2.5,-4.25,1.110223024625E-15));
#17826 = DIRECTION('',(0.,0.,1.));
#17827 = DIRECTION('',(1.,0.,-0.));
#17828 = ADVANCED_FACE('',(#17829),#17840,.T.);
#17829 = FACE_BOUND('',#17830,.T.);
#17830 = EDGE_LOOP('',(#17831,#17832,#17833,#17839));
#17831 = ORIENTED_EDGE('',*,*,#17818,.F.);
#17832 = ORIENTED_EDGE('',*,*,#14608,.T.);
#17833 = ORIENTED_EDGE('',*,*,#17834,.T.);
#17834 = EDGE_CURVE('',#14601,#14655,#17835,.T.);
#17835 = LINE('',#17836,#17837);
#17836 = CARTESIAN_POINT('',(3.4,-10.28680312111,0.3));
#17837 = VECTOR('',#17838,1.);
#17838 = DIRECTION('',(0.,-1.,-2.22044604925E-16));
#17839 = ORIENTED_EDGE('',*,*,#14654,.F.);
#17840 = PLANE('',#17841);
#17841 = AXIS2_PLACEMENT_3D('',#17842,#17843,#17844);
#17842 = CARTESIAN_POINT('',(3.4,-4.15,1.110223024625E-15));
#17843 = DIRECTION('',(1.,0.,0.));
#17844 = DIRECTION('',(0.,-1.,0.));
#17845 = ADVANCED_FACE('',(#17846),#17857,.T.);
#17846 = FACE_BOUND('',#17847,.T.);
#17847 = EDGE_LOOP('',(#17848,#17854,#17855,#17856));
#17848 = ORIENTED_EDGE('',*,*,#17849,.F.);
#17849 = EDGE_CURVE('',#14663,#14592,#17850,.T.);
#17850 = LINE('',#17851,#17852);
#17851 = CARTESIAN_POINT('',(2.9,-16.42360624223,0.3));
#17852 = VECTOR('',#17853,1.);
#17853 = DIRECTION('',(0.,1.,2.22044604925E-16));
#17854 = ORIENTED_EDGE('',*,*,#14662,.F.);
#17855 = ORIENTED_EDGE('',*,*,#17834,.F.);
#17856 = ORIENTED_EDGE('',*,*,#14600,.F.);
#17857 = PLANE('',#17858);
#17858 = AXIS2_PLACEMENT_3D('',#17859,#17860,#17861);
#17859 = CARTESIAN_POINT('',(4.5,-16.42360624223,0.3));
#17860 = DIRECTION('',(0.,-2.22044604925E-16,1.));
#17861 = DIRECTION('',(-1.,0.,0.));
#17862 = ADVANCED_FACE('',(#17863),#17874,.F.);
#17863 = FACE_BOUND('',#17864,.F.);
#17864 = EDGE_LOOP('',(#17865,#17866,#17872,#17873));
#17865 = ORIENTED_EDGE('',*,*,#14670,.F.);
#17866 = ORIENTED_EDGE('',*,*,#17867,.T.);
#17867 = EDGE_CURVE('',#14671,#14584,#17868,.T.);
#17868 = LINE('',#17869,#17870);
#17869 = CARTESIAN_POINT('',(2.7,-16.42360624223,0.5));
#17870 = VECTOR('',#17871,1.);
#17871 = DIRECTION('',(0.,1.,2.22044604925E-16));
#17872 = ORIENTED_EDGE('',*,*,#14591,.T.);
#17873 = ORIENTED_EDGE('',*,*,#17849,.F.);
#17874 = CYLINDRICAL_SURFACE('',#17875,0.2);
#17875 = AXIS2_PLACEMENT_3D('',#17876,#17877,#17878);
#17876 = CARTESIAN_POINT('',(2.9,-16.42360624223,0.5));
#17877 = DIRECTION('',(0.,-1.,-2.22044604925E-16));
#17878 = DIRECTION('',(1.,0.,0.));
#17879 = ADVANCED_FACE('',(#17880),#17891,.T.);
#17880 = FACE_BOUND('',#17881,.T.);
#17881 = EDGE_LOOP('',(#17882,#17883,#17884,#17885));
#17882 = ORIENTED_EDGE('',*,*,#14679,.F.);
#17883 = ORIENTED_EDGE('',*,*,#17867,.T.);
#17884 = ORIENTED_EDGE('',*,*,#14583,.F.);
#17885 = ORIENTED_EDGE('',*,*,#17886,.F.);
#17886 = EDGE_CURVE('',#14680,#14576,#17887,.T.);
#17887 = LINE('',#17888,#17889);
#17888 = CARTESIAN_POINT('',(2.7,-10.33680312111,1.8));
#17889 = VECTOR('',#17890,1.);
#17890 = DIRECTION('',(0.,1.,0.));
#17891 = PLANE('',#17892);
#17892 = AXIS2_PLACEMENT_3D('',#17893,#17894,#17895);
#17893 = CARTESIAN_POINT('',(2.7,-16.42360624223,0.5));
#17894 = DIRECTION('',(1.,0.,0.));
#17895 = DIRECTION('',(0.,-2.22044604925E-16,1.));
#17896 = ADVANCED_FACE('',(#17897),#17903,.T.);
#17897 = FACE_BOUND('',#17898,.T.);
#17898 = EDGE_LOOP('',(#17899,#17900,#17901,#17902));
#17899 = ORIENTED_EDGE('',*,*,#14687,.F.);
#17900 = ORIENTED_EDGE('',*,*,#17886,.T.);
#17901 = ORIENTED_EDGE('',*,*,#14575,.F.);
#17902 = ORIENTED_EDGE('',*,*,#15906,.F.);
#17903 = PLANE('',#17904);
#17904 = AXIS2_PLACEMENT_3D('',#17905,#17906,#17907);
#17905 = CARTESIAN_POINT('',(2.5,-4.25,1.8));
#17906 = DIRECTION('',(0.,0.,1.));
#17907 = DIRECTION('',(1.,0.,-0.));
#17908 = ADVANCED_FACE('',(#17909),#17920,.F.);
#17909 = FACE_BOUND('',#17910,.T.);
#17910 = EDGE_LOOP('',(#17911,#17912,#17913,#17914));
#17911 = ORIENTED_EDGE('',*,*,#14833,.T.);
#17912 = ORIENTED_EDGE('',*,*,#14809,.T.);
#17913 = ORIENTED_EDGE('',*,*,#14735,.T.);
#17914 = ORIENTED_EDGE('',*,*,#17915,.T.);
#17915 = EDGE_CURVE('',#14738,#14834,#17916,.T.);
#17916 = LINE('',#17917,#17918);
#17917 = CARTESIAN_POINT('',(3.4,-4.65,1.165734175856E-15));
#17918 = VECTOR('',#17919,1.);
#17919 = DIRECTION('',(0.,-1.,0.));
#17920 = PLANE('',#17921);
#17921 = AXIS2_PLACEMENT_3D('',#17922,#17923,#17924);
#17922 = CARTESIAN_POINT('',(2.5,-4.75,1.165734175856E-15));
#17923 = DIRECTION('',(0.,0.,1.));
#17924 = DIRECTION('',(1.,0.,-0.));
#17925 = ADVANCED_FACE('',(#17926),#17937,.T.);
#17926 = FACE_BOUND('',#17927,.T.);
#17927 = EDGE_LOOP('',(#17928,#17929,#17930,#17936));
#17928 = ORIENTED_EDGE('',*,*,#17915,.F.);
#17929 = ORIENTED_EDGE('',*,*,#14795,.T.);
#17930 = ORIENTED_EDGE('',*,*,#17931,.T.);
#17931 = EDGE_CURVE('',#14788,#14842,#17932,.T.);
#17932 = LINE('',#17933,#17934);
#17933 = CARTESIAN_POINT('',(3.4,-10.53680312111,0.3));
#17934 = VECTOR('',#17935,1.);
#17935 = DIRECTION('',(0.,-1.,-2.22044604925E-16));
#17936 = ORIENTED_EDGE('',*,*,#14841,.F.);
#17937 = PLANE('',#17938);
#17938 = AXIS2_PLACEMENT_3D('',#17939,#17940,#17941);
#17939 = CARTESIAN_POINT('',(3.4,-4.65,1.165734175856E-15));
#17940 = DIRECTION('',(1.,0.,0.));
#17941 = DIRECTION('',(0.,-1.,0.));
#17942 = ADVANCED_FACE('',(#17943),#17954,.T.);
#17943 = FACE_BOUND('',#17944,.T.);
#17944 = EDGE_LOOP('',(#17945,#17951,#17952,#17953));
#17945 = ORIENTED_EDGE('',*,*,#17946,.F.);
#17946 = EDGE_CURVE('',#14850,#14779,#17947,.T.);
#17947 = LINE('',#17948,#17949);
#17948 = CARTESIAN_POINT('',(2.9,-16.42360624223,0.3));
#17949 = VECTOR('',#17950,1.);
#17950 = DIRECTION('',(0.,1.,2.22044604925E-16));
#17951 = ORIENTED_EDGE('',*,*,#14849,.F.);
#17952 = ORIENTED_EDGE('',*,*,#17931,.F.);
#17953 = ORIENTED_EDGE('',*,*,#14787,.F.);
#17954 = PLANE('',#17955);
#17955 = AXIS2_PLACEMENT_3D('',#17956,#17957,#17958);
#17956 = CARTESIAN_POINT('',(4.5,-16.42360624223,0.3));
#17957 = DIRECTION('',(0.,-2.22044604925E-16,1.));
#17958 = DIRECTION('',(-1.,0.,0.));
#17959 = ADVANCED_FACE('',(#17960),#17971,.F.);
#17960 = FACE_BOUND('',#17961,.F.);
#17961 = EDGE_LOOP('',(#17962,#17963,#17969,#17970));
#17962 = ORIENTED_EDGE('',*,*,#14857,.F.);
#17963 = ORIENTED_EDGE('',*,*,#17964,.T.);
#17964 = EDGE_CURVE('',#14858,#14771,#17965,.T.);
#17965 = LINE('',#17966,#17967);
#17966 = CARTESIAN_POINT('',(2.7,-16.42360624223,0.5));
#17967 = VECTOR('',#17968,1.);
#17968 = DIRECTION('',(0.,1.,2.22044604925E-16));
#17969 = ORIENTED_EDGE('',*,*,#14778,.T.);
#17970 = ORIENTED_EDGE('',*,*,#17946,.F.);
#17971 = CYLINDRICAL_SURFACE('',#17972,0.2);
#17972 = AXIS2_PLACEMENT_3D('',#17973,#17974,#17975);
#17973 = CARTESIAN_POINT('',(2.9,-16.42360624223,0.5));
#17974 = DIRECTION('',(0.,-1.,-2.22044604925E-16));
#17975 = DIRECTION('',(1.,0.,0.));
#17976 = ADVANCED_FACE('',(#17977),#17988,.T.);
#17977 = FACE_BOUND('',#17978,.T.);
#17978 = EDGE_LOOP('',(#17979,#17980,#17981,#17982));
#17979 = ORIENTED_EDGE('',*,*,#14866,.F.);
#17980 = ORIENTED_EDGE('',*,*,#17964,.T.);
#17981 = ORIENTED_EDGE('',*,*,#14770,.F.);
#17982 = ORIENTED_EDGE('',*,*,#17983,.F.);
#17983 = EDGE_CURVE('',#14867,#14763,#17984,.T.);
#17984 = LINE('',#17985,#17986);
#17985 = CARTESIAN_POINT('',(2.7,-10.58680312111,1.8));
#17986 = VECTOR('',#17987,1.);
#17987 = DIRECTION('',(0.,1.,0.));
#17988 = PLANE('',#17989);
#17989 = AXIS2_PLACEMENT_3D('',#17990,#17991,#17992);
#17990 = CARTESIAN_POINT('',(2.7,-16.42360624223,0.5));
#17991 = DIRECTION('',(1.,0.,0.));
#17992 = DIRECTION('',(0.,-2.22044604925E-16,1.));
#17993 = ADVANCED_FACE('',(#17994),#18000,.T.);
#17994 = FACE_BOUND('',#17995,.T.);
#17995 = EDGE_LOOP('',(#17996,#17997,#17998,#17999));
#17996 = ORIENTED_EDGE('',*,*,#14874,.F.);
#17997 = ORIENTED_EDGE('',*,*,#17983,.T.);
#17998 = ORIENTED_EDGE('',*,*,#14762,.F.);
#17999 = ORIENTED_EDGE('',*,*,#15923,.F.);
#18000 = PLANE('',#18001);
#18001 = AXIS2_PLACEMENT_3D('',#18002,#18003,#18004);
#18002 = CARTESIAN_POINT('',(2.5,-4.75,1.8));
#18003 = DIRECTION('',(0.,0.,1.));
#18004 = DIRECTION('',(1.,0.,-0.));
#18005 = ADVANCED_FACE('',(#18006),#18017,.F.);
#18006 = FACE_BOUND('',#18007,.T.);
#18007 = EDGE_LOOP('',(#18008,#18009,#18010,#18011));
#18008 = ORIENTED_EDGE('',*,*,#15020,.T.);
#18009 = ORIENTED_EDGE('',*,*,#14996,.T.);
#18010 = ORIENTED_EDGE('',*,*,#14922,.T.);
#18011 = ORIENTED_EDGE('',*,*,#18012,.T.);
#18012 = EDGE_CURVE('',#14925,#15021,#18013,.T.);
#18013 = LINE('',#18014,#18015);
#18014 = CARTESIAN_POINT('',(3.4,-5.15,1.221245327088E-15));
#18015 = VECTOR('',#18016,1.);
#18016 = DIRECTION('',(0.,-1.,0.));
#18017 = PLANE('',#18018);
#18018 = AXIS2_PLACEMENT_3D('',#18019,#18020,#18021);
#18019 = CARTESIAN_POINT('',(2.5,-5.25,1.221245327088E-15));
#18020 = DIRECTION('',(0.,0.,1.));
#18021 = DIRECTION('',(1.,0.,-0.));
#18022 = ADVANCED_FACE('',(#18023),#18034,.T.);
#18023 = FACE_BOUND('',#18024,.T.);
#18024 = EDGE_LOOP('',(#18025,#18026,#18027,#18033));
#18025 = ORIENTED_EDGE('',*,*,#18012,.F.);
#18026 = ORIENTED_EDGE('',*,*,#14982,.T.);
#18027 = ORIENTED_EDGE('',*,*,#18028,.T.);
#18028 = EDGE_CURVE('',#14975,#15029,#18029,.T.);
#18029 = LINE('',#18030,#18031);
#18030 = CARTESIAN_POINT('',(3.4,-10.78680312111,0.3));
#18031 = VECTOR('',#18032,1.);
#18032 = DIRECTION('',(0.,-1.,-2.22044604925E-16));
#18033 = ORIENTED_EDGE('',*,*,#15028,.F.);
#18034 = PLANE('',#18035);
#18035 = AXIS2_PLACEMENT_3D('',#18036,#18037,#18038);
#18036 = CARTESIAN_POINT('',(3.4,-5.15,1.221245327088E-15));
#18037 = DIRECTION('',(1.,0.,0.));
#18038 = DIRECTION('',(0.,-1.,0.));
#18039 = ADVANCED_FACE('',(#18040),#18051,.T.);
#18040 = FACE_BOUND('',#18041,.T.);
#18041 = EDGE_LOOP('',(#18042,#18048,#18049,#18050));
#18042 = ORIENTED_EDGE('',*,*,#18043,.F.);
#18043 = EDGE_CURVE('',#15037,#14966,#18044,.T.);
#18044 = LINE('',#18045,#18046);
#18045 = CARTESIAN_POINT('',(2.9,-16.42360624223,0.3));
#18046 = VECTOR('',#18047,1.);
#18047 = DIRECTION('',(0.,1.,2.22044604925E-16));
#18048 = ORIENTED_EDGE('',*,*,#15036,.F.);
#18049 = ORIENTED_EDGE('',*,*,#18028,.F.);
#18050 = ORIENTED_EDGE('',*,*,#14974,.F.);
#18051 = PLANE('',#18052);
#18052 = AXIS2_PLACEMENT_3D('',#18053,#18054,#18055);
#18053 = CARTESIAN_POINT('',(4.5,-16.42360624223,0.3));
#18054 = DIRECTION('',(0.,-2.22044604925E-16,1.));
#18055 = DIRECTION('',(-1.,0.,0.));
#18056 = ADVANCED_FACE('',(#18057),#18068,.F.);
#18057 = FACE_BOUND('',#18058,.F.);
#18058 = EDGE_LOOP('',(#18059,#18060,#18066,#18067));
#18059 = ORIENTED_EDGE('',*,*,#15044,.F.);
#18060 = ORIENTED_EDGE('',*,*,#18061,.T.);
#18061 = EDGE_CURVE('',#15045,#14958,#18062,.T.);
#18062 = LINE('',#18063,#18064);
#18063 = CARTESIAN_POINT('',(2.7,-16.42360624223,0.5));
#18064 = VECTOR('',#18065,1.);
#18065 = DIRECTION('',(0.,1.,2.22044604925E-16));
#18066 = ORIENTED_EDGE('',*,*,#14965,.T.);
#18067 = ORIENTED_EDGE('',*,*,#18043,.F.);
#18068 = CYLINDRICAL_SURFACE('',#18069,0.2);
#18069 = AXIS2_PLACEMENT_3D('',#18070,#18071,#18072);
#18070 = CARTESIAN_POINT('',(2.9,-16.42360624223,0.5));
#18071 = DIRECTION('',(0.,-1.,-2.22044604925E-16));
#18072 = DIRECTION('',(1.,0.,0.));
#18073 = ADVANCED_FACE('',(#18074),#18085,.T.);
#18074 = FACE_BOUND('',#18075,.T.);
#18075 = EDGE_LOOP('',(#18076,#18077,#18078,#18079));
#18076 = ORIENTED_EDGE('',*,*,#15053,.F.);
#18077 = ORIENTED_EDGE('',*,*,#18061,.T.);
#18078 = ORIENTED_EDGE('',*,*,#14957,.F.);
#18079 = ORIENTED_EDGE('',*,*,#18080,.F.);
#18080 = EDGE_CURVE('',#15054,#14950,#18081,.T.);
#18081 = LINE('',#18082,#18083);
#18082 = CARTESIAN_POINT('',(2.7,-10.83680312111,1.8));
#18083 = VECTOR('',#18084,1.);
#18084 = DIRECTION('',(0.,1.,0.));
#18085 = PLANE('',#18086);
#18086 = AXIS2_PLACEMENT_3D('',#18087,#18088,#18089);
#18087 = CARTESIAN_POINT('',(2.7,-16.42360624223,0.5));
#18088 = DIRECTION('',(1.,0.,0.));
#18089 = DIRECTION('',(0.,-2.22044604925E-16,1.));
#18090 = ADVANCED_FACE('',(#18091),#18097,.T.);
#18091 = FACE_BOUND('',#18092,.T.);
#18092 = EDGE_LOOP('',(#18093,#18094,#18095,#18096));
#18093 = ORIENTED_EDGE('',*,*,#15061,.F.);
#18094 = ORIENTED_EDGE('',*,*,#18080,.T.);
#18095 = ORIENTED_EDGE('',*,*,#14949,.F.);
#18096 = ORIENTED_EDGE('',*,*,#15940,.F.);
#18097 = PLANE('',#18098);
#18098 = AXIS2_PLACEMENT_3D('',#18099,#18100,#18101);
#18099 = CARTESIAN_POINT('',(2.5,-5.25,1.8));
#18100 = DIRECTION('',(0.,0.,1.));
#18101 = DIRECTION('',(1.,0.,-0.));
#18102 = ADVANCED_FACE('',(#18103),#18114,.F.);
#18103 = FACE_BOUND('',#18104,.T.);
#18104 = EDGE_LOOP('',(#18105,#18106,#18107,#18108));
#18105 = ORIENTED_EDGE('',*,*,#15207,.T.);
#18106 = ORIENTED_EDGE('',*,*,#15183,.T.);
#18107 = ORIENTED_EDGE('',*,*,#15109,.T.);
#18108 = ORIENTED_EDGE('',*,*,#18109,.T.);
#18109 = EDGE_CURVE('',#15112,#15208,#18110,.T.);
#18110 = LINE('',#18111,#18112);
#18111 = CARTESIAN_POINT('',(3.4,-5.65,1.276756478319E-15));
#18112 = VECTOR('',#18113,1.);
#18113 = DIRECTION('',(0.,-1.,0.));
#18114 = PLANE('',#18115);
#18115 = AXIS2_PLACEMENT_3D('',#18116,#18117,#18118);
#18116 = CARTESIAN_POINT('',(2.5,-5.75,1.276756478319E-15));
#18117 = DIRECTION('',(0.,0.,1.));
#18118 = DIRECTION('',(1.,0.,-0.));
#18119 = ADVANCED_FACE('',(#18120),#18131,.T.);
#18120 = FACE_BOUND('',#18121,.T.);
#18121 = EDGE_LOOP('',(#18122,#18123,#18124,#18130));
#18122 = ORIENTED_EDGE('',*,*,#18109,.F.);
#18123 = ORIENTED_EDGE('',*,*,#15169,.T.);
#18124 = ORIENTED_EDGE('',*,*,#18125,.T.);
#18125 = EDGE_CURVE('',#15162,#15216,#18126,.T.);
#18126 = LINE('',#18127,#18128);
#18127 = CARTESIAN_POINT('',(3.4,-11.03680312111,0.3));
#18128 = VECTOR('',#18129,1.);
#18129 = DIRECTION('',(0.,-1.,-2.22044604925E-16));
#18130 = ORIENTED_EDGE('',*,*,#15215,.F.);
#18131 = PLANE('',#18132);
#18132 = AXIS2_PLACEMENT_3D('',#18133,#18134,#18135);
#18133 = CARTESIAN_POINT('',(3.4,-5.65,1.276756478319E-15));
#18134 = DIRECTION('',(1.,0.,0.));
#18135 = DIRECTION('',(0.,-1.,0.));
#18136 = ADVANCED_FACE('',(#18137),#18148,.T.);
#18137 = FACE_BOUND('',#18138,.T.);
#18138 = EDGE_LOOP('',(#18139,#18145,#18146,#18147));
#18139 = ORIENTED_EDGE('',*,*,#18140,.F.);
#18140 = EDGE_CURVE('',#15224,#15153,#18141,.T.);
#18141 = LINE('',#18142,#18143);
#18142 = CARTESIAN_POINT('',(2.9,-16.42360624223,0.3));
#18143 = VECTOR('',#18144,1.);
#18144 = DIRECTION('',(0.,1.,2.22044604925E-16));
#18145 = ORIENTED_EDGE('',*,*,#15223,.F.);
#18146 = ORIENTED_EDGE('',*,*,#18125,.F.);
#18147 = ORIENTED_EDGE('',*,*,#15161,.F.);
#18148 = PLANE('',#18149);
#18149 = AXIS2_PLACEMENT_3D('',#18150,#18151,#18152);
#18150 = CARTESIAN_POINT('',(4.5,-16.42360624223,0.3));
#18151 = DIRECTION('',(0.,-2.22044604925E-16,1.));
#18152 = DIRECTION('',(-1.,0.,0.));
#18153 = ADVANCED_FACE('',(#18154),#18165,.F.);
#18154 = FACE_BOUND('',#18155,.F.);
#18155 = EDGE_LOOP('',(#18156,#18157,#18163,#18164));
#18156 = ORIENTED_EDGE('',*,*,#15231,.F.);
#18157 = ORIENTED_EDGE('',*,*,#18158,.T.);
#18158 = EDGE_CURVE('',#15232,#15145,#18159,.T.);
#18159 = LINE('',#18160,#18161);
#18160 = CARTESIAN_POINT('',(2.7,-16.42360624223,0.5));
#18161 = VECTOR('',#18162,1.);
#18162 = DIRECTION('',(0.,1.,2.22044604925E-16));
#18163 = ORIENTED_EDGE('',*,*,#15152,.T.);
#18164 = ORIENTED_EDGE('',*,*,#18140,.F.);
#18165 = CYLINDRICAL_SURFACE('',#18166,0.2);
#18166 = AXIS2_PLACEMENT_3D('',#18167,#18168,#18169);
#18167 = CARTESIAN_POINT('',(2.9,-16.42360624223,0.5));
#18168 = DIRECTION('',(0.,-1.,-2.22044604925E-16));
#18169 = DIRECTION('',(1.,0.,0.));
#18170 = ADVANCED_FACE('',(#18171),#18182,.T.);
#18171 = FACE_BOUND('',#18172,.T.);
#18172 = EDGE_LOOP('',(#18173,#18174,#18175,#18176));
#18173 = ORIENTED_EDGE('',*,*,#15240,.F.);
#18174 = ORIENTED_EDGE('',*,*,#18158,.T.);
#18175 = ORIENTED_EDGE('',*,*,#15144,.F.);
#18176 = ORIENTED_EDGE('',*,*,#18177,.F.);
#18177 = EDGE_CURVE('',#15241,#15137,#18178,.T.);
#18178 = LINE('',#18179,#18180);
#18179 = CARTESIAN_POINT('',(2.7,-11.08680312111,1.8));
#18180 = VECTOR('',#18181,1.);
#18181 = DIRECTION('',(0.,1.,0.));
#18182 = PLANE('',#18183);
#18183 = AXIS2_PLACEMENT_3D('',#18184,#18185,#18186);
#18184 = CARTESIAN_POINT('',(2.7,-16.42360624223,0.5));
#18185 = DIRECTION('',(1.,0.,0.));
#18186 = DIRECTION('',(0.,-2.22044604925E-16,1.));
#18187 = ADVANCED_FACE('',(#18188),#18194,.T.);
#18188 = FACE_BOUND('',#18189,.T.);
#18189 = EDGE_LOOP('',(#18190,#18191,#18192,#18193));
#18190 = ORIENTED_EDGE('',*,*,#15248,.F.);
#18191 = ORIENTED_EDGE('',*,*,#18177,.T.);
#18192 = ORIENTED_EDGE('',*,*,#15136,.F.);
#18193 = ORIENTED_EDGE('',*,*,#15957,.F.);
#18194 = PLANE('',#18195);
#18195 = AXIS2_PLACEMENT_3D('',#18196,#18197,#18198);
#18196 = CARTESIAN_POINT('',(2.5,-5.75,1.8));
#18197 = DIRECTION('',(0.,0.,1.));
#18198 = DIRECTION('',(1.,0.,-0.));
#18199 = ADVANCED_FACE('',(#18200),#18225,.T.);
#18200 = FACE_BOUND('',#18201,.T.);
#18201 = EDGE_LOOP('',(#18202,#18210,#18211,#18219));
#18202 = ORIENTED_EDGE('',*,*,#18203,.F.);
#18203 = EDGE_CURVE('',#9163,#18204,#18206,.T.);
#18204 = VERTEX_POINT('',#18205);
#18205 = CARTESIAN_POINT('',(0.6,-7.15,0.2));
#18206 = LINE('',#18207,#18208);
#18207 = CARTESIAN_POINT('',(0.6,-6.5,0.2));
#18208 = VECTOR('',#18209,1.);
#18209 = DIRECTION('',(1.19562479575E-15,-1.,0.));
#18210 = ORIENTED_EDGE('',*,*,#15316,.F.);
#18211 = ORIENTED_EDGE('',*,*,#18212,.T.);
#18212 = EDGE_CURVE('',#10075,#18213,#18215,.T.);
#18213 = VERTEX_POINT('',#18214);
#18214 = CARTESIAN_POINT('',(0.6,-7.15,0.5));
#18215 = LINE('',#18216,#18217);
#18216 = CARTESIAN_POINT('',(0.6,-6.5,0.5));
#18217 = VECTOR('',#18218,1.);
#18218 = DIRECTION('',(1.19562479575E-15,-1.,0.));
#18219 = ORIENTED_EDGE('',*,*,#18220,.F.);
#18220 = EDGE_CURVE('',#18204,#18213,#18221,.T.);
#18221 = LINE('',#18222,#18223);
#18222 = CARTESIAN_POINT('',(0.6,-7.15,0.2));
#18223 = VECTOR('',#18224,1.);
#18224 = DIRECTION('',(0.,0.,1.));
#18225 = PLANE('',#18226);
#18226 = AXIS2_PLACEMENT_3D('',#18227,#18228,#18229);
#18227 = CARTESIAN_POINT('',(0.6,-6.5,0.2));
#18228 = DIRECTION('',(1.,1.19562479575E-15,0.));
#18229 = DIRECTION('',(1.19562479575E-15,-1.,0.));
#18230 = ADVANCED_FACE('',(#18231),#18328,.T.);
#18231 = FACE_BOUND('',#18232,.T.);
#18232 = EDGE_LOOP('',(#18233,#18243,#18252,#18260,#18267,#18268,#18269,
    #18270,#18271,#18272,#18280,#18288,#18297,#18305,#18314,#18322));
#18233 = ORIENTED_EDGE('',*,*,#18234,.F.);
#18234 = EDGE_CURVE('',#18235,#18237,#18239,.T.);
#18235 = VERTEX_POINT('',#18236);
#18236 = CARTESIAN_POINT('',(0.6,-8.05,0.1));
#18237 = VERTEX_POINT('',#18238);
#18238 = CARTESIAN_POINT('',(0.6,-8.05,0.8));
#18239 = LINE('',#18240,#18241);
#18240 = CARTESIAN_POINT('',(0.6,-8.05,0.1));
#18241 = VECTOR('',#18242,1.);
#18242 = DIRECTION('',(-2.22044604925E-16,2.22044604925E-16,1.));
#18243 = ORIENTED_EDGE('',*,*,#18244,.T.);
#18244 = EDGE_CURVE('',#18235,#18245,#18247,.T.);
#18245 = VERTEX_POINT('',#18246);
#18246 = CARTESIAN_POINT('',(0.6,-7.95,1.898481372109E-15));
#18247 = CIRCLE('',#18248,0.1);
#18248 = AXIS2_PLACEMENT_3D('',#18249,#18250,#18251);
#18249 = CARTESIAN_POINT('',(0.6,-7.95,0.1));
#18250 = DIRECTION('',(1.,-2.22044604925E-16,2.22044604925E-16));
#18251 = DIRECTION('',(2.22044604925E-16,1.,-2.22044604925E-16));
#18252 = ORIENTED_EDGE('',*,*,#18253,.F.);
#18253 = EDGE_CURVE('',#18254,#18245,#18256,.T.);
#18254 = VERTEX_POINT('',#18255);
#18255 = CARTESIAN_POINT('',(0.6,-7.15,1.720845688169E-15));
#18256 = LINE('',#18257,#18258);
#18257 = CARTESIAN_POINT('',(0.6,-7.15,1.720845688169E-15));
#18258 = VECTOR('',#18259,1.);
#18259 = DIRECTION('',(-2.22044604925E-16,-1.,2.22044604925E-16));
#18260 = ORIENTED_EDGE('',*,*,#18261,.T.);
#18261 = EDGE_CURVE('',#18254,#15355,#18262,.T.);
#18262 = CIRCLE('',#18263,0.1);
#18263 = AXIS2_PLACEMENT_3D('',#18264,#18265,#18266);
#18264 = CARTESIAN_POINT('',(0.6,-7.15,0.1));
#18265 = DIRECTION('',(1.,-2.22044604925E-16,2.22044604925E-16));
#18266 = DIRECTION('',(2.22044604925E-16,1.,-2.22044604925E-16));
#18267 = ORIENTED_EDGE('',*,*,#15362,.F.);
#18268 = ORIENTED_EDGE('',*,*,#18203,.T.);
#18269 = ORIENTED_EDGE('',*,*,#18220,.T.);
#18270 = ORIENTED_EDGE('',*,*,#18212,.F.);
#18271 = ORIENTED_EDGE('',*,*,#15330,.F.);
#18272 = ORIENTED_EDGE('',*,*,#18273,.F.);
#18273 = EDGE_CURVE('',#18274,#15331,#18276,.T.);
#18274 = VERTEX_POINT('',#18275);
#18275 = CARTESIAN_POINT('',(0.6,-7.25,0.8));
#18276 = LINE('',#18277,#18278);
#18277 = CARTESIAN_POINT('',(0.6,-7.25,0.8));
#18278 = VECTOR('',#18279,1.);
#18279 = DIRECTION('',(2.22044604925E-16,1.,-2.22044604925E-16));
#18280 = ORIENTED_EDGE('',*,*,#18281,.T.);
#18281 = EDGE_CURVE('',#18274,#18282,#18284,.T.);
#18282 = VERTEX_POINT('',#18283);
#18283 = CARTESIAN_POINT('',(0.6,-7.25,0.25));
#18284 = LINE('',#18285,#18286);
#18285 = CARTESIAN_POINT('',(0.6,-7.25,0.8));
#18286 = VECTOR('',#18287,1.);
#18287 = DIRECTION('',(2.22044604925E-16,-2.22044604925E-16,-1.));
#18288 = ORIENTED_EDGE('',*,*,#18289,.F.);
#18289 = EDGE_CURVE('',#18290,#18282,#18292,.T.);
#18290 = VERTEX_POINT('',#18291);
#18291 = CARTESIAN_POINT('',(0.6,-7.3,0.2));
#18292 = CIRCLE('',#18293,5.E-02);
#18293 = AXIS2_PLACEMENT_3D('',#18294,#18295,#18296);
#18294 = CARTESIAN_POINT('',(0.6,-7.3,0.25));
#18295 = DIRECTION('',(1.,-2.22044604925E-16,2.22044604925E-16));
#18296 = DIRECTION('',(2.22044604925E-16,1.,-2.22044604925E-16));
#18297 = ORIENTED_EDGE('',*,*,#18298,.T.);
#18298 = EDGE_CURVE('',#18290,#18299,#18301,.T.);
#18299 = VERTEX_POINT('',#18300);
#18300 = CARTESIAN_POINT('',(0.6,-7.8,0.2));
#18301 = LINE('',#18302,#18303);
#18302 = CARTESIAN_POINT('',(0.6,-7.3,0.2));
#18303 = VECTOR('',#18304,1.);
#18304 = DIRECTION('',(-2.22044604925E-16,-1.,2.22044604925E-16));
#18305 = ORIENTED_EDGE('',*,*,#18306,.F.);
#18306 = EDGE_CURVE('',#18307,#18299,#18309,.T.);
#18307 = VERTEX_POINT('',#18308);
#18308 = CARTESIAN_POINT('',(0.6,-7.85,0.25));
#18309 = CIRCLE('',#18310,5.E-02);
#18310 = AXIS2_PLACEMENT_3D('',#18311,#18312,#18313);
#18311 = CARTESIAN_POINT('',(0.6,-7.8,0.25));
#18312 = DIRECTION('',(1.,-2.22044604925E-16,2.22044604925E-16));
#18313 = DIRECTION('',(2.22044604925E-16,1.,-2.22044604925E-16));
#18314 = ORIENTED_EDGE('',*,*,#18315,.T.);
#18315 = EDGE_CURVE('',#18307,#18316,#18318,.T.);
#18316 = VERTEX_POINT('',#18317);
#18317 = CARTESIAN_POINT('',(0.6,-7.85,0.8));
#18318 = LINE('',#18319,#18320);
#18319 = CARTESIAN_POINT('',(0.6,-7.85,0.25));
#18320 = VECTOR('',#18321,1.);
#18321 = DIRECTION('',(-2.22044604925E-16,2.22044604925E-16,1.));
#18322 = ORIENTED_EDGE('',*,*,#18323,.F.);
#18323 = EDGE_CURVE('',#18237,#18316,#18324,.T.);
#18324 = LINE('',#18325,#18326);
#18325 = CARTESIAN_POINT('',(0.6,-8.05,0.8));
#18326 = VECTOR('',#18327,1.);
#18327 = DIRECTION('',(2.22044604925E-16,1.,-2.22044604925E-16));
#18328 = PLANE('',#18329);
#18329 = AXIS2_PLACEMENT_3D('',#18330,#18331,#18332);
#18330 = CARTESIAN_POINT('',(0.6,-7.55,0.358610818827));
#18331 = DIRECTION('',(1.,-2.26799487272E-16,2.557270239348E-16));
#18332 = DIRECTION('',(-2.557270239348E-16,0.,1.));
#18333 = ADVANCED_FACE('',(#18334),#18353,.T.);
#18334 = FACE_BOUND('',#18335,.T.);
#18335 = EDGE_LOOP('',(#18336,#18344,#18351,#18352));
#18336 = ORIENTED_EDGE('',*,*,#18337,.T.);
#18337 = EDGE_CURVE('',#18254,#18338,#18340,.T.);
#18338 = VERTEX_POINT('',#18339);
#18339 = CARTESIAN_POINT('',(-0.6,-7.15,1.387778780781E-15));
#18340 = LINE('',#18341,#18342);
#18341 = CARTESIAN_POINT('',(0.6,-7.15,1.720845688169E-15));
#18342 = VECTOR('',#18343,1.);
#18343 = DIRECTION('',(-1.,2.22044604925E-16,-2.775557561563E-16));
#18344 = ORIENTED_EDGE('',*,*,#18345,.T.);
#18345 = EDGE_CURVE('',#18338,#15347,#18346,.T.);
#18346 = CIRCLE('',#18347,0.1);
#18347 = AXIS2_PLACEMENT_3D('',#18348,#18349,#18350);
#18348 = CARTESIAN_POINT('',(-0.6,-7.15,0.1));
#18349 = DIRECTION('',(1.,-2.22044604925E-16,2.22044604925E-16));
#18350 = DIRECTION('',(2.22044604925E-16,1.,-2.22044604925E-16));
#18351 = ORIENTED_EDGE('',*,*,#15354,.F.);
#18352 = ORIENTED_EDGE('',*,*,#18261,.F.);
#18353 = CYLINDRICAL_SURFACE('',#18354,0.1);
#18354 = AXIS2_PLACEMENT_3D('',#18355,#18356,#18357);
#18355 = CARTESIAN_POINT('',(0.6,-7.15,0.1));
#18356 = DIRECTION('',(1.,-2.22044604925E-16,2.22044604925E-16));
#18357 = DIRECTION('',(2.22044604925E-16,1.,-2.22044604925E-16));
#18358 = ADVANCED_FACE('',(#18359),#18444,.F.);
#18359 = FACE_BOUND('',#18360,.F.);
#18360 = EDGE_LOOP('',(#18361,#18371,#18380,#18386,#18387,#18388,#18396,
    #18404,#18413,#18421,#18430,#18438));
#18361 = ORIENTED_EDGE('',*,*,#18362,.F.);
#18362 = EDGE_CURVE('',#18363,#18365,#18367,.T.);
#18363 = VERTEX_POINT('',#18364);
#18364 = CARTESIAN_POINT('',(-0.6,-8.05,0.1));
#18365 = VERTEX_POINT('',#18366);
#18366 = CARTESIAN_POINT('',(-0.6,-8.05,0.8));
#18367 = LINE('',#18368,#18369);
#18368 = CARTESIAN_POINT('',(-0.6,-8.05,0.1));
#18369 = VECTOR('',#18370,1.);
#18370 = DIRECTION('',(-2.22044604925E-16,2.22044604925E-16,1.));
#18371 = ORIENTED_EDGE('',*,*,#18372,.T.);
#18372 = EDGE_CURVE('',#18363,#18373,#18375,.T.);
#18373 = VERTEX_POINT('',#18374);
#18374 = CARTESIAN_POINT('',(-0.6,-7.95,1.565414464721E-15));
#18375 = CIRCLE('',#18376,0.1);
#18376 = AXIS2_PLACEMENT_3D('',#18377,#18378,#18379);
#18377 = CARTESIAN_POINT('',(-0.6,-7.95,0.1));
#18378 = DIRECTION('',(1.,-2.22044604925E-16,2.22044604925E-16));
#18379 = DIRECTION('',(2.22044604925E-16,1.,-2.22044604925E-16));
#18380 = ORIENTED_EDGE('',*,*,#18381,.F.);
#18381 = EDGE_CURVE('',#18338,#18373,#18382,.T.);
#18382 = LINE('',#18383,#18384);
#18383 = CARTESIAN_POINT('',(-0.6,-7.15,1.387778780781E-15));
#18384 = VECTOR('',#18385,1.);
#18385 = DIRECTION('',(-2.22044604925E-16,-1.,2.22044604925E-16));
#18386 = ORIENTED_EDGE('',*,*,#18345,.T.);
#18387 = ORIENTED_EDGE('',*,*,#15346,.F.);
#18388 = ORIENTED_EDGE('',*,*,#18389,.F.);
#18389 = EDGE_CURVE('',#18390,#15339,#18392,.T.);
#18390 = VERTEX_POINT('',#18391);
#18391 = CARTESIAN_POINT('',(-0.6,-7.25,0.8));
#18392 = LINE('',#18393,#18394);
#18393 = CARTESIAN_POINT('',(-0.6,-7.25,0.8));
#18394 = VECTOR('',#18395,1.);
#18395 = DIRECTION('',(2.22044604925E-16,1.,-2.22044604925E-16));
#18396 = ORIENTED_EDGE('',*,*,#18397,.T.);
#18397 = EDGE_CURVE('',#18390,#18398,#18400,.T.);
#18398 = VERTEX_POINT('',#18399);
#18399 = CARTESIAN_POINT('',(-0.6,-7.25,0.25));
#18400 = LINE('',#18401,#18402);
#18401 = CARTESIAN_POINT('',(-0.6,-7.25,0.8));
#18402 = VECTOR('',#18403,1.);
#18403 = DIRECTION('',(2.22044604925E-16,-2.22044604925E-16,-1.));
#18404 = ORIENTED_EDGE('',*,*,#18405,.F.);
#18405 = EDGE_CURVE('',#18406,#18398,#18408,.T.);
#18406 = VERTEX_POINT('',#18407);
#18407 = CARTESIAN_POINT('',(-0.6,-7.3,0.2));
#18408 = CIRCLE('',#18409,5.E-02);
#18409 = AXIS2_PLACEMENT_3D('',#18410,#18411,#18412);
#18410 = CARTESIAN_POINT('',(-0.6,-7.3,0.25));
#18411 = DIRECTION('',(1.,-2.22044604925E-16,2.22044604925E-16));
#18412 = DIRECTION('',(2.22044604925E-16,1.,-2.22044604925E-16));
#18413 = ORIENTED_EDGE('',*,*,#18414,.T.);
#18414 = EDGE_CURVE('',#18406,#18415,#18417,.T.);
#18415 = VERTEX_POINT('',#18416);
#18416 = CARTESIAN_POINT('',(-0.6,-7.8,0.2));
#18417 = LINE('',#18418,#18419);
#18418 = CARTESIAN_POINT('',(-0.6,-7.3,0.2));
#18419 = VECTOR('',#18420,1.);
#18420 = DIRECTION('',(-2.22044604925E-16,-1.,2.22044604925E-16));
#18421 = ORIENTED_EDGE('',*,*,#18422,.F.);
#18422 = EDGE_CURVE('',#18423,#18415,#18425,.T.);
#18423 = VERTEX_POINT('',#18424);
#18424 = CARTESIAN_POINT('',(-0.6,-7.85,0.25));
#18425 = CIRCLE('',#18426,5.E-02);
#18426 = AXIS2_PLACEMENT_3D('',#18427,#18428,#18429);
#18427 = CARTESIAN_POINT('',(-0.6,-7.8,0.25));
#18428 = DIRECTION('',(1.,-2.22044604925E-16,2.22044604925E-16));
#18429 = DIRECTION('',(2.22044604925E-16,1.,-2.22044604925E-16));
#18430 = ORIENTED_EDGE('',*,*,#18431,.T.);
#18431 = EDGE_CURVE('',#18423,#18432,#18434,.T.);
#18432 = VERTEX_POINT('',#18433);
#18433 = CARTESIAN_POINT('',(-0.6,-7.85,0.8));
#18434 = LINE('',#18435,#18436);
#18435 = CARTESIAN_POINT('',(-0.6,-7.85,0.25));
#18436 = VECTOR('',#18437,1.);
#18437 = DIRECTION('',(-2.22044604925E-16,2.22044604925E-16,1.));
#18438 = ORIENTED_EDGE('',*,*,#18439,.F.);
#18439 = EDGE_CURVE('',#18365,#18432,#18440,.T.);
#18440 = LINE('',#18441,#18442);
#18441 = CARTESIAN_POINT('',(-0.6,-8.05,0.8));
#18442 = VECTOR('',#18443,1.);
#18443 = DIRECTION('',(2.22044604925E-16,1.,-2.22044604925E-16));
#18444 = PLANE('',#18445);
#18445 = AXIS2_PLACEMENT_3D('',#18446,#18447,#18448);
#18446 = CARTESIAN_POINT('',(-0.6,-7.55,0.358610818827));
#18447 = DIRECTION('',(1.,-2.26799487272E-16,2.557270239348E-16));
#18448 = DIRECTION('',(-2.557270239348E-16,0.,1.));
#18449 = ADVANCED_FACE('',(#18450),#18461,.F.);
#18450 = FACE_BOUND('',#18451,.F.);
#18451 = EDGE_LOOP('',(#18452,#18458,#18459,#18460));
#18452 = ORIENTED_EDGE('',*,*,#18453,.T.);
#18453 = EDGE_CURVE('',#18274,#18390,#18454,.T.);
#18454 = LINE('',#18455,#18456);
#18455 = CARTESIAN_POINT('',(0.6,-7.25,0.8));
#18456 = VECTOR('',#18457,1.);
#18457 = DIRECTION('',(-1.,2.22044604925E-16,-2.775557561563E-16));
#18458 = ORIENTED_EDGE('',*,*,#18389,.T.);
#18459 = ORIENTED_EDGE('',*,*,#15338,.F.);
#18460 = ORIENTED_EDGE('',*,*,#18273,.F.);
#18461 = PLANE('',#18462);
#18462 = AXIS2_PLACEMENT_3D('',#18463,#18464,#18465);
#18463 = CARTESIAN_POINT('',(0.6,-7.25,0.8));
#18464 = DIRECTION('',(2.775557561563E-16,-2.22044604925E-16,-1.));
#18465 = DIRECTION('',(2.22044604925E-16,1.,-2.22044604925E-16));
#18466 = ADVANCED_FACE('',(#18467),#18583,.T.);
#18467 = FACE_BOUND('',#18468,.F.);
#18468 = EDGE_LOOP('',(#18469,#18479,#18488,#18496,#18503,#18504,#18512,
    #18520,#18526,#18527,#18535,#18543,#18552,#18560,#18569,#18577));
#18469 = ORIENTED_EDGE('',*,*,#18470,.F.);
#18470 = EDGE_CURVE('',#18471,#18473,#18475,.T.);
#18471 = VERTEX_POINT('',#18472);
#18472 = CARTESIAN_POINT('',(0.6,8.05,0.1));
#18473 = VERTEX_POINT('',#18474);
#18474 = CARTESIAN_POINT('',(0.6,8.05,0.8));
#18475 = LINE('',#18476,#18477);
#18476 = CARTESIAN_POINT('',(0.6,8.05,0.1));
#18477 = VECTOR('',#18478,1.);
#18478 = DIRECTION('',(-2.22044604925E-16,-6.661338147751E-16,1.));
#18479 = ORIENTED_EDGE('',*,*,#18480,.T.);
#18480 = EDGE_CURVE('',#18471,#18481,#18483,.T.);
#18481 = VERTEX_POINT('',#18482);
#18482 = CARTESIAN_POINT('',(0.6,7.95,5.428990590417E-15));
#18483 = CIRCLE('',#18484,0.1);
#18484 = AXIS2_PLACEMENT_3D('',#18485,#18486,#18487);
#18485 = CARTESIAN_POINT('',(0.6,7.95,0.1));
#18486 = DIRECTION('',(-1.,-2.22044604925E-16,-2.22044604925E-16));
#18487 = DIRECTION('',(2.22044604925E-16,-1.,-6.661338147751E-16));
#18488 = ORIENTED_EDGE('',*,*,#18489,.F.);
#18489 = EDGE_CURVE('',#18490,#18481,#18492,.T.);
#18490 = VERTEX_POINT('',#18491);
#18491 = CARTESIAN_POINT('',(0.6,7.15,4.896083538597E-15));
#18492 = LINE('',#18493,#18494);
#18493 = CARTESIAN_POINT('',(0.6,7.15,4.896083538597E-15));
#18494 = VECTOR('',#18495,1.);
#18495 = DIRECTION('',(-2.22044604925E-16,1.,6.661338147751E-16));
#18496 = ORIENTED_EDGE('',*,*,#18497,.T.);
#18497 = EDGE_CURVE('',#18490,#15426,#18498,.T.);
#18498 = CIRCLE('',#18499,0.1);
#18499 = AXIS2_PLACEMENT_3D('',#18500,#18501,#18502);
#18500 = CARTESIAN_POINT('',(0.6,7.15,0.1));
#18501 = DIRECTION('',(-1.,-2.22044604925E-16,-2.22044604925E-16));
#18502 = DIRECTION('',(2.22044604925E-16,-1.,-6.661338147751E-16));
#18503 = ORIENTED_EDGE('',*,*,#15433,.F.);
#18504 = ORIENTED_EDGE('',*,*,#18505,.F.);
#18505 = EDGE_CURVE('',#18506,#9139,#18508,.T.);
#18506 = VERTEX_POINT('',#18507);
#18507 = CARTESIAN_POINT('',(0.6,7.15,0.2));
#18508 = LINE('',#18509,#18510);
#18509 = CARTESIAN_POINT('',(0.6,7.15,0.2));
#18510 = VECTOR('',#18511,1.);
#18511 = DIRECTION('',(6.832141690001E-16,-1.,0.));
#18512 = ORIENTED_EDGE('',*,*,#18513,.T.);
#18513 = EDGE_CURVE('',#18506,#18514,#18516,.T.);
#18514 = VERTEX_POINT('',#18515);
#18515 = CARTESIAN_POINT('',(0.6,7.15,0.5));
#18516 = LINE('',#18517,#18518);
#18517 = CARTESIAN_POINT('',(0.6,7.15,0.2));
#18518 = VECTOR('',#18519,1.);
#18519 = DIRECTION('',(0.,0.,1.));
#18520 = ORIENTED_EDGE('',*,*,#18521,.T.);
#18521 = EDGE_CURVE('',#18514,#10051,#18522,.T.);
#18522 = LINE('',#18523,#18524);
#18523 = CARTESIAN_POINT('',(0.6,7.15,0.5));
#18524 = VECTOR('',#18525,1.);
#18525 = DIRECTION('',(6.832141690001E-16,-1.,0.));
#18526 = ORIENTED_EDGE('',*,*,#15401,.F.);
#18527 = ORIENTED_EDGE('',*,*,#18528,.F.);
#18528 = EDGE_CURVE('',#18529,#15402,#18531,.T.);
#18529 = VERTEX_POINT('',#18530);
#18530 = CARTESIAN_POINT('',(0.6,7.25,0.8));
#18531 = LINE('',#18532,#18533);
#18532 = CARTESIAN_POINT('',(0.6,7.25,0.8));
#18533 = VECTOR('',#18534,1.);
#18534 = DIRECTION('',(2.22044604925E-16,-1.,-6.661338147751E-16));
#18535 = ORIENTED_EDGE('',*,*,#18536,.T.);
#18536 = EDGE_CURVE('',#18529,#18537,#18539,.T.);
#18537 = VERTEX_POINT('',#18538);
#18538 = CARTESIAN_POINT('',(0.6,7.25,0.25));
#18539 = LINE('',#18540,#18541);
#18540 = CARTESIAN_POINT('',(0.6,7.25,0.8));
#18541 = VECTOR('',#18542,1.);
#18542 = DIRECTION('',(2.22044604925E-16,6.661338147751E-16,-1.));
#18543 = ORIENTED_EDGE('',*,*,#18544,.F.);
#18544 = EDGE_CURVE('',#18545,#18537,#18547,.T.);
#18545 = VERTEX_POINT('',#18546);
#18546 = CARTESIAN_POINT('',(0.6,7.3,0.2));
#18547 = CIRCLE('',#18548,5.E-02);
#18548 = AXIS2_PLACEMENT_3D('',#18549,#18550,#18551);
#18549 = CARTESIAN_POINT('',(0.6,7.3,0.25));
#18550 = DIRECTION('',(-1.,-2.22044604925E-16,-2.22044604925E-16));
#18551 = DIRECTION('',(2.22044604925E-16,-1.,-6.661338147751E-16));
#18552 = ORIENTED_EDGE('',*,*,#18553,.T.);
#18553 = EDGE_CURVE('',#18545,#18554,#18556,.T.);
#18554 = VERTEX_POINT('',#18555);
#18555 = CARTESIAN_POINT('',(0.6,7.8,0.2));
#18556 = LINE('',#18557,#18558);
#18557 = CARTESIAN_POINT('',(0.6,7.3,0.2));
#18558 = VECTOR('',#18559,1.);
#18559 = DIRECTION('',(-2.22044604925E-16,1.,6.661338147751E-16));
#18560 = ORIENTED_EDGE('',*,*,#18561,.F.);
#18561 = EDGE_CURVE('',#18562,#18554,#18564,.T.);
#18562 = VERTEX_POINT('',#18563);
#18563 = CARTESIAN_POINT('',(0.6,7.85,0.25));
#18564 = CIRCLE('',#18565,5.E-02);
#18565 = AXIS2_PLACEMENT_3D('',#18566,#18567,#18568);
#18566 = CARTESIAN_POINT('',(0.6,7.8,0.25));
#18567 = DIRECTION('',(-1.,-2.22044604925E-16,-2.22044604925E-16));
#18568 = DIRECTION('',(2.22044604925E-16,-1.,-6.661338147751E-16));
#18569 = ORIENTED_EDGE('',*,*,#18570,.T.);
#18570 = EDGE_CURVE('',#18562,#18571,#18573,.T.);
#18571 = VERTEX_POINT('',#18572);
#18572 = CARTESIAN_POINT('',(0.6,7.85,0.8));
#18573 = LINE('',#18574,#18575);
#18574 = CARTESIAN_POINT('',(0.6,7.85,0.25));
#18575 = VECTOR('',#18576,1.);
#18576 = DIRECTION('',(-2.22044604925E-16,-6.661338147751E-16,1.));
#18577 = ORIENTED_EDGE('',*,*,#18578,.F.);
#18578 = EDGE_CURVE('',#18473,#18571,#18579,.T.);
#18579 = LINE('',#18580,#18581);
#18580 = CARTESIAN_POINT('',(0.6,8.05,0.8));
#18581 = VECTOR('',#18582,1.);
#18582 = DIRECTION('',(2.22044604925E-16,-1.,-6.661338147751E-16));
#18583 = PLANE('',#18584);
#18584 = AXIS2_PLACEMENT_3D('',#18585,#18586,#18587);
#18585 = CARTESIAN_POINT('',(0.6,7.55,0.358610818827));
#18586 = DIRECTION('',(1.,2.26799487272E-16,2.557270239348E-16));
#18587 = DIRECTION('',(2.557270239348E-16,4.440892098501E-16,-1.));
#18588 = ADVANCED_FACE('',(#18589),#18608,.T.);
#18589 = FACE_BOUND('',#18590,.T.);
#18590 = EDGE_LOOP('',(#18591,#18592,#18593,#18602));
#18591 = ORIENTED_EDGE('',*,*,#18497,.T.);
#18592 = ORIENTED_EDGE('',*,*,#15425,.T.);
#18593 = ORIENTED_EDGE('',*,*,#18594,.F.);
#18594 = EDGE_CURVE('',#18595,#15418,#18597,.T.);
#18595 = VERTEX_POINT('',#18596);
#18596 = CARTESIAN_POINT('',(-0.6,7.15,4.563016631209E-15));
#18597 = CIRCLE('',#18598,0.1);
#18598 = AXIS2_PLACEMENT_3D('',#18599,#18600,#18601);
#18599 = CARTESIAN_POINT('',(-0.6,7.15,0.1));
#18600 = DIRECTION('',(-1.,-2.22044604925E-16,-2.22044604925E-16));
#18601 = DIRECTION('',(2.22044604925E-16,-1.,-6.661338147751E-16));
#18602 = ORIENTED_EDGE('',*,*,#18603,.F.);
#18603 = EDGE_CURVE('',#18490,#18595,#18604,.T.);
#18604 = LINE('',#18605,#18606);
#18605 = CARTESIAN_POINT('',(0.6,7.15,4.896083538597E-15));
#18606 = VECTOR('',#18607,1.);
#18607 = DIRECTION('',(-1.,-2.22044604925E-16,-2.775557561563E-16));
#18608 = CYLINDRICAL_SURFACE('',#18609,0.1);
#18609 = AXIS2_PLACEMENT_3D('',#18610,#18611,#18612);
#18610 = CARTESIAN_POINT('',(0.6,7.15,0.1));
#18611 = DIRECTION('',(1.,2.22044604925E-16,2.22044604925E-16));
#18612 = DIRECTION('',(2.22044604925E-16,-1.,-6.661338147751E-16));
#18613 = ADVANCED_FACE('',(#18614),#18699,.F.);
#18614 = FACE_BOUND('',#18615,.T.);
#18615 = EDGE_LOOP('',(#18616,#18626,#18635,#18641,#18642,#18643,#18651,
    #18659,#18668,#18676,#18685,#18693));
#18616 = ORIENTED_EDGE('',*,*,#18617,.F.);
#18617 = EDGE_CURVE('',#18618,#18620,#18622,.T.);
#18618 = VERTEX_POINT('',#18619);
#18619 = CARTESIAN_POINT('',(-0.6,8.05,0.1));
#18620 = VERTEX_POINT('',#18621);
#18621 = CARTESIAN_POINT('',(-0.6,8.05,0.8));
#18622 = LINE('',#18623,#18624);
#18623 = CARTESIAN_POINT('',(-0.6,8.05,0.1));
#18624 = VECTOR('',#18625,1.);
#18625 = DIRECTION('',(-2.22044604925E-16,-6.661338147751E-16,1.));
#18626 = ORIENTED_EDGE('',*,*,#18627,.T.);
#18627 = EDGE_CURVE('',#18618,#18628,#18630,.T.);
#18628 = VERTEX_POINT('',#18629);
#18629 = CARTESIAN_POINT('',(-0.6,7.95,5.095923683029E-15));
#18630 = CIRCLE('',#18631,0.1);
#18631 = AXIS2_PLACEMENT_3D('',#18632,#18633,#18634);
#18632 = CARTESIAN_POINT('',(-0.6,7.95,0.1));
#18633 = DIRECTION('',(-1.,-2.22044604925E-16,-2.22044604925E-16));
#18634 = DIRECTION('',(2.22044604925E-16,-1.,-6.661338147751E-16));
#18635 = ORIENTED_EDGE('',*,*,#18636,.F.);
#18636 = EDGE_CURVE('',#18595,#18628,#18637,.T.);
#18637 = LINE('',#18638,#18639);
#18638 = CARTESIAN_POINT('',(-0.6,7.15,4.563016631209E-15));
#18639 = VECTOR('',#18640,1.);
#18640 = DIRECTION('',(-2.22044604925E-16,1.,6.661338147751E-16));
#18641 = ORIENTED_EDGE('',*,*,#18594,.T.);
#18642 = ORIENTED_EDGE('',*,*,#15417,.F.);
#18643 = ORIENTED_EDGE('',*,*,#18644,.F.);
#18644 = EDGE_CURVE('',#18645,#15410,#18647,.T.);
#18645 = VERTEX_POINT('',#18646);
#18646 = CARTESIAN_POINT('',(-0.6,7.25,0.8));
#18647 = LINE('',#18648,#18649);
#18648 = CARTESIAN_POINT('',(-0.6,7.25,0.8));
#18649 = VECTOR('',#18650,1.);
#18650 = DIRECTION('',(2.22044604925E-16,-1.,-6.661338147751E-16));
#18651 = ORIENTED_EDGE('',*,*,#18652,.T.);
#18652 = EDGE_CURVE('',#18645,#18653,#18655,.T.);
#18653 = VERTEX_POINT('',#18654);
#18654 = CARTESIAN_POINT('',(-0.6,7.25,0.25));
#18655 = LINE('',#18656,#18657);
#18656 = CARTESIAN_POINT('',(-0.6,7.25,0.8));
#18657 = VECTOR('',#18658,1.);
#18658 = DIRECTION('',(2.22044604925E-16,6.661338147751E-16,-1.));
#18659 = ORIENTED_EDGE('',*,*,#18660,.F.);
#18660 = EDGE_CURVE('',#18661,#18653,#18663,.T.);
#18661 = VERTEX_POINT('',#18662);
#18662 = CARTESIAN_POINT('',(-0.6,7.3,0.2));
#18663 = CIRCLE('',#18664,5.E-02);
#18664 = AXIS2_PLACEMENT_3D('',#18665,#18666,#18667);
#18665 = CARTESIAN_POINT('',(-0.6,7.3,0.25));
#18666 = DIRECTION('',(-1.,-2.22044604925E-16,-2.22044604925E-16));
#18667 = DIRECTION('',(2.22044604925E-16,-1.,-6.661338147751E-16));
#18668 = ORIENTED_EDGE('',*,*,#18669,.T.);
#18669 = EDGE_CURVE('',#18661,#18670,#18672,.T.);
#18670 = VERTEX_POINT('',#18671);
#18671 = CARTESIAN_POINT('',(-0.6,7.8,0.2));
#18672 = LINE('',#18673,#18674);
#18673 = CARTESIAN_POINT('',(-0.6,7.3,0.2));
#18674 = VECTOR('',#18675,1.);
#18675 = DIRECTION('',(-2.22044604925E-16,1.,6.661338147751E-16));
#18676 = ORIENTED_EDGE('',*,*,#18677,.F.);
#18677 = EDGE_CURVE('',#18678,#18670,#18680,.T.);
#18678 = VERTEX_POINT('',#18679);
#18679 = CARTESIAN_POINT('',(-0.6,7.85,0.25));
#18680 = CIRCLE('',#18681,5.E-02);
#18681 = AXIS2_PLACEMENT_3D('',#18682,#18683,#18684);
#18682 = CARTESIAN_POINT('',(-0.6,7.8,0.25));
#18683 = DIRECTION('',(-1.,-2.22044604925E-16,-2.22044604925E-16));
#18684 = DIRECTION('',(2.22044604925E-16,-1.,-6.661338147751E-16));
#18685 = ORIENTED_EDGE('',*,*,#18686,.T.);
#18686 = EDGE_CURVE('',#18678,#18687,#18689,.T.);
#18687 = VERTEX_POINT('',#18688);
#18688 = CARTESIAN_POINT('',(-0.6,7.85,0.8));
#18689 = LINE('',#18690,#18691);
#18690 = CARTESIAN_POINT('',(-0.6,7.85,0.25));
#18691 = VECTOR('',#18692,1.);
#18692 = DIRECTION('',(-2.22044604925E-16,-6.661338147751E-16,1.));
#18693 = ORIENTED_EDGE('',*,*,#18694,.F.);
#18694 = EDGE_CURVE('',#18620,#18687,#18695,.T.);
#18695 = LINE('',#18696,#18697);
#18696 = CARTESIAN_POINT('',(-0.6,8.05,0.8));
#18697 = VECTOR('',#18698,1.);
#18698 = DIRECTION('',(2.22044604925E-16,-1.,-6.661338147751E-16));
#18699 = PLANE('',#18700);
#18700 = AXIS2_PLACEMENT_3D('',#18701,#18702,#18703);
#18701 = CARTESIAN_POINT('',(-0.6,7.55,0.358610818827));
#18702 = DIRECTION('',(1.,2.26799487272E-16,2.557270239348E-16));
#18703 = DIRECTION('',(2.557270239348E-16,4.440892098501E-16,-1.));
#18704 = ADVANCED_FACE('',(#18705),#18716,.F.);
#18705 = FACE_BOUND('',#18706,.T.);
#18706 = EDGE_LOOP('',(#18707,#18713,#18714,#18715));
#18707 = ORIENTED_EDGE('',*,*,#18708,.T.);
#18708 = EDGE_CURVE('',#18529,#18645,#18709,.T.);
#18709 = LINE('',#18710,#18711);
#18710 = CARTESIAN_POINT('',(0.6,7.25,0.8));
#18711 = VECTOR('',#18712,1.);
#18712 = DIRECTION('',(-1.,-2.22044604925E-16,-2.775557561563E-16));
#18713 = ORIENTED_EDGE('',*,*,#18644,.T.);
#18714 = ORIENTED_EDGE('',*,*,#15409,.F.);
#18715 = ORIENTED_EDGE('',*,*,#18528,.F.);
#18716 = PLANE('',#18717);
#18717 = AXIS2_PLACEMENT_3D('',#18718,#18719,#18720);
#18718 = CARTESIAN_POINT('',(0.6,7.25,0.8));
#18719 = DIRECTION('',(2.775557561563E-16,6.661338147751E-16,-1.));
#18720 = DIRECTION('',(-2.22044604925E-16,1.,6.661338147751E-16));
#18721 = ADVANCED_FACE('',(#18722),#18728,.T.);
#18722 = FACE_BOUND('',#18723,.T.);
#18723 = EDGE_LOOP('',(#18724,#18725,#18726,#18727));
#18724 = ORIENTED_EDGE('',*,*,#18505,.F.);
#18725 = ORIENTED_EDGE('',*,*,#18513,.T.);
#18726 = ORIENTED_EDGE('',*,*,#18521,.T.);
#18727 = ORIENTED_EDGE('',*,*,#15451,.T.);
#18728 = PLANE('',#18729);
#18729 = AXIS2_PLACEMENT_3D('',#18730,#18731,#18732);
#18730 = CARTESIAN_POINT('',(0.6,7.15,0.2));
#18731 = DIRECTION('',(1.,6.832141690001E-16,0.));
#18732 = DIRECTION('',(6.832141690001E-16,-1.,0.));
#18733 = ADVANCED_FACE('',(#18734),#18750,.F.);
#18734 = FACE_BOUND('',#18735,.F.);
#18735 = EDGE_LOOP('',(#18736,#18742,#18743,#18749));
#18736 = ORIENTED_EDGE('',*,*,#18737,.T.);
#18737 = EDGE_CURVE('',#18235,#18363,#18738,.T.);
#18738 = LINE('',#18739,#18740);
#18739 = CARTESIAN_POINT('',(0.6,-8.05,0.1));
#18740 = VECTOR('',#18741,1.);
#18741 = DIRECTION('',(-1.,2.22044604925E-16,-2.775557561563E-16));
#18742 = ORIENTED_EDGE('',*,*,#18362,.T.);
#18743 = ORIENTED_EDGE('',*,*,#18744,.F.);
#18744 = EDGE_CURVE('',#18237,#18365,#18745,.T.);
#18745 = LINE('',#18746,#18747);
#18746 = CARTESIAN_POINT('',(0.6,-8.05,0.8));
#18747 = VECTOR('',#18748,1.);
#18748 = DIRECTION('',(-1.,2.22044604925E-16,-2.775557561563E-16));
#18749 = ORIENTED_EDGE('',*,*,#18234,.F.);
#18750 = PLANE('',#18751);
#18751 = AXIS2_PLACEMENT_3D('',#18752,#18753,#18754);
#18752 = CARTESIAN_POINT('',(0.6,-8.05,0.1));
#18753 = DIRECTION('',(2.22044604925E-16,1.,-2.22044604925E-16));
#18754 = DIRECTION('',(-2.22044604925E-16,2.22044604925E-16,1.));
#18755 = ADVANCED_FACE('',(#18756),#18767,.F.);
#18756 = FACE_BOUND('',#18757,.F.);
#18757 = EDGE_LOOP('',(#18758,#18759,#18760,#18766));
#18758 = ORIENTED_EDGE('',*,*,#18744,.T.);
#18759 = ORIENTED_EDGE('',*,*,#18439,.T.);
#18760 = ORIENTED_EDGE('',*,*,#18761,.F.);
#18761 = EDGE_CURVE('',#18316,#18432,#18762,.T.);
#18762 = LINE('',#18763,#18764);
#18763 = CARTESIAN_POINT('',(0.6,-7.85,0.8));
#18764 = VECTOR('',#18765,1.);
#18765 = DIRECTION('',(-1.,2.22044604925E-16,-2.775557561563E-16));
#18766 = ORIENTED_EDGE('',*,*,#18323,.F.);
#18767 = PLANE('',#18768);
#18768 = AXIS2_PLACEMENT_3D('',#18769,#18770,#18771);
#18769 = CARTESIAN_POINT('',(0.6,-8.05,0.8));
#18770 = DIRECTION('',(2.775557561563E-16,-2.22044604925E-16,-1.));
#18771 = DIRECTION('',(2.22044604925E-16,1.,-2.22044604925E-16));
#18772 = ADVANCED_FACE('',(#18773),#18784,.T.);
#18773 = FACE_BOUND('',#18774,.T.);
#18774 = EDGE_LOOP('',(#18775,#18781,#18782,#18783));
#18775 = ORIENTED_EDGE('',*,*,#18776,.T.);
#18776 = EDGE_CURVE('',#18307,#18423,#18777,.T.);
#18777 = LINE('',#18778,#18779);
#18778 = CARTESIAN_POINT('',(0.6,-7.85,0.25));
#18779 = VECTOR('',#18780,1.);
#18780 = DIRECTION('',(-1.,2.22044604925E-16,-2.775557561563E-16));
#18781 = ORIENTED_EDGE('',*,*,#18431,.T.);
#18782 = ORIENTED_EDGE('',*,*,#18761,.F.);
#18783 = ORIENTED_EDGE('',*,*,#18315,.F.);
#18784 = PLANE('',#18785);
#18785 = AXIS2_PLACEMENT_3D('',#18786,#18787,#18788);
#18786 = CARTESIAN_POINT('',(0.6,-7.85,0.25));
#18787 = DIRECTION('',(2.22044604925E-16,1.,-2.22044604925E-16));
#18788 = DIRECTION('',(-2.22044604925E-16,2.22044604925E-16,1.));
#18789 = ADVANCED_FACE('',(#18790),#18801,.F.);
#18790 = FACE_BOUND('',#18791,.F.);
#18791 = EDGE_LOOP('',(#18792,#18793,#18794,#18800));
#18792 = ORIENTED_EDGE('',*,*,#18776,.T.);
#18793 = ORIENTED_EDGE('',*,*,#18422,.T.);
#18794 = ORIENTED_EDGE('',*,*,#18795,.F.);
#18795 = EDGE_CURVE('',#18299,#18415,#18796,.T.);
#18796 = LINE('',#18797,#18798);
#18797 = CARTESIAN_POINT('',(0.6,-7.8,0.2));
#18798 = VECTOR('',#18799,1.);
#18799 = DIRECTION('',(-1.,2.22044604925E-16,-2.775557561563E-16));
#18800 = ORIENTED_EDGE('',*,*,#18306,.F.);
#18801 = CYLINDRICAL_SURFACE('',#18802,5.E-02);
#18802 = AXIS2_PLACEMENT_3D('',#18803,#18804,#18805);
#18803 = CARTESIAN_POINT('',(0.6,-7.8,0.25));
#18804 = DIRECTION('',(1.,-2.22044604925E-16,2.22044604925E-16));
#18805 = DIRECTION('',(2.22044604925E-16,1.,-2.22044604925E-16));
#18806 = ADVANCED_FACE('',(#18807),#18818,.T.);
#18807 = FACE_BOUND('',#18808,.T.);
#18808 = EDGE_LOOP('',(#18809,#18815,#18816,#18817));
#18809 = ORIENTED_EDGE('',*,*,#18810,.T.);
#18810 = EDGE_CURVE('',#18290,#18406,#18811,.T.);
#18811 = LINE('',#18812,#18813);
#18812 = CARTESIAN_POINT('',(0.6,-7.3,0.2));
#18813 = VECTOR('',#18814,1.);
#18814 = DIRECTION('',(-1.,2.22044604925E-16,-2.775557561563E-16));
#18815 = ORIENTED_EDGE('',*,*,#18414,.T.);
#18816 = ORIENTED_EDGE('',*,*,#18795,.F.);
#18817 = ORIENTED_EDGE('',*,*,#18298,.F.);
#18818 = PLANE('',#18819);
#18819 = AXIS2_PLACEMENT_3D('',#18820,#18821,#18822);
#18820 = CARTESIAN_POINT('',(0.6,-7.3,0.2));
#18821 = DIRECTION('',(-2.775557561563E-16,2.22044604925E-16,1.));
#18822 = DIRECTION('',(-2.22044604925E-16,-1.,2.22044604925E-16));
#18823 = ADVANCED_FACE('',(#18824),#18835,.F.);
#18824 = FACE_BOUND('',#18825,.F.);
#18825 = EDGE_LOOP('',(#18826,#18827,#18828,#18834));
#18826 = ORIENTED_EDGE('',*,*,#18810,.T.);
#18827 = ORIENTED_EDGE('',*,*,#18405,.T.);
#18828 = ORIENTED_EDGE('',*,*,#18829,.F.);
#18829 = EDGE_CURVE('',#18282,#18398,#18830,.T.);
#18830 = LINE('',#18831,#18832);
#18831 = CARTESIAN_POINT('',(0.6,-7.25,0.25));
#18832 = VECTOR('',#18833,1.);
#18833 = DIRECTION('',(-1.,2.22044604925E-16,-2.775557561563E-16));
#18834 = ORIENTED_EDGE('',*,*,#18289,.F.);
#18835 = CYLINDRICAL_SURFACE('',#18836,5.E-02);
#18836 = AXIS2_PLACEMENT_3D('',#18837,#18838,#18839);
#18837 = CARTESIAN_POINT('',(0.6,-7.3,0.25));
#18838 = DIRECTION('',(1.,-2.22044604925E-16,2.22044604925E-16));
#18839 = DIRECTION('',(2.22044604925E-16,1.,-2.22044604925E-16));
#18840 = ADVANCED_FACE('',(#18841),#18847,.T.);
#18841 = FACE_BOUND('',#18842,.T.);
#18842 = EDGE_LOOP('',(#18843,#18844,#18845,#18846));
#18843 = ORIENTED_EDGE('',*,*,#18453,.T.);
#18844 = ORIENTED_EDGE('',*,*,#18397,.T.);
#18845 = ORIENTED_EDGE('',*,*,#18829,.F.);
#18846 = ORIENTED_EDGE('',*,*,#18281,.F.);
#18847 = PLANE('',#18848);
#18848 = AXIS2_PLACEMENT_3D('',#18849,#18850,#18851);
#18849 = CARTESIAN_POINT('',(0.6,-7.25,0.8));
#18850 = DIRECTION('',(-2.22044604925E-16,-1.,2.22044604925E-16));
#18851 = DIRECTION('',(2.22044604925E-16,-2.22044604925E-16,-1.));
#18852 = ADVANCED_FACE('',(#18853),#18864,.F.);
#18853 = FACE_BOUND('',#18854,.F.);
#18854 = EDGE_LOOP('',(#18855,#18856,#18857,#18863));
#18855 = ORIENTED_EDGE('',*,*,#18337,.T.);
#18856 = ORIENTED_EDGE('',*,*,#18381,.T.);
#18857 = ORIENTED_EDGE('',*,*,#18858,.F.);
#18858 = EDGE_CURVE('',#18245,#18373,#18859,.T.);
#18859 = LINE('',#18860,#18861);
#18860 = CARTESIAN_POINT('',(0.6,-7.95,1.898481372109E-15));
#18861 = VECTOR('',#18862,1.);
#18862 = DIRECTION('',(-1.,2.22044604925E-16,-2.775557561563E-16));
#18863 = ORIENTED_EDGE('',*,*,#18253,.F.);
#18864 = PLANE('',#18865);
#18865 = AXIS2_PLACEMENT_3D('',#18866,#18867,#18868);
#18866 = CARTESIAN_POINT('',(0.6,-7.15,1.720845688169E-15));
#18867 = DIRECTION('',(-2.775557561563E-16,2.22044604925E-16,1.));
#18868 = DIRECTION('',(-2.22044604925E-16,-1.,2.22044604925E-16));
#18869 = ADVANCED_FACE('',(#18870),#18876,.T.);
#18870 = FACE_BOUND('',#18871,.T.);
#18871 = EDGE_LOOP('',(#18872,#18873,#18874,#18875));
#18872 = ORIENTED_EDGE('',*,*,#18737,.T.);
#18873 = ORIENTED_EDGE('',*,*,#18372,.T.);
#18874 = ORIENTED_EDGE('',*,*,#18858,.F.);
#18875 = ORIENTED_EDGE('',*,*,#18244,.F.);
#18876 = CYLINDRICAL_SURFACE('',#18877,0.1);
#18877 = AXIS2_PLACEMENT_3D('',#18878,#18879,#18880);
#18878 = CARTESIAN_POINT('',(0.6,-7.95,0.1));
#18879 = DIRECTION('',(1.,-2.22044604925E-16,2.22044604925E-16));
#18880 = DIRECTION('',(2.22044604925E-16,1.,-2.22044604925E-16));
#18881 = ADVANCED_FACE('',(#18882),#18898,.F.);
#18882 = FACE_BOUND('',#18883,.T.);
#18883 = EDGE_LOOP('',(#18884,#18890,#18891,#18897));
#18884 = ORIENTED_EDGE('',*,*,#18885,.T.);
#18885 = EDGE_CURVE('',#18471,#18618,#18886,.T.);
#18886 = LINE('',#18887,#18888);
#18887 = CARTESIAN_POINT('',(0.6,8.05,0.1));
#18888 = VECTOR('',#18889,1.);
#18889 = DIRECTION('',(-1.,-2.22044604925E-16,-2.775557561563E-16));
#18890 = ORIENTED_EDGE('',*,*,#18617,.T.);
#18891 = ORIENTED_EDGE('',*,*,#18892,.F.);
#18892 = EDGE_CURVE('',#18473,#18620,#18893,.T.);
#18893 = LINE('',#18894,#18895);
#18894 = CARTESIAN_POINT('',(0.6,8.05,0.8));
#18895 = VECTOR('',#18896,1.);
#18896 = DIRECTION('',(-1.,-2.22044604925E-16,-2.775557561563E-16));
#18897 = ORIENTED_EDGE('',*,*,#18470,.F.);
#18898 = PLANE('',#18899);
#18899 = AXIS2_PLACEMENT_3D('',#18900,#18901,#18902);
#18900 = CARTESIAN_POINT('',(0.6,8.05,0.1));
#18901 = DIRECTION('',(2.22044604925E-16,-1.,-6.661338147751E-16));
#18902 = DIRECTION('',(2.22044604925E-16,6.661338147751E-16,-1.));
#18903 = ADVANCED_FACE('',(#18904),#18915,.F.);
#18904 = FACE_BOUND('',#18905,.T.);
#18905 = EDGE_LOOP('',(#18906,#18907,#18908,#18914));
#18906 = ORIENTED_EDGE('',*,*,#18892,.T.);
#18907 = ORIENTED_EDGE('',*,*,#18694,.T.);
#18908 = ORIENTED_EDGE('',*,*,#18909,.F.);
#18909 = EDGE_CURVE('',#18571,#18687,#18910,.T.);
#18910 = LINE('',#18911,#18912);
#18911 = CARTESIAN_POINT('',(0.6,7.85,0.8));
#18912 = VECTOR('',#18913,1.);
#18913 = DIRECTION('',(-1.,-2.22044604925E-16,-2.775557561563E-16));
#18914 = ORIENTED_EDGE('',*,*,#18578,.F.);
#18915 = PLANE('',#18916);
#18916 = AXIS2_PLACEMENT_3D('',#18917,#18918,#18919);
#18917 = CARTESIAN_POINT('',(0.6,8.05,0.8));
#18918 = DIRECTION('',(2.775557561563E-16,6.661338147751E-16,-1.));
#18919 = DIRECTION('',(-2.22044604925E-16,1.,6.661338147751E-16));
#18920 = ADVANCED_FACE('',(#18921),#18932,.T.);
#18921 = FACE_BOUND('',#18922,.F.);
#18922 = EDGE_LOOP('',(#18923,#18929,#18930,#18931));
#18923 = ORIENTED_EDGE('',*,*,#18924,.T.);
#18924 = EDGE_CURVE('',#18562,#18678,#18925,.T.);
#18925 = LINE('',#18926,#18927);
#18926 = CARTESIAN_POINT('',(0.6,7.85,0.25));
#18927 = VECTOR('',#18928,1.);
#18928 = DIRECTION('',(-1.,-2.22044604925E-16,-2.775557561563E-16));
#18929 = ORIENTED_EDGE('',*,*,#18686,.T.);
#18930 = ORIENTED_EDGE('',*,*,#18909,.F.);
#18931 = ORIENTED_EDGE('',*,*,#18570,.F.);
#18932 = PLANE('',#18933);
#18933 = AXIS2_PLACEMENT_3D('',#18934,#18935,#18936);
#18934 = CARTESIAN_POINT('',(0.6,7.85,0.25));
#18935 = DIRECTION('',(2.22044604925E-16,-1.,-6.661338147751E-16));
#18936 = DIRECTION('',(2.22044604925E-16,6.661338147751E-16,-1.));
#18937 = ADVANCED_FACE('',(#18938),#18949,.F.);
#18938 = FACE_BOUND('',#18939,.F.);
#18939 = EDGE_LOOP('',(#18940,#18941,#18947,#18948));
#18940 = ORIENTED_EDGE('',*,*,#18561,.T.);
#18941 = ORIENTED_EDGE('',*,*,#18942,.T.);
#18942 = EDGE_CURVE('',#18554,#18670,#18943,.T.);
#18943 = LINE('',#18944,#18945);
#18944 = CARTESIAN_POINT('',(0.6,7.8,0.2));
#18945 = VECTOR('',#18946,1.);
#18946 = DIRECTION('',(-1.,-2.22044604925E-16,-2.775557561563E-16));
#18947 = ORIENTED_EDGE('',*,*,#18677,.F.);
#18948 = ORIENTED_EDGE('',*,*,#18924,.F.);
#18949 = CYLINDRICAL_SURFACE('',#18950,5.E-02);
#18950 = AXIS2_PLACEMENT_3D('',#18951,#18952,#18953);
#18951 = CARTESIAN_POINT('',(0.6,7.8,0.25));
#18952 = DIRECTION('',(1.,2.22044604925E-16,2.22044604925E-16));
#18953 = DIRECTION('',(2.22044604925E-16,-1.,-6.661338147751E-16));
#18954 = ADVANCED_FACE('',(#18955),#18966,.T.);
#18955 = FACE_BOUND('',#18956,.F.);
#18956 = EDGE_LOOP('',(#18957,#18963,#18964,#18965));
#18957 = ORIENTED_EDGE('',*,*,#18958,.T.);
#18958 = EDGE_CURVE('',#18545,#18661,#18959,.T.);
#18959 = LINE('',#18960,#18961);
#18960 = CARTESIAN_POINT('',(0.6,7.3,0.2));
#18961 = VECTOR('',#18962,1.);
#18962 = DIRECTION('',(-1.,-2.22044604925E-16,-2.775557561563E-16));
#18963 = ORIENTED_EDGE('',*,*,#18669,.T.);
#18964 = ORIENTED_EDGE('',*,*,#18942,.F.);
#18965 = ORIENTED_EDGE('',*,*,#18553,.F.);
#18966 = PLANE('',#18967);
#18967 = AXIS2_PLACEMENT_3D('',#18968,#18969,#18970);
#18968 = CARTESIAN_POINT('',(0.6,7.3,0.2));
#18969 = DIRECTION('',(-2.775557561563E-16,-6.661338147751E-16,1.));
#18970 = DIRECTION('',(2.22044604925E-16,-1.,-6.661338147751E-16));
#18971 = ADVANCED_FACE('',(#18972),#18983,.F.);
#18972 = FACE_BOUND('',#18973,.F.);
#18973 = EDGE_LOOP('',(#18974,#18975,#18981,#18982));
#18974 = ORIENTED_EDGE('',*,*,#18544,.T.);
#18975 = ORIENTED_EDGE('',*,*,#18976,.T.);
#18976 = EDGE_CURVE('',#18537,#18653,#18977,.T.);
#18977 = LINE('',#18978,#18979);
#18978 = CARTESIAN_POINT('',(0.6,7.25,0.25));
#18979 = VECTOR('',#18980,1.);
#18980 = DIRECTION('',(-1.,-2.22044604925E-16,-2.775557561563E-16));
#18981 = ORIENTED_EDGE('',*,*,#18660,.F.);
#18982 = ORIENTED_EDGE('',*,*,#18958,.F.);
#18983 = CYLINDRICAL_SURFACE('',#18984,5.E-02);
#18984 = AXIS2_PLACEMENT_3D('',#18985,#18986,#18987);
#18985 = CARTESIAN_POINT('',(0.6,7.3,0.25));
#18986 = DIRECTION('',(1.,2.22044604925E-16,2.22044604925E-16));
#18987 = DIRECTION('',(2.22044604925E-16,-1.,-6.661338147751E-16));
#18988 = ADVANCED_FACE('',(#18989),#18995,.T.);
#18989 = FACE_BOUND('',#18990,.F.);
#18990 = EDGE_LOOP('',(#18991,#18992,#18993,#18994));
#18991 = ORIENTED_EDGE('',*,*,#18708,.T.);
#18992 = ORIENTED_EDGE('',*,*,#18652,.T.);
#18993 = ORIENTED_EDGE('',*,*,#18976,.F.);
#18994 = ORIENTED_EDGE('',*,*,#18536,.F.);
#18995 = PLANE('',#18996);
#18996 = AXIS2_PLACEMENT_3D('',#18997,#18998,#18999);
#18997 = CARTESIAN_POINT('',(0.6,7.25,0.8));
#18998 = DIRECTION('',(-2.22044604925E-16,1.,6.661338147751E-16));
#18999 = DIRECTION('',(-2.22044604925E-16,-6.661338147751E-16,1.));
#19000 = ADVANCED_FACE('',(#19001),#19012,.F.);
#19001 = FACE_BOUND('',#19002,.T.);
#19002 = EDGE_LOOP('',(#19003,#19004,#19005,#19011));
#19003 = ORIENTED_EDGE('',*,*,#18603,.T.);
#19004 = ORIENTED_EDGE('',*,*,#18636,.T.);
#19005 = ORIENTED_EDGE('',*,*,#19006,.F.);
#19006 = EDGE_CURVE('',#18481,#18628,#19007,.T.);
#19007 = LINE('',#19008,#19009);
#19008 = CARTESIAN_POINT('',(0.6,7.95,5.428990590417E-15));
#19009 = VECTOR('',#19010,1.);
#19010 = DIRECTION('',(-1.,-2.22044604925E-16,-2.775557561563E-16));
#19011 = ORIENTED_EDGE('',*,*,#18489,.F.);
#19012 = PLANE('',#19013);
#19013 = AXIS2_PLACEMENT_3D('',#19014,#19015,#19016);
#19014 = CARTESIAN_POINT('',(0.6,7.15,4.896083538597E-15));
#19015 = DIRECTION('',(-2.775557561563E-16,-6.661338147751E-16,1.));
#19016 = DIRECTION('',(2.22044604925E-16,-1.,-6.661338147751E-16));
#19017 = ADVANCED_FACE('',(#19018),#19024,.T.);
#19018 = FACE_BOUND('',#19019,.T.);
#19019 = EDGE_LOOP('',(#19020,#19021,#19022,#19023));
#19020 = ORIENTED_EDGE('',*,*,#18480,.T.);
#19021 = ORIENTED_EDGE('',*,*,#19006,.T.);
#19022 = ORIENTED_EDGE('',*,*,#18627,.F.);
#19023 = ORIENTED_EDGE('',*,*,#18885,.F.);
#19024 = CYLINDRICAL_SURFACE('',#19025,0.1);
#19025 = AXIS2_PLACEMENT_3D('',#19026,#19027,#19028);
#19026 = CARTESIAN_POINT('',(0.6,7.95,0.1));
#19027 = DIRECTION('',(1.,2.22044604925E-16,2.22044604925E-16));
#19028 = DIRECTION('',(2.22044604925E-16,-1.,-6.661338147751E-16));
#19029 = ( GEOMETRIC_REPRESENTATION_CONTEXT(3) 
GLOBAL_UNCERTAINTY_ASSIGNED_CONTEXT((#19033)) 
GLOBAL_UNIT_ASSIGNED_CONTEXT((#19030,#19031,#19032)) 
REPRESENTATION_CONTEXT('Context #1',
  '3D Context with UNIT and UNCERTAINTY') );
#19030 = ( LENGTH_UNIT() NAMED_UNIT(*) SI_UNIT(.MILLI.,.METRE.) );
#19031 = ( NAMED_UNIT(*) PLANE_ANGLE_UNIT() SI_UNIT($,.RADIAN.) );
#19032 = ( NAMED_UNIT(*) SI_UNIT($,.STERADIAN.) SOLID_ANGLE_UNIT() );
#19033 = UNCERTAINTY_MEASURE_WITH_UNIT(LENGTH_MEASURE(1.E-07),#19030,
  'distance_accuracy_value','confusion accuracy');
#19034 = CONTEXT_DEPENDENT_SHAPE_REPRESENTATION(#19035,#19037);
#19035 = ( REPRESENTATION_RELATIONSHIP('','',#9082,#8051) 
REPRESENTATION_RELATIONSHIP_WITH_TRANSFORMATION(#19036) 
SHAPE_REPRESENTATION_RELATIONSHIP() );
#19036 = ITEM_DEFINED_TRANSFORMATION('','',#11,#8060);
#19037 = PRODUCT_DEFINITION_SHAPE('Placement','Placement of an item',
  #19038);
#19038 = NEXT_ASSEMBLY_USAGE_OCCURRENCE('23','pins','',#8046,#9077,$);
#19039 = PRODUCT_RELATED_PRODUCT_CATEGORY('part',$,(#9079));
#19040 = CONTEXT_DEPENDENT_SHAPE_REPRESENTATION(#19041,#19043);
#19041 = ( REPRESENTATION_RELATIONSHIP('','',#1863,#10) 
REPRESENTATION_RELATIONSHIP_WITH_TRANSFORMATION(#19042) 
SHAPE_REPRESENTATION_RELATIONSHIP() );
#19042 = ITEM_DEFINED_TRANSFORMATION('','',#11,#83);
#19043 = PRODUCT_DEFINITION_SHAPE('Placement','Placement of an item',
  #19044);
#19044 = NEXT_ASSEMBLY_USAGE_OCCURRENCE('26','SW2','',#5,#1858,$);
#19045 = CONTEXT_DEPENDENT_SHAPE_REPRESENTATION(#19046,#19048);
#19046 = ( REPRESENTATION_RELATIONSHIP('','',#120,#10) 
REPRESENTATION_RELATIONSHIP_WITH_TRANSFORMATION(#19047) 
SHAPE_REPRESENTATION_RELATIONSHIP() );
#19047 = ITEM_DEFINED_TRANSFORMATION('','',#11,#87);
#19048 = PRODUCT_DEFINITION_SHAPE('Placement','Placement of an item',
  #19049);
#19049 = NEXT_ASSEMBLY_USAGE_OCCURRENCE('27','R4','',#5,#115,$);
#19050 = CONTEXT_DEPENDENT_SHAPE_REPRESENTATION(#19051,#19053);
#19051 = ( REPRESENTATION_RELATIONSHIP('','',#952,#10) 
REPRESENTATION_RELATIONSHIP_WITH_TRANSFORMATION(#19052) 
SHAPE_REPRESENTATION_RELATIONSHIP() );
#19052 = ITEM_DEFINED_TRANSFORMATION('','',#11,#91);
#19053 = PRODUCT_DEFINITION_SHAPE('Placement','Placement of an item',
  #19054);
#19054 = NEXT_ASSEMBLY_USAGE_OCCURRENCE('28','C4','',#5,#947,$);
#19055 = CONTEXT_DEPENDENT_SHAPE_REPRESENTATION(#19056,#19058);
#19056 = ( REPRESENTATION_RELATIONSHIP('','',#5979,#10) 
REPRESENTATION_RELATIONSHIP_WITH_TRANSFORMATION(#19057) 
SHAPE_REPRESENTATION_RELATIONSHIP() );
#19057 = ITEM_DEFINED_TRANSFORMATION('','',#11,#95);
#19058 = PRODUCT_DEFINITION_SHAPE('Placement','Placement of an item',
  #19059);
#19059 = NEXT_ASSEMBLY_USAGE_OCCURRENCE('29','Q1','',#5,#5974,$);
#19060 = CONTEXT_DEPENDENT_SHAPE_REPRESENTATION(#19061,#19063);
#19061 = ( REPRESENTATION_RELATIONSHIP('','',#952,#10) 
REPRESENTATION_RELATIONSHIP_WITH_TRANSFORMATION(#19062) 
SHAPE_REPRESENTATION_RELATIONSHIP() );
#19062 = ITEM_DEFINED_TRANSFORMATION('','',#11,#99);
#19063 = PRODUCT_DEFINITION_SHAPE('Placement','Placement of an item',
  #19064);
#19064 = NEXT_ASSEMBLY_USAGE_OCCURRENCE('30','C1','',#5,#947,$);
#19065 = SHAPE_DEFINITION_REPRESENTATION(#19066,#19072);
#19066 = PRODUCT_DEFINITION_SHAPE('','',#19067);
#19067 = PRODUCT_DEFINITION('design','',#19068,#19071);
#19068 = PRODUCT_DEFINITION_FORMATION('','',#19069);
#19069 = PRODUCT('BogenampelV3_PCB','BogenampelV3_PCB','',(#19070));
#19070 = PRODUCT_CONTEXT('',#2,'mechanical');
#19071 = PRODUCT_DEFINITION_CONTEXT('part definition',#2,'design');
#19072 = ADVANCED_BREP_SHAPE_REPRESENTATION('',(#11,#19073),#19971);
#19073 = MANIFOLD_SOLID_BREP('',#19074);
#19074 = CLOSED_SHELL('',(#19075,#19115,#19146,#19177,#19398,#19619,
    #19631,#19648,#19665,#19682,#19699,#19716,#19733,#19750,#19767,
    #19784,#19801,#19818,#19835,#19857,#19874,#19891,#19903,#19925,
    #19942,#19959));
#19075 = ADVANCED_FACE('',(#19076),#19110,.T.);
#19076 = FACE_BOUND('',#19077,.T.);
#19077 = EDGE_LOOP('',(#19078,#19088,#19096,#19104));
#19078 = ORIENTED_EDGE('',*,*,#19079,.T.);
#19079 = EDGE_CURVE('',#19080,#19082,#19084,.T.);
#19080 = VERTEX_POINT('',#19081);
#19081 = CARTESIAN_POINT('',(200.,-100.,0.));
#19082 = VERTEX_POINT('',#19083);
#19083 = CARTESIAN_POINT('',(200.,-100.,1.51));
#19084 = LINE('',#19085,#19086);
#19085 = CARTESIAN_POINT('',(200.,-100.,0.));
#19086 = VECTOR('',#19087,1.);
#19087 = DIRECTION('',(0.,0.,1.));
#19088 = ORIENTED_EDGE('',*,*,#19089,.T.);
#19089 = EDGE_CURVE('',#19082,#19090,#19092,.T.);
#19090 = VERTEX_POINT('',#19091);
#19091 = CARTESIAN_POINT('',(80.,-100.,1.51));
#19092 = LINE('',#19093,#19094);
#19093 = CARTESIAN_POINT('',(200.,-100.,1.51));
#19094 = VECTOR('',#19095,1.);
#19095 = DIRECTION('',(-1.,0.,0.));
#19096 = ORIENTED_EDGE('',*,*,#19097,.F.);
#19097 = EDGE_CURVE('',#19098,#19090,#19100,.T.);
#19098 = VERTEX_POINT('',#19099);
#19099 = CARTESIAN_POINT('',(80.,-100.,0.));
#19100 = LINE('',#19101,#19102);
#19101 = CARTESIAN_POINT('',(80.,-100.,0.));
#19102 = VECTOR('',#19103,1.);
#19103 = DIRECTION('',(0.,0.,1.));
#19104 = ORIENTED_EDGE('',*,*,#19105,.F.);
#19105 = EDGE_CURVE('',#19080,#19098,#19106,.T.);
#19106 = LINE('',#19107,#19108);
#19107 = CARTESIAN_POINT('',(200.,-100.,0.));
#19108 = VECTOR('',#19109,1.);
#19109 = DIRECTION('',(-1.,0.,0.));
#19110 = PLANE('',#19111);
#19111 = AXIS2_PLACEMENT_3D('',#19112,#19113,#19114);
#19112 = CARTESIAN_POINT('',(200.,-100.,0.));
#19113 = DIRECTION('',(0.,-1.,0.));
#19114 = DIRECTION('',(-1.,0.,0.));
#19115 = ADVANCED_FACE('',(#19116),#19141,.T.);
#19116 = FACE_BOUND('',#19117,.T.);
#19117 = EDGE_LOOP('',(#19118,#19128,#19134,#19135));
#19118 = ORIENTED_EDGE('',*,*,#19119,.T.);
#19119 = EDGE_CURVE('',#19120,#19122,#19124,.T.);
#19120 = VERTEX_POINT('',#19121);
#19121 = CARTESIAN_POINT('',(200.,-64.,0.));
#19122 = VERTEX_POINT('',#19123);
#19123 = CARTESIAN_POINT('',(200.,-64.,1.51));
#19124 = LINE('',#19125,#19126);
#19125 = CARTESIAN_POINT('',(200.,-64.,0.));
#19126 = VECTOR('',#19127,1.);
#19127 = DIRECTION('',(0.,0.,1.));
#19128 = ORIENTED_EDGE('',*,*,#19129,.T.);
#19129 = EDGE_CURVE('',#19122,#19082,#19130,.T.);
#19130 = LINE('',#19131,#19132);
#19131 = CARTESIAN_POINT('',(200.,-64.,1.51));
#19132 = VECTOR('',#19133,1.);
#19133 = DIRECTION('',(0.,-1.,0.));
#19134 = ORIENTED_EDGE('',*,*,#19079,.F.);
#19135 = ORIENTED_EDGE('',*,*,#19136,.F.);
#19136 = EDGE_CURVE('',#19120,#19080,#19137,.T.);
#19137 = LINE('',#19138,#19139);
#19138 = CARTESIAN_POINT('',(200.,-64.,0.));
#19139 = VECTOR('',#19140,1.);
#19140 = DIRECTION('',(0.,-1.,0.));
#19141 = PLANE('',#19142);
#19142 = AXIS2_PLACEMENT_3D('',#19143,#19144,#19145);
#19143 = CARTESIAN_POINT('',(200.,-64.,0.));
#19144 = DIRECTION('',(1.,0.,-0.));
#19145 = DIRECTION('',(0.,-1.,0.));
#19146 = ADVANCED_FACE('',(#19147),#19172,.T.);
#19147 = FACE_BOUND('',#19148,.T.);
#19148 = EDGE_LOOP('',(#19149,#19150,#19158,#19166));
#19149 = ORIENTED_EDGE('',*,*,#19097,.T.);
#19150 = ORIENTED_EDGE('',*,*,#19151,.T.);
#19151 = EDGE_CURVE('',#19090,#19152,#19154,.T.);
#19152 = VERTEX_POINT('',#19153);
#19153 = CARTESIAN_POINT('',(80.,-64.,1.51));
#19154 = LINE('',#19155,#19156);
#19155 = CARTESIAN_POINT('',(80.,-100.,1.51));
#19156 = VECTOR('',#19157,1.);
#19157 = DIRECTION('',(0.,1.,0.));
#19158 = ORIENTED_EDGE('',*,*,#19159,.F.);
#19159 = EDGE_CURVE('',#19160,#19152,#19162,.T.);
#19160 = VERTEX_POINT('',#19161);
#19161 = CARTESIAN_POINT('',(80.,-64.,0.));
#19162 = LINE('',#19163,#19164);
#19163 = CARTESIAN_POINT('',(80.,-64.,0.));
#19164 = VECTOR('',#19165,1.);
#19165 = DIRECTION('',(0.,0.,1.));
#19166 = ORIENTED_EDGE('',*,*,#19167,.F.);
#19167 = EDGE_CURVE('',#19098,#19160,#19168,.T.);
#19168 = LINE('',#19169,#19170);
#19169 = CARTESIAN_POINT('',(80.,-100.,0.));
#19170 = VECTOR('',#19171,1.);
#19171 = DIRECTION('',(0.,1.,0.));
#19172 = PLANE('',#19173);
#19173 = AXIS2_PLACEMENT_3D('',#19174,#19175,#19176);
#19174 = CARTESIAN_POINT('',(80.,-100.,0.));
#19175 = DIRECTION('',(-1.,0.,0.));
#19176 = DIRECTION('',(0.,1.,0.));
#19177 = ADVANCED_FACE('',(#19178,#19189,#19200,#19211,#19222,#19233,
    #19244,#19255,#19266,#19277,#19288,#19299,#19310,#19321,#19357),
  #19393,.F.);
#19178 = FACE_BOUND('',#19179,.F.);
#19179 = EDGE_LOOP('',(#19180,#19181,#19182,#19188));
#19180 = ORIENTED_EDGE('',*,*,#19105,.F.);
#19181 = ORIENTED_EDGE('',*,*,#19136,.F.);
#19182 = ORIENTED_EDGE('',*,*,#19183,.F.);
#19183 = EDGE_CURVE('',#19160,#19120,#19184,.T.);
#19184 = LINE('',#19185,#19186);
#19185 = CARTESIAN_POINT('',(80.,-64.,0.));
#19186 = VECTOR('',#19187,1.);
#19187 = DIRECTION('',(1.,0.,0.));
#19188 = ORIENTED_EDGE('',*,*,#19167,.F.);
#19189 = FACE_BOUND('',#19190,.F.);
#19190 = EDGE_LOOP('',(#19191));
#19191 = ORIENTED_EDGE('',*,*,#19192,.T.);
#19192 = EDGE_CURVE('',#19193,#19193,#19195,.T.);
#19193 = VERTEX_POINT('',#19194);
#19194 = CARTESIAN_POINT('',(88.265,-97.35,0.));
#19195 = CIRCLE('',#19196,0.35);
#19196 = AXIS2_PLACEMENT_3D('',#19197,#19198,#19199);
#19197 = CARTESIAN_POINT('',(88.265,-97.,0.));
#19198 = DIRECTION('',(-0.,0.,-1.));
#19199 = DIRECTION('',(-0.,-1.,0.));
#19200 = FACE_BOUND('',#19201,.F.);
#19201 = EDGE_LOOP('',(#19202));
#19202 = ORIENTED_EDGE('',*,*,#19203,.T.);
#19203 = EDGE_CURVE('',#19204,#19204,#19206,.T.);
#19204 = VERTEX_POINT('',#19205);
#19205 = CARTESIAN_POINT('',(88.265,-93.35,0.));
#19206 = CIRCLE('',#19207,0.35);
#19207 = AXIS2_PLACEMENT_3D('',#19208,#19209,#19210);
#19208 = CARTESIAN_POINT('',(88.265,-93.,0.));
#19209 = DIRECTION('',(-0.,0.,-1.));
#19210 = DIRECTION('',(-0.,-1.,0.));
#19211 = FACE_BOUND('',#19212,.F.);
#19212 = EDGE_LOOP('',(#19213));
#19213 = ORIENTED_EDGE('',*,*,#19214,.T.);
#19214 = EDGE_CURVE('',#19215,#19215,#19217,.T.);
#19215 = VERTEX_POINT('',#19216);
#19216 = CARTESIAN_POINT('',(107.,-92.6,0.));
#19217 = CIRCLE('',#19218,0.6);
#19218 = AXIS2_PLACEMENT_3D('',#19219,#19220,#19221);
#19219 = CARTESIAN_POINT('',(107.,-92.,0.));
#19220 = DIRECTION('',(-0.,0.,-1.));
#19221 = DIRECTION('',(-0.,-1.,0.));
#19222 = FACE_BOUND('',#19223,.F.);
#19223 = EDGE_LOOP('',(#19224));
#19224 = ORIENTED_EDGE('',*,*,#19225,.T.);
#19225 = EDGE_CURVE('',#19226,#19226,#19228,.T.);
#19226 = VERTEX_POINT('',#19227);
#19227 = CARTESIAN_POINT('',(88.297335,-89.25,0.));
#19228 = CIRCLE('',#19229,0.35);
#19229 = AXIS2_PLACEMENT_3D('',#19230,#19231,#19232);
#19230 = CARTESIAN_POINT('',(88.297335,-88.9,0.));
#19231 = DIRECTION('',(-0.,0.,-1.));
#19232 = DIRECTION('',(-0.,-1.,0.));
#19233 = FACE_BOUND('',#19234,.F.);
#19234 = EDGE_LOOP('',(#19235));
#19235 = ORIENTED_EDGE('',*,*,#19236,.T.);
#19236 = EDGE_CURVE('',#19237,#19237,#19239,.T.);
#19237 = VERTEX_POINT('',#19238);
#19238 = CARTESIAN_POINT('',(88.297335,-85.44,0.));
#19239 = CIRCLE('',#19240,0.35);
#19240 = AXIS2_PLACEMENT_3D('',#19241,#19242,#19243);
#19241 = CARTESIAN_POINT('',(88.297335,-85.09,0.));
#19242 = DIRECTION('',(-0.,0.,-1.));
#19243 = DIRECTION('',(-0.,-1.,0.));
#19244 = FACE_BOUND('',#19245,.F.);
#19245 = EDGE_LOOP('',(#19246));
#19246 = ORIENTED_EDGE('',*,*,#19247,.T.);
#19247 = EDGE_CURVE('',#19248,#19248,#19250,.T.);
#19248 = VERTEX_POINT('',#19249);
#19249 = CARTESIAN_POINT('',(107.,-87.6,0.));
#19250 = CIRCLE('',#19251,0.6);
#19251 = AXIS2_PLACEMENT_3D('',#19252,#19253,#19254);
#19252 = CARTESIAN_POINT('',(107.,-87.,0.));
#19253 = DIRECTION('',(-0.,0.,-1.));
#19254 = DIRECTION('',(-0.,-1.,0.));
#19255 = FACE_BOUND('',#19256,.F.);
#19256 = EDGE_LOOP('',(#19257));
#19257 = ORIENTED_EDGE('',*,*,#19258,.T.);
#19258 = EDGE_CURVE('',#19259,#19259,#19261,.T.);
#19259 = VERTEX_POINT('',#19260);
#19260 = CARTESIAN_POINT('',(119.5,-92.6,0.));
#19261 = CIRCLE('',#19262,0.6);
#19262 = AXIS2_PLACEMENT_3D('',#19263,#19264,#19265);
#19263 = CARTESIAN_POINT('',(119.5,-92.,0.));
#19264 = DIRECTION('',(-0.,0.,-1.));
#19265 = DIRECTION('',(-0.,-1.,0.));
#19266 = FACE_BOUND('',#19267,.F.);
#19267 = EDGE_LOOP('',(#19268));
#19268 = ORIENTED_EDGE('',*,*,#19269,.T.);
#19269 = EDGE_CURVE('',#19270,#19270,#19272,.T.);
#19270 = VERTEX_POINT('',#19271);
#19271 = CARTESIAN_POINT('',(119.5,-87.6,0.));
#19272 = CIRCLE('',#19273,0.6);
#19273 = AXIS2_PLACEMENT_3D('',#19274,#19275,#19276);
#19274 = CARTESIAN_POINT('',(119.5,-87.,0.));
#19275 = DIRECTION('',(-0.,0.,-1.));
#19276 = DIRECTION('',(-0.,-1.,0.));
#19277 = FACE_BOUND('',#19278,.F.);
#19278 = EDGE_LOOP('',(#19279));
#19279 = ORIENTED_EDGE('',*,*,#19280,.T.);
#19280 = EDGE_CURVE('',#19281,#19281,#19283,.T.);
#19281 = VERTEX_POINT('',#19282);
#19282 = CARTESIAN_POINT('',(107.,-75.6,0.));
#19283 = CIRCLE('',#19284,0.6);
#19284 = AXIS2_PLACEMENT_3D('',#19285,#19286,#19287);
#19285 = CARTESIAN_POINT('',(107.,-75.,0.));
#19286 = DIRECTION('',(-0.,0.,-1.));
#19287 = DIRECTION('',(-0.,-1.,0.));
#19288 = FACE_BOUND('',#19289,.F.);
#19289 = EDGE_LOOP('',(#19290));
#19290 = ORIENTED_EDGE('',*,*,#19291,.T.);
#19291 = EDGE_CURVE('',#19292,#19292,#19294,.T.);
#19292 = VERTEX_POINT('',#19293);
#19293 = CARTESIAN_POINT('',(107.,-70.6,0.));
#19294 = CIRCLE('',#19295,0.6);
#19295 = AXIS2_PLACEMENT_3D('',#19296,#19297,#19298);
#19296 = CARTESIAN_POINT('',(107.,-70.,0.));
#19297 = DIRECTION('',(-0.,0.,-1.));
#19298 = DIRECTION('',(-0.,-1.,0.));
#19299 = FACE_BOUND('',#19300,.F.);
#19300 = EDGE_LOOP('',(#19301));
#19301 = ORIENTED_EDGE('',*,*,#19302,.T.);
#19302 = EDGE_CURVE('',#19303,#19303,#19305,.T.);
#19303 = VERTEX_POINT('',#19304);
#19304 = CARTESIAN_POINT('',(119.5,-75.6,0.));
#19305 = CIRCLE('',#19306,0.6);
#19306 = AXIS2_PLACEMENT_3D('',#19307,#19308,#19309);
#19307 = CARTESIAN_POINT('',(119.5,-75.,0.));
#19308 = DIRECTION('',(-0.,0.,-1.));
#19309 = DIRECTION('',(-0.,-1.,0.));
#19310 = FACE_BOUND('',#19311,.F.);
#19311 = EDGE_LOOP('',(#19312));
#19312 = ORIENTED_EDGE('',*,*,#19313,.T.);
#19313 = EDGE_CURVE('',#19314,#19314,#19316,.T.);
#19314 = VERTEX_POINT('',#19315);
#19315 = CARTESIAN_POINT('',(119.5,-70.6,0.));
#19316 = CIRCLE('',#19317,0.6);
#19317 = AXIS2_PLACEMENT_3D('',#19318,#19319,#19320);
#19318 = CARTESIAN_POINT('',(119.5,-70.,0.));
#19319 = DIRECTION('',(-0.,0.,-1.));
#19320 = DIRECTION('',(-0.,-1.,0.));
#19321 = FACE_BOUND('',#19322,.F.);
#19322 = EDGE_LOOP('',(#19323,#19334,#19342,#19351));
#19323 = ORIENTED_EDGE('',*,*,#19324,.T.);
#19324 = EDGE_CURVE('',#19325,#19327,#19329,.T.);
#19325 = VERTEX_POINT('',#19326);
#19326 = CARTESIAN_POINT('',(130.135,-74.58,0.));
#19327 = VERTEX_POINT('',#19328);
#19328 = CARTESIAN_POINT('',(130.135,-75.58,0.));
#19329 = CIRCLE('',#19330,0.5);
#19330 = AXIS2_PLACEMENT_3D('',#19331,#19332,#19333);
#19331 = CARTESIAN_POINT('',(130.135,-75.08,0.));
#19332 = DIRECTION('',(-0.,0.,-1.));
#19333 = DIRECTION('',(-0.,-1.,0.));
#19334 = ORIENTED_EDGE('',*,*,#19335,.T.);
#19335 = EDGE_CURVE('',#19327,#19336,#19338,.T.);
#19336 = VERTEX_POINT('',#19337);
#19337 = CARTESIAN_POINT('',(129.135,-75.58,0.));
#19338 = LINE('',#19339,#19340);
#19339 = CARTESIAN_POINT('',(64.5675,-75.58,0.));
#19340 = VECTOR('',#19341,1.);
#19341 = DIRECTION('',(-1.,0.,0.));
#19342 = ORIENTED_EDGE('',*,*,#19343,.T.);
#19343 = EDGE_CURVE('',#19336,#19344,#19346,.T.);
#19344 = VERTEX_POINT('',#19345);
#19345 = CARTESIAN_POINT('',(129.135,-74.58,0.));
#19346 = CIRCLE('',#19347,0.5);
#19347 = AXIS2_PLACEMENT_3D('',#19348,#19349,#19350);
#19348 = CARTESIAN_POINT('',(129.135,-75.08,0.));
#19349 = DIRECTION('',(-0.,0.,-1.));
#19350 = DIRECTION('',(0.,1.,0.));
#19351 = ORIENTED_EDGE('',*,*,#19352,.T.);
#19352 = EDGE_CURVE('',#19344,#19325,#19353,.T.);
#19353 = LINE('',#19354,#19355);
#19354 = CARTESIAN_POINT('',(65.0675,-74.58,0.));
#19355 = VECTOR('',#19356,1.);
#19356 = DIRECTION('',(1.,0.,-0.));
#19357 = FACE_BOUND('',#19358,.F.);
#19358 = EDGE_LOOP('',(#19359,#19370,#19378,#19387));
#19359 = ORIENTED_EDGE('',*,*,#19360,.T.);
#19360 = EDGE_CURVE('',#19361,#19363,#19365,.T.);
#19361 = VERTEX_POINT('',#19362);
#19362 = CARTESIAN_POINT('',(130.146,-72.68,0.));
#19363 = VERTEX_POINT('',#19364);
#19364 = CARTESIAN_POINT('',(130.146,-73.68,0.));
#19365 = CIRCLE('',#19366,0.5);
#19366 = AXIS2_PLACEMENT_3D('',#19367,#19368,#19369);
#19367 = CARTESIAN_POINT('',(130.146,-73.18,0.));
#19368 = DIRECTION('',(-0.,0.,-1.));
#19369 = DIRECTION('',(-0.,-1.,0.));
#19370 = ORIENTED_EDGE('',*,*,#19371,.T.);
#19371 = EDGE_CURVE('',#19363,#19372,#19374,.T.);
#19372 = VERTEX_POINT('',#19373);
#19373 = CARTESIAN_POINT('',(129.146,-73.68,0.));
#19374 = LINE('',#19375,#19376);
#19375 = CARTESIAN_POINT('',(64.573,-73.68,0.));
#19376 = VECTOR('',#19377,1.);
#19377 = DIRECTION('',(-1.,0.,0.));
#19378 = ORIENTED_EDGE('',*,*,#19379,.T.);
#19379 = EDGE_CURVE('',#19372,#19380,#19382,.T.);
#19380 = VERTEX_POINT('',#19381);
#19381 = CARTESIAN_POINT('',(129.146,-72.68,0.));
#19382 = CIRCLE('',#19383,0.5);
#19383 = AXIS2_PLACEMENT_3D('',#19384,#19385,#19386);
#19384 = CARTESIAN_POINT('',(129.146,-73.18,0.));
#19385 = DIRECTION('',(-0.,0.,-1.));
#19386 = DIRECTION('',(0.,1.,0.));
#19387 = ORIENTED_EDGE('',*,*,#19388,.T.);
#19388 = EDGE_CURVE('',#19380,#19361,#19389,.T.);
#19389 = LINE('',#19390,#19391);
#19390 = CARTESIAN_POINT('',(65.073,-72.68,0.));
#19391 = VECTOR('',#19392,1.);
#19392 = DIRECTION('',(1.,0.,-0.));
#19393 = PLANE('',#19394);
#19394 = AXIS2_PLACEMENT_3D('',#19395,#19396,#19397);
#19395 = CARTESIAN_POINT('',(0.,0.,0.));
#19396 = DIRECTION('',(0.,0.,1.));
#19397 = DIRECTION('',(1.,0.,-0.));
#19398 = ADVANCED_FACE('',(#19399,#19410,#19421,#19432,#19443,#19454,
    #19465,#19476,#19487,#19498,#19509,#19520,#19531,#19542,#19578),
  #19614,.T.);
#19399 = FACE_BOUND('',#19400,.T.);
#19400 = EDGE_LOOP('',(#19401,#19402,#19403,#19409));
#19401 = ORIENTED_EDGE('',*,*,#19089,.F.);
#19402 = ORIENTED_EDGE('',*,*,#19129,.F.);
#19403 = ORIENTED_EDGE('',*,*,#19404,.F.);
#19404 = EDGE_CURVE('',#19152,#19122,#19405,.T.);
#19405 = LINE('',#19406,#19407);
#19406 = CARTESIAN_POINT('',(80.,-64.,1.51));
#19407 = VECTOR('',#19408,1.);
#19408 = DIRECTION('',(1.,0.,0.));
#19409 = ORIENTED_EDGE('',*,*,#19151,.F.);
#19410 = FACE_BOUND('',#19411,.T.);
#19411 = EDGE_LOOP('',(#19412));
#19412 = ORIENTED_EDGE('',*,*,#19413,.T.);
#19413 = EDGE_CURVE('',#19414,#19414,#19416,.T.);
#19414 = VERTEX_POINT('',#19415);
#19415 = CARTESIAN_POINT('',(88.265,-97.35,1.51));
#19416 = CIRCLE('',#19417,0.35);
#19417 = AXIS2_PLACEMENT_3D('',#19418,#19419,#19420);
#19418 = CARTESIAN_POINT('',(88.265,-97.,1.51));
#19419 = DIRECTION('',(-0.,0.,-1.));
#19420 = DIRECTION('',(-0.,-1.,0.));
#19421 = FACE_BOUND('',#19422,.T.);
#19422 = EDGE_LOOP('',(#19423));
#19423 = ORIENTED_EDGE('',*,*,#19424,.T.);
#19424 = EDGE_CURVE('',#19425,#19425,#19427,.T.);
#19425 = VERTEX_POINT('',#19426);
#19426 = CARTESIAN_POINT('',(88.265,-93.35,1.51));
#19427 = CIRCLE('',#19428,0.35);
#19428 = AXIS2_PLACEMENT_3D('',#19429,#19430,#19431);
#19429 = CARTESIAN_POINT('',(88.265,-93.,1.51));
#19430 = DIRECTION('',(-0.,0.,-1.));
#19431 = DIRECTION('',(-0.,-1.,0.));
#19432 = FACE_BOUND('',#19433,.T.);
#19433 = EDGE_LOOP('',(#19434));
#19434 = ORIENTED_EDGE('',*,*,#19435,.T.);
#19435 = EDGE_CURVE('',#19436,#19436,#19438,.T.);
#19436 = VERTEX_POINT('',#19437);
#19437 = CARTESIAN_POINT('',(107.,-92.6,1.51));
#19438 = CIRCLE('',#19439,0.6);
#19439 = AXIS2_PLACEMENT_3D('',#19440,#19441,#19442);
#19440 = CARTESIAN_POINT('',(107.,-92.,1.51));
#19441 = DIRECTION('',(-0.,0.,-1.));
#19442 = DIRECTION('',(-0.,-1.,0.));
#19443 = FACE_BOUND('',#19444,.T.);
#19444 = EDGE_LOOP('',(#19445));
#19445 = ORIENTED_EDGE('',*,*,#19446,.T.);
#19446 = EDGE_CURVE('',#19447,#19447,#19449,.T.);
#19447 = VERTEX_POINT('',#19448);
#19448 = CARTESIAN_POINT('',(88.297335,-89.25,1.51));
#19449 = CIRCLE('',#19450,0.35);
#19450 = AXIS2_PLACEMENT_3D('',#19451,#19452,#19453);
#19451 = CARTESIAN_POINT('',(88.297335,-88.9,1.51));
#19452 = DIRECTION('',(-0.,0.,-1.));
#19453 = DIRECTION('',(-0.,-1.,0.));
#19454 = FACE_BOUND('',#19455,.T.);
#19455 = EDGE_LOOP('',(#19456));
#19456 = ORIENTED_EDGE('',*,*,#19457,.T.);
#19457 = EDGE_CURVE('',#19458,#19458,#19460,.T.);
#19458 = VERTEX_POINT('',#19459);
#19459 = CARTESIAN_POINT('',(88.297335,-85.44,1.51));
#19460 = CIRCLE('',#19461,0.35);
#19461 = AXIS2_PLACEMENT_3D('',#19462,#19463,#19464);
#19462 = CARTESIAN_POINT('',(88.297335,-85.09,1.51));
#19463 = DIRECTION('',(-0.,0.,-1.));
#19464 = DIRECTION('',(-0.,-1.,0.));
#19465 = FACE_BOUND('',#19466,.T.);
#19466 = EDGE_LOOP('',(#19467));
#19467 = ORIENTED_EDGE('',*,*,#19468,.T.);
#19468 = EDGE_CURVE('',#19469,#19469,#19471,.T.);
#19469 = VERTEX_POINT('',#19470);
#19470 = CARTESIAN_POINT('',(107.,-87.6,1.51));
#19471 = CIRCLE('',#19472,0.6);
#19472 = AXIS2_PLACEMENT_3D('',#19473,#19474,#19475);
#19473 = CARTESIAN_POINT('',(107.,-87.,1.51));
#19474 = DIRECTION('',(-0.,0.,-1.));
#19475 = DIRECTION('',(-0.,-1.,0.));
#19476 = FACE_BOUND('',#19477,.T.);
#19477 = EDGE_LOOP('',(#19478));
#19478 = ORIENTED_EDGE('',*,*,#19479,.T.);
#19479 = EDGE_CURVE('',#19480,#19480,#19482,.T.);
#19480 = VERTEX_POINT('',#19481);
#19481 = CARTESIAN_POINT('',(119.5,-92.6,1.51));
#19482 = CIRCLE('',#19483,0.6);
#19483 = AXIS2_PLACEMENT_3D('',#19484,#19485,#19486);
#19484 = CARTESIAN_POINT('',(119.5,-92.,1.51));
#19485 = DIRECTION('',(-0.,0.,-1.));
#19486 = DIRECTION('',(-0.,-1.,0.));
#19487 = FACE_BOUND('',#19488,.T.);
#19488 = EDGE_LOOP('',(#19489));
#19489 = ORIENTED_EDGE('',*,*,#19490,.T.);
#19490 = EDGE_CURVE('',#19491,#19491,#19493,.T.);
#19491 = VERTEX_POINT('',#19492);
#19492 = CARTESIAN_POINT('',(119.5,-87.6,1.51));
#19493 = CIRCLE('',#19494,0.6);
#19494 = AXIS2_PLACEMENT_3D('',#19495,#19496,#19497);
#19495 = CARTESIAN_POINT('',(119.5,-87.,1.51));
#19496 = DIRECTION('',(-0.,0.,-1.));
#19497 = DIRECTION('',(-0.,-1.,0.));
#19498 = FACE_BOUND('',#19499,.T.);
#19499 = EDGE_LOOP('',(#19500));
#19500 = ORIENTED_EDGE('',*,*,#19501,.T.);
#19501 = EDGE_CURVE('',#19502,#19502,#19504,.T.);
#19502 = VERTEX_POINT('',#19503);
#19503 = CARTESIAN_POINT('',(107.,-75.6,1.51));
#19504 = CIRCLE('',#19505,0.6);
#19505 = AXIS2_PLACEMENT_3D('',#19506,#19507,#19508);
#19506 = CARTESIAN_POINT('',(107.,-75.,1.51));
#19507 = DIRECTION('',(-0.,0.,-1.));
#19508 = DIRECTION('',(-0.,-1.,0.));
#19509 = FACE_BOUND('',#19510,.T.);
#19510 = EDGE_LOOP('',(#19511));
#19511 = ORIENTED_EDGE('',*,*,#19512,.T.);
#19512 = EDGE_CURVE('',#19513,#19513,#19515,.T.);
#19513 = VERTEX_POINT('',#19514);
#19514 = CARTESIAN_POINT('',(107.,-70.6,1.51));
#19515 = CIRCLE('',#19516,0.6);
#19516 = AXIS2_PLACEMENT_3D('',#19517,#19518,#19519);
#19517 = CARTESIAN_POINT('',(107.,-70.,1.51));
#19518 = DIRECTION('',(-0.,0.,-1.));
#19519 = DIRECTION('',(-0.,-1.,0.));
#19520 = FACE_BOUND('',#19521,.T.);
#19521 = EDGE_LOOP('',(#19522));
#19522 = ORIENTED_EDGE('',*,*,#19523,.T.);
#19523 = EDGE_CURVE('',#19524,#19524,#19526,.T.);
#19524 = VERTEX_POINT('',#19525);
#19525 = CARTESIAN_POINT('',(119.5,-75.6,1.51));
#19526 = CIRCLE('',#19527,0.6);
#19527 = AXIS2_PLACEMENT_3D('',#19528,#19529,#19530);
#19528 = CARTESIAN_POINT('',(119.5,-75.,1.51));
#19529 = DIRECTION('',(-0.,0.,-1.));
#19530 = DIRECTION('',(-0.,-1.,0.));
#19531 = FACE_BOUND('',#19532,.T.);
#19532 = EDGE_LOOP('',(#19533));
#19533 = ORIENTED_EDGE('',*,*,#19534,.T.);
#19534 = EDGE_CURVE('',#19535,#19535,#19537,.T.);
#19535 = VERTEX_POINT('',#19536);
#19536 = CARTESIAN_POINT('',(119.5,-70.6,1.51));
#19537 = CIRCLE('',#19538,0.6);
#19538 = AXIS2_PLACEMENT_3D('',#19539,#19540,#19541);
#19539 = CARTESIAN_POINT('',(119.5,-70.,1.51));
#19540 = DIRECTION('',(-0.,0.,-1.));
#19541 = DIRECTION('',(-0.,-1.,0.));
#19542 = FACE_BOUND('',#19543,.T.);
#19543 = EDGE_LOOP('',(#19544,#19555,#19563,#19572));
#19544 = ORIENTED_EDGE('',*,*,#19545,.T.);
#19545 = EDGE_CURVE('',#19546,#19548,#19550,.T.);
#19546 = VERTEX_POINT('',#19547);
#19547 = CARTESIAN_POINT('',(130.135,-74.58,1.51));
#19548 = VERTEX_POINT('',#19549);
#19549 = CARTESIAN_POINT('',(130.135,-75.58,1.51));
#19550 = CIRCLE('',#19551,0.5);
#19551 = AXIS2_PLACEMENT_3D('',#19552,#19553,#19554);
#19552 = CARTESIAN_POINT('',(130.135,-75.08,1.51));
#19553 = DIRECTION('',(-0.,0.,-1.));
#19554 = DIRECTION('',(-0.,-1.,0.));
#19555 = ORIENTED_EDGE('',*,*,#19556,.T.);
#19556 = EDGE_CURVE('',#19548,#19557,#19559,.T.);
#19557 = VERTEX_POINT('',#19558);
#19558 = CARTESIAN_POINT('',(129.135,-75.58,1.51));
#19559 = LINE('',#19560,#19561);
#19560 = CARTESIAN_POINT('',(64.5675,-75.58,1.51));
#19561 = VECTOR('',#19562,1.);
#19562 = DIRECTION('',(-1.,0.,0.));
#19563 = ORIENTED_EDGE('',*,*,#19564,.T.);
#19564 = EDGE_CURVE('',#19557,#19565,#19567,.T.);
#19565 = VERTEX_POINT('',#19566);
#19566 = CARTESIAN_POINT('',(129.135,-74.58,1.51));
#19567 = CIRCLE('',#19568,0.5);
#19568 = AXIS2_PLACEMENT_3D('',#19569,#19570,#19571);
#19569 = CARTESIAN_POINT('',(129.135,-75.08,1.51));
#19570 = DIRECTION('',(-0.,0.,-1.));
#19571 = DIRECTION('',(0.,1.,0.));
#19572 = ORIENTED_EDGE('',*,*,#19573,.T.);
#19573 = EDGE_CURVE('',#19565,#19546,#19574,.T.);
#19574 = LINE('',#19575,#19576);
#19575 = CARTESIAN_POINT('',(65.0675,-74.58,1.51));
#19576 = VECTOR('',#19577,1.);
#19577 = DIRECTION('',(1.,0.,-0.));
#19578 = FACE_BOUND('',#19579,.T.);
#19579 = EDGE_LOOP('',(#19580,#19591,#19599,#19608));
#19580 = ORIENTED_EDGE('',*,*,#19581,.T.);
#19581 = EDGE_CURVE('',#19582,#19584,#19586,.T.);
#19582 = VERTEX_POINT('',#19583);
#19583 = CARTESIAN_POINT('',(130.146,-72.68,1.51));
#19584 = VERTEX_POINT('',#19585);
#19585 = CARTESIAN_POINT('',(130.146,-73.68,1.51));
#19586 = CIRCLE('',#19587,0.5);
#19587 = AXIS2_PLACEMENT_3D('',#19588,#19589,#19590);
#19588 = CARTESIAN_POINT('',(130.146,-73.18,1.51));
#19589 = DIRECTION('',(-0.,0.,-1.));
#19590 = DIRECTION('',(-0.,-1.,0.));
#19591 = ORIENTED_EDGE('',*,*,#19592,.T.);
#19592 = EDGE_CURVE('',#19584,#19593,#19595,.T.);
#19593 = VERTEX_POINT('',#19594);
#19594 = CARTESIAN_POINT('',(129.146,-73.68,1.51));
#19595 = LINE('',#19596,#19597);
#19596 = CARTESIAN_POINT('',(64.573,-73.68,1.51));
#19597 = VECTOR('',#19598,1.);
#19598 = DIRECTION('',(-1.,0.,0.));
#19599 = ORIENTED_EDGE('',*,*,#19600,.T.);
#19600 = EDGE_CURVE('',#19593,#19601,#19603,.T.);
#19601 = VERTEX_POINT('',#19602);
#19602 = CARTESIAN_POINT('',(129.146,-72.68,1.51));
#19603 = CIRCLE('',#19604,0.5);
#19604 = AXIS2_PLACEMENT_3D('',#19605,#19606,#19607);
#19605 = CARTESIAN_POINT('',(129.146,-73.18,1.51));
#19606 = DIRECTION('',(-0.,0.,-1.));
#19607 = DIRECTION('',(0.,1.,0.));
#19608 = ORIENTED_EDGE('',*,*,#19609,.T.);
#19609 = EDGE_CURVE('',#19601,#19582,#19610,.T.);
#19610 = LINE('',#19611,#19612);
#19611 = CARTESIAN_POINT('',(65.073,-72.68,1.51));
#19612 = VECTOR('',#19613,1.);
#19613 = DIRECTION('',(1.,0.,-0.));
#19614 = PLANE('',#19615);
#19615 = AXIS2_PLACEMENT_3D('',#19616,#19617,#19618);
#19616 = CARTESIAN_POINT('',(0.,0.,1.51));
#19617 = DIRECTION('',(0.,0.,1.));
#19618 = DIRECTION('',(1.,0.,-0.));
#19619 = ADVANCED_FACE('',(#19620),#19626,.T.);
#19620 = FACE_BOUND('',#19621,.T.);
#19621 = EDGE_LOOP('',(#19622,#19623,#19624,#19625));
#19622 = ORIENTED_EDGE('',*,*,#19159,.T.);
#19623 = ORIENTED_EDGE('',*,*,#19404,.T.);
#19624 = ORIENTED_EDGE('',*,*,#19119,.F.);
#19625 = ORIENTED_EDGE('',*,*,#19183,.F.);
#19626 = PLANE('',#19627);
#19627 = AXIS2_PLACEMENT_3D('',#19628,#19629,#19630);
#19628 = CARTESIAN_POINT('',(80.,-64.,0.));
#19629 = DIRECTION('',(0.,1.,0.));
#19630 = DIRECTION('',(1.,0.,0.));
#19631 = ADVANCED_FACE('',(#19632),#19643,.F.);
#19632 = FACE_BOUND('',#19633,.T.);
#19633 = EDGE_LOOP('',(#19634,#19635,#19641,#19642));
#19634 = ORIENTED_EDGE('',*,*,#19192,.T.);
#19635 = ORIENTED_EDGE('',*,*,#19636,.T.);
#19636 = EDGE_CURVE('',#19193,#19414,#19637,.T.);
#19637 = LINE('',#19638,#19639);
#19638 = CARTESIAN_POINT('',(88.265,-97.35,-4.6E-02));
#19639 = VECTOR('',#19640,1.);
#19640 = DIRECTION('',(0.,0.,1.));
#19641 = ORIENTED_EDGE('',*,*,#19413,.F.);
#19642 = ORIENTED_EDGE('',*,*,#19636,.F.);
#19643 = CYLINDRICAL_SURFACE('',#19644,0.35);
#19644 = AXIS2_PLACEMENT_3D('',#19645,#19646,#19647);
#19645 = CARTESIAN_POINT('',(88.265,-97.,-4.6E-02));
#19646 = DIRECTION('',(-0.,-0.,-1.));
#19647 = DIRECTION('',(-0.,-1.,0.));
#19648 = ADVANCED_FACE('',(#19649),#19660,.F.);
#19649 = FACE_BOUND('',#19650,.T.);
#19650 = EDGE_LOOP('',(#19651,#19652,#19658,#19659));
#19651 = ORIENTED_EDGE('',*,*,#19203,.T.);
#19652 = ORIENTED_EDGE('',*,*,#19653,.T.);
#19653 = EDGE_CURVE('',#19204,#19425,#19654,.T.);
#19654 = LINE('',#19655,#19656);
#19655 = CARTESIAN_POINT('',(88.265,-93.35,-4.6E-02));
#19656 = VECTOR('',#19657,1.);
#19657 = DIRECTION('',(0.,0.,1.));
#19658 = ORIENTED_EDGE('',*,*,#19424,.F.);
#19659 = ORIENTED_EDGE('',*,*,#19653,.F.);
#19660 = CYLINDRICAL_SURFACE('',#19661,0.35);
#19661 = AXIS2_PLACEMENT_3D('',#19662,#19663,#19664);
#19662 = CARTESIAN_POINT('',(88.265,-93.,-4.6E-02));
#19663 = DIRECTION('',(-0.,-0.,-1.));
#19664 = DIRECTION('',(-0.,-1.,0.));
#19665 = ADVANCED_FACE('',(#19666),#19677,.F.);
#19666 = FACE_BOUND('',#19667,.T.);
#19667 = EDGE_LOOP('',(#19668,#19669,#19675,#19676));
#19668 = ORIENTED_EDGE('',*,*,#19214,.T.);
#19669 = ORIENTED_EDGE('',*,*,#19670,.T.);
#19670 = EDGE_CURVE('',#19215,#19436,#19671,.T.);
#19671 = LINE('',#19672,#19673);
#19672 = CARTESIAN_POINT('',(107.,-92.6,-4.6E-02));
#19673 = VECTOR('',#19674,1.);
#19674 = DIRECTION('',(0.,0.,1.));
#19675 = ORIENTED_EDGE('',*,*,#19435,.F.);
#19676 = ORIENTED_EDGE('',*,*,#19670,.F.);
#19677 = CYLINDRICAL_SURFACE('',#19678,0.6);
#19678 = AXIS2_PLACEMENT_3D('',#19679,#19680,#19681);
#19679 = CARTESIAN_POINT('',(107.,-92.,-4.6E-02));
#19680 = DIRECTION('',(-0.,-0.,-1.));
#19681 = DIRECTION('',(-0.,-1.,0.));
#19682 = ADVANCED_FACE('',(#19683),#19694,.F.);
#19683 = FACE_BOUND('',#19684,.T.);
#19684 = EDGE_LOOP('',(#19685,#19686,#19692,#19693));
#19685 = ORIENTED_EDGE('',*,*,#19225,.T.);
#19686 = ORIENTED_EDGE('',*,*,#19687,.T.);
#19687 = EDGE_CURVE('',#19226,#19447,#19688,.T.);
#19688 = LINE('',#19689,#19690);
#19689 = CARTESIAN_POINT('',(88.297335,-89.25,-4.6E-02));
#19690 = VECTOR('',#19691,1.);
#19691 = DIRECTION('',(0.,0.,1.));
#19692 = ORIENTED_EDGE('',*,*,#19446,.F.);
#19693 = ORIENTED_EDGE('',*,*,#19687,.F.);
#19694 = CYLINDRICAL_SURFACE('',#19695,0.35);
#19695 = AXIS2_PLACEMENT_3D('',#19696,#19697,#19698);
#19696 = CARTESIAN_POINT('',(88.297335,-88.9,-4.6E-02));
#19697 = DIRECTION('',(-0.,-0.,-1.));
#19698 = DIRECTION('',(-0.,-1.,0.));
#19699 = ADVANCED_FACE('',(#19700),#19711,.F.);
#19700 = FACE_BOUND('',#19701,.T.);
#19701 = EDGE_LOOP('',(#19702,#19703,#19709,#19710));
#19702 = ORIENTED_EDGE('',*,*,#19236,.T.);
#19703 = ORIENTED_EDGE('',*,*,#19704,.T.);
#19704 = EDGE_CURVE('',#19237,#19458,#19705,.T.);
#19705 = LINE('',#19706,#19707);
#19706 = CARTESIAN_POINT('',(88.297335,-85.44,-4.6E-02));
#19707 = VECTOR('',#19708,1.);
#19708 = DIRECTION('',(0.,0.,1.));
#19709 = ORIENTED_EDGE('',*,*,#19457,.F.);
#19710 = ORIENTED_EDGE('',*,*,#19704,.F.);
#19711 = CYLINDRICAL_SURFACE('',#19712,0.35);
#19712 = AXIS2_PLACEMENT_3D('',#19713,#19714,#19715);
#19713 = CARTESIAN_POINT('',(88.297335,-85.09,-4.6E-02));
#19714 = DIRECTION('',(-0.,-0.,-1.));
#19715 = DIRECTION('',(-0.,-1.,0.));
#19716 = ADVANCED_FACE('',(#19717),#19728,.F.);
#19717 = FACE_BOUND('',#19718,.T.);
#19718 = EDGE_LOOP('',(#19719,#19720,#19726,#19727));
#19719 = ORIENTED_EDGE('',*,*,#19247,.T.);
#19720 = ORIENTED_EDGE('',*,*,#19721,.T.);
#19721 = EDGE_CURVE('',#19248,#19469,#19722,.T.);
#19722 = LINE('',#19723,#19724);
#19723 = CARTESIAN_POINT('',(107.,-87.6,-4.6E-02));
#19724 = VECTOR('',#19725,1.);
#19725 = DIRECTION('',(0.,0.,1.));
#19726 = ORIENTED_EDGE('',*,*,#19468,.F.);
#19727 = ORIENTED_EDGE('',*,*,#19721,.F.);
#19728 = CYLINDRICAL_SURFACE('',#19729,0.6);
#19729 = AXIS2_PLACEMENT_3D('',#19730,#19731,#19732);
#19730 = CARTESIAN_POINT('',(107.,-87.,-4.6E-02));
#19731 = DIRECTION('',(-0.,-0.,-1.));
#19732 = DIRECTION('',(-0.,-1.,0.));
#19733 = ADVANCED_FACE('',(#19734),#19745,.F.);
#19734 = FACE_BOUND('',#19735,.T.);
#19735 = EDGE_LOOP('',(#19736,#19737,#19743,#19744));
#19736 = ORIENTED_EDGE('',*,*,#19258,.T.);
#19737 = ORIENTED_EDGE('',*,*,#19738,.T.);
#19738 = EDGE_CURVE('',#19259,#19480,#19739,.T.);
#19739 = LINE('',#19740,#19741);
#19740 = CARTESIAN_POINT('',(119.5,-92.6,-4.6E-02));
#19741 = VECTOR('',#19742,1.);
#19742 = DIRECTION('',(0.,0.,1.));
#19743 = ORIENTED_EDGE('',*,*,#19479,.F.);
#19744 = ORIENTED_EDGE('',*,*,#19738,.F.);
#19745 = CYLINDRICAL_SURFACE('',#19746,0.6);
#19746 = AXIS2_PLACEMENT_3D('',#19747,#19748,#19749);
#19747 = CARTESIAN_POINT('',(119.5,-92.,-4.6E-02));
#19748 = DIRECTION('',(-0.,-0.,-1.));
#19749 = DIRECTION('',(-0.,-1.,0.));
#19750 = ADVANCED_FACE('',(#19751),#19762,.F.);
#19751 = FACE_BOUND('',#19752,.T.);
#19752 = EDGE_LOOP('',(#19753,#19754,#19760,#19761));
#19753 = ORIENTED_EDGE('',*,*,#19269,.T.);
#19754 = ORIENTED_EDGE('',*,*,#19755,.T.);
#19755 = EDGE_CURVE('',#19270,#19491,#19756,.T.);
#19756 = LINE('',#19757,#19758);
#19757 = CARTESIAN_POINT('',(119.5,-87.6,-4.6E-02));
#19758 = VECTOR('',#19759,1.);
#19759 = DIRECTION('',(0.,0.,1.));
#19760 = ORIENTED_EDGE('',*,*,#19490,.F.);
#19761 = ORIENTED_EDGE('',*,*,#19755,.F.);
#19762 = CYLINDRICAL_SURFACE('',#19763,0.6);
#19763 = AXIS2_PLACEMENT_3D('',#19764,#19765,#19766);
#19764 = CARTESIAN_POINT('',(119.5,-87.,-4.6E-02));
#19765 = DIRECTION('',(-0.,-0.,-1.));
#19766 = DIRECTION('',(-0.,-1.,0.));
#19767 = ADVANCED_FACE('',(#19768),#19779,.F.);
#19768 = FACE_BOUND('',#19769,.T.);
#19769 = EDGE_LOOP('',(#19770,#19771,#19777,#19778));
#19770 = ORIENTED_EDGE('',*,*,#19280,.T.);
#19771 = ORIENTED_EDGE('',*,*,#19772,.T.);
#19772 = EDGE_CURVE('',#19281,#19502,#19773,.T.);
#19773 = LINE('',#19774,#19775);
#19774 = CARTESIAN_POINT('',(107.,-75.6,-4.6E-02));
#19775 = VECTOR('',#19776,1.);
#19776 = DIRECTION('',(0.,0.,1.));
#19777 = ORIENTED_EDGE('',*,*,#19501,.F.);
#19778 = ORIENTED_EDGE('',*,*,#19772,.F.);
#19779 = CYLINDRICAL_SURFACE('',#19780,0.6);
#19780 = AXIS2_PLACEMENT_3D('',#19781,#19782,#19783);
#19781 = CARTESIAN_POINT('',(107.,-75.,-4.6E-02));
#19782 = DIRECTION('',(-0.,-0.,-1.));
#19783 = DIRECTION('',(-0.,-1.,0.));
#19784 = ADVANCED_FACE('',(#19785),#19796,.F.);
#19785 = FACE_BOUND('',#19786,.T.);
#19786 = EDGE_LOOP('',(#19787,#19788,#19794,#19795));
#19787 = ORIENTED_EDGE('',*,*,#19291,.T.);
#19788 = ORIENTED_EDGE('',*,*,#19789,.T.);
#19789 = EDGE_CURVE('',#19292,#19513,#19790,.T.);
#19790 = LINE('',#19791,#19792);
#19791 = CARTESIAN_POINT('',(107.,-70.6,-4.6E-02));
#19792 = VECTOR('',#19793,1.);
#19793 = DIRECTION('',(0.,0.,1.));
#19794 = ORIENTED_EDGE('',*,*,#19512,.F.);
#19795 = ORIENTED_EDGE('',*,*,#19789,.F.);
#19796 = CYLINDRICAL_SURFACE('',#19797,0.6);
#19797 = AXIS2_PLACEMENT_3D('',#19798,#19799,#19800);
#19798 = CARTESIAN_POINT('',(107.,-70.,-4.6E-02));
#19799 = DIRECTION('',(-0.,-0.,-1.));
#19800 = DIRECTION('',(-0.,-1.,0.));
#19801 = ADVANCED_FACE('',(#19802),#19813,.F.);
#19802 = FACE_BOUND('',#19803,.T.);
#19803 = EDGE_LOOP('',(#19804,#19805,#19811,#19812));
#19804 = ORIENTED_EDGE('',*,*,#19302,.T.);
#19805 = ORIENTED_EDGE('',*,*,#19806,.T.);
#19806 = EDGE_CURVE('',#19303,#19524,#19807,.T.);
#19807 = LINE('',#19808,#19809);
#19808 = CARTESIAN_POINT('',(119.5,-75.6,-4.6E-02));
#19809 = VECTOR('',#19810,1.);
#19810 = DIRECTION('',(0.,0.,1.));
#19811 = ORIENTED_EDGE('',*,*,#19523,.F.);
#19812 = ORIENTED_EDGE('',*,*,#19806,.F.);
#19813 = CYLINDRICAL_SURFACE('',#19814,0.6);
#19814 = AXIS2_PLACEMENT_3D('',#19815,#19816,#19817);
#19815 = CARTESIAN_POINT('',(119.5,-75.,-4.6E-02));
#19816 = DIRECTION('',(-0.,-0.,-1.));
#19817 = DIRECTION('',(-0.,-1.,0.));
#19818 = ADVANCED_FACE('',(#19819),#19830,.F.);
#19819 = FACE_BOUND('',#19820,.T.);
#19820 = EDGE_LOOP('',(#19821,#19822,#19828,#19829));
#19821 = ORIENTED_EDGE('',*,*,#19313,.T.);
#19822 = ORIENTED_EDGE('',*,*,#19823,.T.);
#19823 = EDGE_CURVE('',#19314,#19535,#19824,.T.);
#19824 = LINE('',#19825,#19826);
#19825 = CARTESIAN_POINT('',(119.5,-70.6,-4.6E-02));
#19826 = VECTOR('',#19827,1.);
#19827 = DIRECTION('',(0.,0.,1.));
#19828 = ORIENTED_EDGE('',*,*,#19534,.F.);
#19829 = ORIENTED_EDGE('',*,*,#19823,.F.);
#19830 = CYLINDRICAL_SURFACE('',#19831,0.6);
#19831 = AXIS2_PLACEMENT_3D('',#19832,#19833,#19834);
#19832 = CARTESIAN_POINT('',(119.5,-70.,-4.6E-02));
#19833 = DIRECTION('',(-0.,-0.,-1.));
#19834 = DIRECTION('',(-0.,-1.,0.));
#19835 = ADVANCED_FACE('',(#19836),#19852,.F.);
#19836 = FACE_BOUND('',#19837,.T.);
#19837 = EDGE_LOOP('',(#19838,#19839,#19845,#19846));
#19838 = ORIENTED_EDGE('',*,*,#19324,.T.);
#19839 = ORIENTED_EDGE('',*,*,#19840,.T.);
#19840 = EDGE_CURVE('',#19327,#19548,#19841,.T.);
#19841 = LINE('',#19842,#19843);
#19842 = CARTESIAN_POINT('',(130.135,-75.58,-4.6E-02));
#19843 = VECTOR('',#19844,1.);
#19844 = DIRECTION('',(0.,0.,1.));
#19845 = ORIENTED_EDGE('',*,*,#19545,.F.);
#19846 = ORIENTED_EDGE('',*,*,#19847,.F.);
#19847 = EDGE_CURVE('',#19325,#19546,#19848,.T.);
#19848 = LINE('',#19849,#19850);
#19849 = CARTESIAN_POINT('',(130.135,-74.58,-4.6E-02));
#19850 = VECTOR('',#19851,1.);
#19851 = DIRECTION('',(0.,0.,1.));
#19852 = CYLINDRICAL_SURFACE('',#19853,0.5);
#19853 = AXIS2_PLACEMENT_3D('',#19854,#19855,#19856);
#19854 = CARTESIAN_POINT('',(130.135,-75.08,-4.6E-02));
#19855 = DIRECTION('',(-0.,-0.,-1.));
#19856 = DIRECTION('',(-0.,-1.,0.));
#19857 = ADVANCED_FACE('',(#19858),#19869,.T.);
#19858 = FACE_BOUND('',#19859,.T.);
#19859 = EDGE_LOOP('',(#19860,#19861,#19862,#19863));
#19860 = ORIENTED_EDGE('',*,*,#19352,.T.);
#19861 = ORIENTED_EDGE('',*,*,#19847,.T.);
#19862 = ORIENTED_EDGE('',*,*,#19573,.F.);
#19863 = ORIENTED_EDGE('',*,*,#19864,.F.);
#19864 = EDGE_CURVE('',#19344,#19565,#19865,.T.);
#19865 = LINE('',#19866,#19867);
#19866 = CARTESIAN_POINT('',(129.135,-74.58,-4.6E-02));
#19867 = VECTOR('',#19868,1.);
#19868 = DIRECTION('',(0.,0.,1.));
#19869 = PLANE('',#19870);
#19870 = AXIS2_PLACEMENT_3D('',#19871,#19872,#19873);
#19871 = CARTESIAN_POINT('',(130.135,-74.58,-4.6E-02));
#19872 = DIRECTION('',(0.,-1.,0.));
#19873 = DIRECTION('',(-1.,0.,0.));
#19874 = ADVANCED_FACE('',(#19875),#19886,.F.);
#19875 = FACE_BOUND('',#19876,.T.);
#19876 = EDGE_LOOP('',(#19877,#19878,#19879,#19880));
#19877 = ORIENTED_EDGE('',*,*,#19343,.T.);
#19878 = ORIENTED_EDGE('',*,*,#19864,.T.);
#19879 = ORIENTED_EDGE('',*,*,#19564,.F.);
#19880 = ORIENTED_EDGE('',*,*,#19881,.F.);
#19881 = EDGE_CURVE('',#19336,#19557,#19882,.T.);
#19882 = LINE('',#19883,#19884);
#19883 = CARTESIAN_POINT('',(129.135,-75.58,-4.6E-02));
#19884 = VECTOR('',#19885,1.);
#19885 = DIRECTION('',(0.,0.,1.));
#19886 = CYLINDRICAL_SURFACE('',#19887,0.5);
#19887 = AXIS2_PLACEMENT_3D('',#19888,#19889,#19890);
#19888 = CARTESIAN_POINT('',(129.135,-75.08,-4.6E-02));
#19889 = DIRECTION('',(-0.,0.,-1.));
#19890 = DIRECTION('',(0.,1.,0.));
#19891 = ADVANCED_FACE('',(#19892),#19898,.T.);
#19892 = FACE_BOUND('',#19893,.T.);
#19893 = EDGE_LOOP('',(#19894,#19895,#19896,#19897));
#19894 = ORIENTED_EDGE('',*,*,#19335,.T.);
#19895 = ORIENTED_EDGE('',*,*,#19881,.T.);
#19896 = ORIENTED_EDGE('',*,*,#19556,.F.);
#19897 = ORIENTED_EDGE('',*,*,#19840,.F.);
#19898 = PLANE('',#19899);
#19899 = AXIS2_PLACEMENT_3D('',#19900,#19901,#19902);
#19900 = CARTESIAN_POINT('',(129.135,-75.58,-4.6E-02));
#19901 = DIRECTION('',(0.,1.,0.));
#19902 = DIRECTION('',(1.,0.,0.));
#19903 = ADVANCED_FACE('',(#19904),#19920,.F.);
#19904 = FACE_BOUND('',#19905,.T.);
#19905 = EDGE_LOOP('',(#19906,#19907,#19913,#19914));
#19906 = ORIENTED_EDGE('',*,*,#19360,.T.);
#19907 = ORIENTED_EDGE('',*,*,#19908,.T.);
#19908 = EDGE_CURVE('',#19363,#19584,#19909,.T.);
#19909 = LINE('',#19910,#19911);
#19910 = CARTESIAN_POINT('',(130.146,-73.68,-4.6E-02));
#19911 = VECTOR('',#19912,1.);
#19912 = DIRECTION('',(0.,0.,1.));
#19913 = ORIENTED_EDGE('',*,*,#19581,.F.);
#19914 = ORIENTED_EDGE('',*,*,#19915,.F.);
#19915 = EDGE_CURVE('',#19361,#19582,#19916,.T.);
#19916 = LINE('',#19917,#19918);
#19917 = CARTESIAN_POINT('',(130.146,-72.68,-4.6E-02));
#19918 = VECTOR('',#19919,1.);
#19919 = DIRECTION('',(0.,0.,1.));
#19920 = CYLINDRICAL_SURFACE('',#19921,0.5);
#19921 = AXIS2_PLACEMENT_3D('',#19922,#19923,#19924);
#19922 = CARTESIAN_POINT('',(130.146,-73.18,-4.6E-02));
#19923 = DIRECTION('',(-0.,-0.,-1.));
#19924 = DIRECTION('',(-0.,-1.,0.));
#19925 = ADVANCED_FACE('',(#19926),#19937,.T.);
#19926 = FACE_BOUND('',#19927,.T.);
#19927 = EDGE_LOOP('',(#19928,#19929,#19930,#19931));
#19928 = ORIENTED_EDGE('',*,*,#19388,.T.);
#19929 = ORIENTED_EDGE('',*,*,#19915,.T.);
#19930 = ORIENTED_EDGE('',*,*,#19609,.F.);
#19931 = ORIENTED_EDGE('',*,*,#19932,.F.);
#19932 = EDGE_CURVE('',#19380,#19601,#19933,.T.);
#19933 = LINE('',#19934,#19935);
#19934 = CARTESIAN_POINT('',(129.146,-72.68,-4.6E-02));
#19935 = VECTOR('',#19936,1.);
#19936 = DIRECTION('',(0.,0.,1.));
#19937 = PLANE('',#19938);
#19938 = AXIS2_PLACEMENT_3D('',#19939,#19940,#19941);
#19939 = CARTESIAN_POINT('',(130.146,-72.68,-4.6E-02));
#19940 = DIRECTION('',(0.,-1.,0.));
#19941 = DIRECTION('',(-1.,0.,0.));
#19942 = ADVANCED_FACE('',(#19943),#19954,.F.);
#19943 = FACE_BOUND('',#19944,.T.);
#19944 = EDGE_LOOP('',(#19945,#19946,#19947,#19948));
#19945 = ORIENTED_EDGE('',*,*,#19379,.T.);
#19946 = ORIENTED_EDGE('',*,*,#19932,.T.);
#19947 = ORIENTED_EDGE('',*,*,#19600,.F.);
#19948 = ORIENTED_EDGE('',*,*,#19949,.F.);
#19949 = EDGE_CURVE('',#19372,#19593,#19950,.T.);
#19950 = LINE('',#19951,#19952);
#19951 = CARTESIAN_POINT('',(129.146,-73.68,-4.6E-02));
#19952 = VECTOR('',#19953,1.);
#19953 = DIRECTION('',(0.,0.,1.));
#19954 = CYLINDRICAL_SURFACE('',#19955,0.5);
#19955 = AXIS2_PLACEMENT_3D('',#19956,#19957,#19958);
#19956 = CARTESIAN_POINT('',(129.146,-73.18,-4.6E-02));
#19957 = DIRECTION('',(-0.,0.,-1.));
#19958 = DIRECTION('',(0.,1.,0.));
#19959 = ADVANCED_FACE('',(#19960),#19966,.T.);
#19960 = FACE_BOUND('',#19961,.T.);
#19961 = EDGE_LOOP('',(#19962,#19963,#19964,#19965));
#19962 = ORIENTED_EDGE('',*,*,#19371,.T.);
#19963 = ORIENTED_EDGE('',*,*,#19949,.T.);
#19964 = ORIENTED_EDGE('',*,*,#19592,.F.);
#19965 = ORIENTED_EDGE('',*,*,#19908,.F.);
#19966 = PLANE('',#19967);
#19967 = AXIS2_PLACEMENT_3D('',#19968,#19969,#19970);
#19968 = CARTESIAN_POINT('',(129.146,-73.68,-4.6E-02));
#19969 = DIRECTION('',(0.,1.,0.));
#19970 = DIRECTION('',(1.,0.,0.));
#19971 = ( GEOMETRIC_REPRESENTATION_CONTEXT(3) 
GLOBAL_UNCERTAINTY_ASSIGNED_CONTEXT((#19975)) 
GLOBAL_UNIT_ASSIGNED_CONTEXT((#19972,#19973,#19974)) 
REPRESENTATION_CONTEXT('Context #1',
  '3D Context with UNIT and UNCERTAINTY') );
#19972 = ( LENGTH_UNIT() NAMED_UNIT(*) SI_UNIT(.MILLI.,.METRE.) );
#19973 = ( NAMED_UNIT(*) PLANE_ANGLE_UNIT() SI_UNIT($,.RADIAN.) );
#19974 = ( NAMED_UNIT(*) SI_UNIT($,.STERADIAN.) SOLID_ANGLE_UNIT() );
#19975 = UNCERTAINTY_MEASURE_WITH_UNIT(LENGTH_MEASURE(1.E-07),#19972,
  'distance_accuracy_value','confusion accuracy');
#19976 = CONTEXT_DEPENDENT_SHAPE_REPRESENTATION(#19977,#19979);
#19977 = ( REPRESENTATION_RELATIONSHIP('','',#19072,#10) 
REPRESENTATION_RELATIONSHIP_WITH_TRANSFORMATION(#19978) 
SHAPE_REPRESENTATION_RELATIONSHIP() );
#19978 = ITEM_DEFINED_TRANSFORMATION('','',#11,#103);
#19979 = PRODUCT_DEFINITION_SHAPE('Placement','Placement of an item',
  #19980);
#19980 = NEXT_ASSEMBLY_USAGE_OCCURRENCE('31','=>[0:1:1:15]','',#5,#19067
  ,$);
#19981 = PRODUCT_RELATED_PRODUCT_CATEGORY('part',$,(#19069));
#19982 = MECHANICAL_DESIGN_GEOMETRIC_PRESENTATION_REPRESENTATION('',(
    #19983,#19991,#19998,#20005,#20012,#20019,#20026,#20033,#20041,
    #20048,#20055,#20062,#20069,#20076,#20084,#20091,#20098,#20105,
    #20112,#20119,#20126,#20133,#20140,#20147,#20154,#20161),#934);
#19983 = STYLED_ITEM('color',(#19984),#146);
#19984 = PRESENTATION_STYLE_ASSIGNMENT((#19985));
#19985 = SURFACE_STYLE_USAGE(.BOTH.,#19986);
#19986 = SURFACE_SIDE_STYLE('',(#19987));
#19987 = SURFACE_STYLE_FILL_AREA(#19988);
#19988 = FILL_AREA_STYLE('',(#19989));
#19989 = FILL_AREA_STYLE_COLOUR('',#19990);
#19990 = COLOUR_RGB('',0.823999987314,0.819999987296,0.781000009244);
#19991 = STYLED_ITEM('color',(#19992),#186);
#19992 = PRESENTATION_STYLE_ASSIGNMENT((#19993));
#19993 = SURFACE_STYLE_USAGE(.BOTH.,#19994);
#19994 = SURFACE_SIDE_STYLE('',(#19995));
#19995 = SURFACE_STYLE_FILL_AREA(#19996);
#19996 = FILL_AREA_STYLE('',(#19997));
#19997 = FILL_AREA_STYLE_COLOUR('',#19990);
#19998 = STYLED_ITEM('color',(#19999),#269);
#19999 = PRESENTATION_STYLE_ASSIGNMENT((#20000));
#20000 = SURFACE_STYLE_USAGE(.BOTH.,#20001);
#20001 = SURFACE_SIDE_STYLE('',(#20002));
#20002 = SURFACE_STYLE_FILL_AREA(#20003);
#20003 = FILL_AREA_STYLE('',(#20004));
#20004 = FILL_AREA_STYLE_COLOUR('',#19990);
#20005 = STYLED_ITEM('color',(#20006),#294);
#20006 = PRESENTATION_STYLE_ASSIGNMENT((#20007));
#20007 = SURFACE_STYLE_USAGE(.BOTH.,#20008);
#20008 = SURFACE_SIDE_STYLE('',(#20009));
#20009 = SURFACE_STYLE_FILL_AREA(#20010);
#20010 = FILL_AREA_STYLE('',(#20011));
#20011 = FILL_AREA_STYLE_COLOUR('',#19990);
#20012 = STYLED_ITEM('color',(#20013),#319);
#20013 = PRESENTATION_STYLE_ASSIGNMENT((#20014));
#20014 = SURFACE_STYLE_USAGE(.BOTH.,#20015);
#20015 = SURFACE_SIDE_STYLE('',(#20016));
#20016 = SURFACE_STYLE_FILL_AREA(#20017);
#20017 = FILL_AREA_STYLE('',(#20018));
#20018 = FILL_AREA_STYLE_COLOUR('',#19990);
#20019 = STYLED_ITEM('color',(#20020),#386);
#20020 = PRESENTATION_STYLE_ASSIGNMENT((#20021));
#20021 = SURFACE_STYLE_USAGE(.BOTH.,#20022);
#20022 = SURFACE_SIDE_STYLE('',(#20023));
#20023 = SURFACE_STYLE_FILL_AREA(#20024);
#20024 = FILL_AREA_STYLE('',(#20025));
#20025 = FILL_AREA_STYLE_COLOUR('',#19990);
#20026 = STYLED_ITEM('color',(#20027),#403);
#20027 = PRESENTATION_STYLE_ASSIGNMENT((#20028));
#20028 = SURFACE_STYLE_USAGE(.BOTH.,#20029);
#20029 = SURFACE_SIDE_STYLE('',(#20030));
#20030 = SURFACE_STYLE_FILL_AREA(#20031);
#20031 = FILL_AREA_STYLE('',(#20032));
#20032 = FILL_AREA_STYLE_COLOUR('',#19990);
#20033 = STYLED_ITEM('color',(#20034),#420);
#20034 = PRESENTATION_STYLE_ASSIGNMENT((#20035));
#20035 = SURFACE_STYLE_USAGE(.BOTH.,#20036);
#20036 = SURFACE_SIDE_STYLE('',(#20037));
#20037 = SURFACE_STYLE_FILL_AREA(#20038);
#20038 = FILL_AREA_STYLE('',(#20039));
#20039 = FILL_AREA_STYLE_COLOUR('',#20040);
#20040 = COLOUR_RGB('',0.894999966383,0.890999961016,0.813000030345);
#20041 = STYLED_ITEM('color',(#20042),#469);
#20042 = PRESENTATION_STYLE_ASSIGNMENT((#20043));
#20043 = SURFACE_STYLE_USAGE(.BOTH.,#20044);
#20044 = SURFACE_SIDE_STYLE('',(#20045));
#20045 = SURFACE_STYLE_FILL_AREA(#20046);
#20046 = FILL_AREA_STYLE('',(#20047));
#20047 = FILL_AREA_STYLE_COLOUR('',#19990);
#20048 = STYLED_ITEM('color',(#20049),#486);
#20049 = PRESENTATION_STYLE_ASSIGNMENT((#20050));
#20050 = SURFACE_STYLE_USAGE(.BOTH.,#20051);
#20051 = SURFACE_SIDE_STYLE('',(#20052));
#20052 = SURFACE_STYLE_FILL_AREA(#20053);
#20053 = FILL_AREA_STYLE('',(#20054));
#20054 = FILL_AREA_STYLE_COLOUR('',#19990);
#20055 = STYLED_ITEM('color',(#20056),#503);
#20056 = PRESENTATION_STYLE_ASSIGNMENT((#20057));
#20057 = SURFACE_STYLE_USAGE(.BOTH.,#20058);
#20058 = SURFACE_SIDE_STYLE('',(#20059));
#20059 = SURFACE_STYLE_FILL_AREA(#20060);
#20060 = FILL_AREA_STYLE('',(#20061));
#20061 = FILL_AREA_STYLE_COLOUR('',#20040);
#20062 = STYLED_ITEM('color',(#20063),#552);
#20063 = PRESENTATION_STYLE_ASSIGNMENT((#20064));
#20064 = SURFACE_STYLE_USAGE(.BOTH.,#20065);
#20065 = SURFACE_SIDE_STYLE('',(#20066));
#20066 = SURFACE_STYLE_FILL_AREA(#20067);
#20067 = FILL_AREA_STYLE('',(#20068));
#20068 = FILL_AREA_STYLE_COLOUR('',#20040);
#20069 = STYLED_ITEM('color',(#20070),#569);
#20070 = PRESENTATION_STYLE_ASSIGNMENT((#20071));
#20071 = SURFACE_STYLE_USAGE(.BOTH.,#20072);
#20072 = SURFACE_SIDE_STYLE('',(#20073));
#20073 = SURFACE_STYLE_FILL_AREA(#20074);
#20074 = FILL_AREA_STYLE('',(#20075));
#20075 = FILL_AREA_STYLE_COLOUR('',#19990);
#20076 = STYLED_ITEM('color',(#20077),#638);
#20077 = PRESENTATION_STYLE_ASSIGNMENT((#20078));
#20078 = SURFACE_STYLE_USAGE(.BOTH.,#20079);
#20079 = SURFACE_SIDE_STYLE('',(#20080));
#20080 = SURFACE_STYLE_FILL_AREA(#20081);
#20081 = FILL_AREA_STYLE('',(#20082));
#20082 = FILL_AREA_STYLE_COLOUR('',#20083);
#20083 = COLOUR_RGB('',8.200000279077E-02,8.600000121357E-02,
  9.399999706163E-02);
#20084 = STYLED_ITEM('color',(#20085),#669);
#20085 = PRESENTATION_STYLE_ASSIGNMENT((#20086));
#20086 = SURFACE_STYLE_USAGE(.BOTH.,#20087);
#20087 = SURFACE_SIDE_STYLE('',(#20088));
#20088 = SURFACE_STYLE_FILL_AREA(#20089);
#20089 = FILL_AREA_STYLE('',(#20090));
#20090 = FILL_AREA_STYLE_COLOUR('',#20083);
#20091 = STYLED_ITEM('color',(#20092),#693);
#20092 = PRESENTATION_STYLE_ASSIGNMENT((#20093));
#20093 = SURFACE_STYLE_USAGE(.BOTH.,#20094);
#20094 = SURFACE_SIDE_STYLE('',(#20095));
#20095 = SURFACE_STYLE_FILL_AREA(#20096);
#20096 = FILL_AREA_STYLE('',(#20097));
#20097 = FILL_AREA_STYLE_COLOUR('',#19990);
#20098 = STYLED_ITEM('color',(#20099),#762);
#20099 = PRESENTATION_STYLE_ASSIGNMENT((#20100));
#20100 = SURFACE_STYLE_USAGE(.BOTH.,#20101);
#20101 = SURFACE_SIDE_STYLE('',(#20102));
#20102 = SURFACE_STYLE_FILL_AREA(#20103);
#20103 = FILL_AREA_STYLE('',(#20104));
#20104 = FILL_AREA_STYLE_COLOUR('',#20083);
#20105 = STYLED_ITEM('color',(#20106),#786);
#20106 = PRESENTATION_STYLE_ASSIGNMENT((#20107));
#20107 = SURFACE_STYLE_USAGE(.BOTH.,#20108);
#20108 = SURFACE_SIDE_STYLE('',(#20109));
#20109 = SURFACE_STYLE_FILL_AREA(#20110);
#20110 = FILL_AREA_STYLE('',(#20111));
#20111 = FILL_AREA_STYLE_COLOUR('',#19990);
#20112 = STYLED_ITEM('color',(#20113),#803);
#20113 = PRESENTATION_STYLE_ASSIGNMENT((#20114));
#20114 = SURFACE_STYLE_USAGE(.BOTH.,#20115);
#20115 = SURFACE_SIDE_STYLE('',(#20116));
#20116 = SURFACE_STYLE_FILL_AREA(#20117);
#20117 = FILL_AREA_STYLE('',(#20118));
#20118 = FILL_AREA_STYLE_COLOUR('',#19990);
#20119 = STYLED_ITEM('color',(#20120),#820);
#20120 = PRESENTATION_STYLE_ASSIGNMENT((#20121));
#20121 = SURFACE_STYLE_USAGE(.BOTH.,#20122);
#20122 = SURFACE_SIDE_STYLE('',(#20123));
#20123 = SURFACE_STYLE_FILL_AREA(#20124);
#20124 = FILL_AREA_STYLE('',(#20125));
#20125 = FILL_AREA_STYLE_COLOUR('',#19990);
#20126 = STYLED_ITEM('color',(#20127),#837);
#20127 = PRESENTATION_STYLE_ASSIGNMENT((#20128));
#20128 = SURFACE_STYLE_USAGE(.BOTH.,#20129);
#20129 = SURFACE_SIDE_STYLE('',(#20130));
#20130 = SURFACE_STYLE_FILL_AREA(#20131);
#20131 = FILL_AREA_STYLE('',(#20132));
#20132 = FILL_AREA_STYLE_COLOUR('',#19990);
#20133 = STYLED_ITEM('color',(#20134),#854);
#20134 = PRESENTATION_STYLE_ASSIGNMENT((#20135));
#20135 = SURFACE_STYLE_USAGE(.BOTH.,#20136);
#20136 = SURFACE_SIDE_STYLE('',(#20137));
#20137 = SURFACE_STYLE_FILL_AREA(#20138);
#20138 = FILL_AREA_STYLE('',(#20139));
#20139 = FILL_AREA_STYLE_COLOUR('',#19990);
#20140 = STYLED_ITEM('color',(#20141),#871);
#20141 = PRESENTATION_STYLE_ASSIGNMENT((#20142));
#20142 = SURFACE_STYLE_USAGE(.BOTH.,#20143);
#20143 = SURFACE_SIDE_STYLE('',(#20144));
#20144 = SURFACE_STYLE_FILL_AREA(#20145);
#20145 = FILL_AREA_STYLE('',(#20146));
#20146 = FILL_AREA_STYLE_COLOUR('',#19990);
#20147 = STYLED_ITEM('color',(#20148),#888);
#20148 = PRESENTATION_STYLE_ASSIGNMENT((#20149));
#20149 = SURFACE_STYLE_USAGE(.BOTH.,#20150);
#20150 = SURFACE_SIDE_STYLE('',(#20151));
#20151 = SURFACE_STYLE_FILL_AREA(#20152);
#20152 = FILL_AREA_STYLE('',(#20153));
#20153 = FILL_AREA_STYLE_COLOUR('',#19990);
#20154 = STYLED_ITEM('color',(#20155),#905);
#20155 = PRESENTATION_STYLE_ASSIGNMENT((#20156));
#20156 = SURFACE_STYLE_USAGE(.BOTH.,#20157);
#20157 = SURFACE_SIDE_STYLE('',(#20158));
#20158 = SURFACE_STYLE_FILL_AREA(#20159);
#20159 = FILL_AREA_STYLE('',(#20160));
#20160 = FILL_AREA_STYLE_COLOUR('',#20083);
#20161 = STYLED_ITEM('color',(#20162),#922);
#20162 = PRESENTATION_STYLE_ASSIGNMENT((#20163));
#20163 = SURFACE_STYLE_USAGE(.BOTH.,#20164);
#20164 = SURFACE_SIDE_STYLE('',(#20165));
#20165 = SURFACE_STYLE_FILL_AREA(#20166);
#20166 = FILL_AREA_STYLE('',(#20167));
#20167 = FILL_AREA_STYLE_COLOUR('',#20083);
#20168 = MECHANICAL_DESIGN_GEOMETRIC_PRESENTATION_REPRESENTATION('',(
    #20169),#19971);
#20169 = STYLED_ITEM('color',(#20170),#19073);
#20170 = PRESENTATION_STYLE_ASSIGNMENT((#20171));
#20171 = SURFACE_STYLE_USAGE(.BOTH.,#20172);
#20172 = SURFACE_SIDE_STYLE('',(#20173));
#20173 = SURFACE_STYLE_FILL_AREA(#20174);
#20174 = FILL_AREA_STYLE('',(#20175));
#20175 = FILL_AREA_STYLE_COLOUR('',#20176);
#20176 = COLOUR_RGB('',0.313304153717,0.484529207832,0.410020903123);
#20177 = MECHANICAL_DESIGN_GEOMETRIC_PRESENTATION_REPRESENTATION('',(
    #20178,#20188,#20197,#20206,#20215,#20224,#20233,#20242,#20251,
    #20260,#20269,#20278,#20287,#20296,#20305,#20314,#20323,#20332,
    #20341,#20350,#20359,#20368,#20377,#20386,#20395,#20404,#20413,
    #20422,#20431,#20440,#20449,#20458,#20467,#20476,#20485,#20494,
    #20503,#20512,#20521,#20530,#20539,#20549,#20558,#20567,#20576,
    #20585,#20594,#20603,#20612,#20621,#20630,#20639,#20648,#20657,
    #20666,#20675,#20684,#20693,#20702,#20711,#20720,#20729,#20738,
    #20747,#20756,#20765,#20774,#20783,#20792,#20801,#20810,#20819,
    #20828,#20837,#20846,#20855,#20864,#20873,#20882,#20891,#20900,
    #20909,#20918,#20927,#20936,#20945,#20954,#20963,#20972,#20981,
    #20990,#20999,#21008,#21017,#21026,#21035,#21044,#21053,#21062,
    #21071,#21080,#21089,#21098,#21107,#21116,#21125,#21134,#21143,
    #21152,#21161,#21170,#21179,#21188,#21197,#21206,#21215,#21224,
    #21233,#21242,#21251,#21260,#21269,#21278,#21287,#21296,#21305,
    #21314,#21323,#21332,#21341,#21350,#21359,#21368,#21377,#21386),
  #5941);
#20178 = STYLED_ITEM('color',(#20179),#1889);
#20179 = PRESENTATION_STYLE_ASSIGNMENT((#20180,#20186));
#20180 = SURFACE_STYLE_USAGE(.BOTH.,#20181);
#20181 = SURFACE_SIDE_STYLE('',(#20182));
#20182 = SURFACE_STYLE_FILL_AREA(#20183);
#20183 = FILL_AREA_STYLE('',(#20184));
#20184 = FILL_AREA_STYLE_COLOUR('',#20185);
#20185 = COLOUR_RGB('',0.147999998088,0.145000001626,0.145000001626);
#20186 = CURVE_STYLE('',#20187,POSITIVE_LENGTH_MEASURE(0.1),#20185);
#20187 = DRAUGHTING_PRE_DEFINED_CURVE_FONT('continuous');
#20188 = STYLED_ITEM('color',(#20189),#1993);
#20189 = PRESENTATION_STYLE_ASSIGNMENT((#20190,#20195));
#20190 = SURFACE_STYLE_USAGE(.BOTH.,#20191);
#20191 = SURFACE_SIDE_STYLE('',(#20192));
#20192 = SURFACE_STYLE_FILL_AREA(#20193);
#20193 = FILL_AREA_STYLE('',(#20194));
#20194 = FILL_AREA_STYLE_COLOUR('',#20185);
#20195 = CURVE_STYLE('',#20196,POSITIVE_LENGTH_MEASURE(0.1),#20185);
#20196 = DRAUGHTING_PRE_DEFINED_CURVE_FONT('continuous');
#20197 = STYLED_ITEM('color',(#20198),#2026);
#20198 = PRESENTATION_STYLE_ASSIGNMENT((#20199,#20204));
#20199 = SURFACE_STYLE_USAGE(.BOTH.,#20200);
#20200 = SURFACE_SIDE_STYLE('',(#20201));
#20201 = SURFACE_STYLE_FILL_AREA(#20202);
#20202 = FILL_AREA_STYLE('',(#20203));
#20203 = FILL_AREA_STYLE_COLOUR('',#20185);
#20204 = CURVE_STYLE('',#20205,POSITIVE_LENGTH_MEASURE(0.1),#20185);
#20205 = DRAUGHTING_PRE_DEFINED_CURVE_FONT('continuous');
#20206 = STYLED_ITEM('color',(#20207),#2075);
#20207 = PRESENTATION_STYLE_ASSIGNMENT((#20208,#20213));
#20208 = SURFACE_STYLE_USAGE(.BOTH.,#20209);
#20209 = SURFACE_SIDE_STYLE('',(#20210));
#20210 = SURFACE_STYLE_FILL_AREA(#20211);
#20211 = FILL_AREA_STYLE('',(#20212));
#20212 = FILL_AREA_STYLE_COLOUR('',#20185);
#20213 = CURVE_STYLE('',#20214,POSITIVE_LENGTH_MEASURE(0.1),#20185);
#20214 = DRAUGHTING_PRE_DEFINED_CURVE_FONT('continuous');
#20215 = STYLED_ITEM('color',(#20216),#2099);
#20216 = PRESENTATION_STYLE_ASSIGNMENT((#20217,#20222));
#20217 = SURFACE_STYLE_USAGE(.BOTH.,#20218);
#20218 = SURFACE_SIDE_STYLE('',(#20219));
#20219 = SURFACE_STYLE_FILL_AREA(#20220);
#20220 = FILL_AREA_STYLE('',(#20221));
#20221 = FILL_AREA_STYLE_COLOUR('',#20185);
#20222 = CURVE_STYLE('',#20223,POSITIVE_LENGTH_MEASURE(0.1),#20185);
#20223 = DRAUGHTING_PRE_DEFINED_CURVE_FONT('continuous');
#20224 = STYLED_ITEM('color',(#20225),#2255);
#20225 = PRESENTATION_STYLE_ASSIGNMENT((#20226,#20231));
#20226 = SURFACE_STYLE_USAGE(.BOTH.,#20227);
#20227 = SURFACE_SIDE_STYLE('',(#20228));
#20228 = SURFACE_STYLE_FILL_AREA(#20229);
#20229 = FILL_AREA_STYLE('',(#20230));
#20230 = FILL_AREA_STYLE_COLOUR('',#20185);
#20231 = CURVE_STYLE('',#20232,POSITIVE_LENGTH_MEASURE(0.1),#20185);
#20232 = DRAUGHTING_PRE_DEFINED_CURVE_FONT('continuous');
#20233 = STYLED_ITEM('color',(#20234),#2279);
#20234 = PRESENTATION_STYLE_ASSIGNMENT((#20235,#20240));
#20235 = SURFACE_STYLE_USAGE(.BOTH.,#20236);
#20236 = SURFACE_SIDE_STYLE('',(#20237));
#20237 = SURFACE_STYLE_FILL_AREA(#20238);
#20238 = FILL_AREA_STYLE('',(#20239));
#20239 = FILL_AREA_STYLE_COLOUR('',#20185);
#20240 = CURVE_STYLE('',#20241,POSITIVE_LENGTH_MEASURE(0.1),#20185);
#20241 = DRAUGHTING_PRE_DEFINED_CURVE_FONT('continuous');
#20242 = STYLED_ITEM('color',(#20243),#2329);
#20243 = PRESENTATION_STYLE_ASSIGNMENT((#20244,#20249));
#20244 = SURFACE_STYLE_USAGE(.BOTH.,#20245);
#20245 = SURFACE_SIDE_STYLE('',(#20246));
#20246 = SURFACE_STYLE_FILL_AREA(#20247);
#20247 = FILL_AREA_STYLE('',(#20248));
#20248 = FILL_AREA_STYLE_COLOUR('',#20185);
#20249 = CURVE_STYLE('',#20250,POSITIVE_LENGTH_MEASURE(0.1),#20185);
#20250 = DRAUGHTING_PRE_DEFINED_CURVE_FONT('continuous');
#20251 = STYLED_ITEM('color',(#20252),#2354);
#20252 = PRESENTATION_STYLE_ASSIGNMENT((#20253,#20258));
#20253 = SURFACE_STYLE_USAGE(.BOTH.,#20254);
#20254 = SURFACE_SIDE_STYLE('',(#20255));
#20255 = SURFACE_STYLE_FILL_AREA(#20256);
#20256 = FILL_AREA_STYLE('',(#20257));
#20257 = FILL_AREA_STYLE_COLOUR('',#20185);
#20258 = CURVE_STYLE('',#20259,POSITIVE_LENGTH_MEASURE(0.1),#20185);
#20259 = DRAUGHTING_PRE_DEFINED_CURVE_FONT('continuous');
#20260 = STYLED_ITEM('color',(#20261),#2477);
#20261 = PRESENTATION_STYLE_ASSIGNMENT((#20262,#20267));
#20262 = SURFACE_STYLE_USAGE(.BOTH.,#20263);
#20263 = SURFACE_SIDE_STYLE('',(#20264));
#20264 = SURFACE_STYLE_FILL_AREA(#20265);
#20265 = FILL_AREA_STYLE('',(#20266));
#20266 = FILL_AREA_STYLE_COLOUR('',#20185);
#20267 = CURVE_STYLE('',#20268,POSITIVE_LENGTH_MEASURE(0.1),#20185);
#20268 = DRAUGHTING_PRE_DEFINED_CURVE_FONT('continuous');
#20269 = STYLED_ITEM('color',(#20270),#2501);
#20270 = PRESENTATION_STYLE_ASSIGNMENT((#20271,#20276));
#20271 = SURFACE_STYLE_USAGE(.BOTH.,#20272);
#20272 = SURFACE_SIDE_STYLE('',(#20273));
#20273 = SURFACE_STYLE_FILL_AREA(#20274);
#20274 = FILL_AREA_STYLE('',(#20275));
#20275 = FILL_AREA_STYLE_COLOUR('',#20185);
#20276 = CURVE_STYLE('',#20277,POSITIVE_LENGTH_MEASURE(0.1),#20185);
#20277 = DRAUGHTING_PRE_DEFINED_CURVE_FONT('continuous');
#20278 = STYLED_ITEM('color',(#20279),#2557);
#20279 = PRESENTATION_STYLE_ASSIGNMENT((#20280,#20285));
#20280 = SURFACE_STYLE_USAGE(.BOTH.,#20281);
#20281 = SURFACE_SIDE_STYLE('',(#20282));
#20282 = SURFACE_STYLE_FILL_AREA(#20283);
#20283 = FILL_AREA_STYLE('',(#20284));
#20284 = FILL_AREA_STYLE_COLOUR('',#20185);
#20285 = CURVE_STYLE('',#20286,POSITIVE_LENGTH_MEASURE(0.1),#20185);
#20286 = DRAUGHTING_PRE_DEFINED_CURVE_FONT('continuous');
#20287 = STYLED_ITEM('color',(#20288),#2581);
#20288 = PRESENTATION_STYLE_ASSIGNMENT((#20289,#20294));
#20289 = SURFACE_STYLE_USAGE(.BOTH.,#20290);
#20290 = SURFACE_SIDE_STYLE('',(#20291));
#20291 = SURFACE_STYLE_FILL_AREA(#20292);
#20292 = FILL_AREA_STYLE('',(#20293));
#20293 = FILL_AREA_STYLE_COLOUR('',#20185);
#20294 = CURVE_STYLE('',#20295,POSITIVE_LENGTH_MEASURE(0.1),#20185);
#20295 = DRAUGHTING_PRE_DEFINED_CURVE_FONT('continuous');
#20296 = STYLED_ITEM('color',(#20297),#2697);
#20297 = PRESENTATION_STYLE_ASSIGNMENT((#20298,#20303));
#20298 = SURFACE_STYLE_USAGE(.BOTH.,#20299);
#20299 = SURFACE_SIDE_STYLE('',(#20300));
#20300 = SURFACE_STYLE_FILL_AREA(#20301);
#20301 = FILL_AREA_STYLE('',(#20302));
#20302 = FILL_AREA_STYLE_COLOUR('',#20185);
#20303 = CURVE_STYLE('',#20304,POSITIVE_LENGTH_MEASURE(0.1),#20185);
#20304 = DRAUGHTING_PRE_DEFINED_CURVE_FONT('continuous');
#20305 = OVER_RIDING_STYLED_ITEM('overriding color',(#20306),#2710,
  #20296);
#20306 = PRESENTATION_STYLE_ASSIGNMENT((#20307,#20312));
#20307 = SURFACE_STYLE_USAGE(.BOTH.,#20308);
#20308 = SURFACE_SIDE_STYLE('',(#20309));
#20309 = SURFACE_STYLE_FILL_AREA(#20310);
#20310 = FILL_AREA_STYLE('',(#20311));
#20311 = FILL_AREA_STYLE_COLOUR('',#19990);
#20312 = CURVE_STYLE('',#20313,POSITIVE_LENGTH_MEASURE(0.1),#19990);
#20313 = DRAUGHTING_PRE_DEFINED_CURVE_FONT('continuous');
#20314 = OVER_RIDING_STYLED_ITEM('overriding color',(#20315),#2726,
  #20296);
#20315 = PRESENTATION_STYLE_ASSIGNMENT((#20316,#20321));
#20316 = SURFACE_STYLE_USAGE(.BOTH.,#20317);
#20317 = SURFACE_SIDE_STYLE('',(#20318));
#20318 = SURFACE_STYLE_FILL_AREA(#20319);
#20319 = FILL_AREA_STYLE('',(#20320));
#20320 = FILL_AREA_STYLE_COLOUR('',#19990);
#20321 = CURVE_STYLE('',#20322,POSITIVE_LENGTH_MEASURE(0.1),#19990);
#20322 = DRAUGHTING_PRE_DEFINED_CURVE_FONT('continuous');
#20323 = OVER_RIDING_STYLED_ITEM('overriding color',(#20324),#2767,
  #20296);
#20324 = PRESENTATION_STYLE_ASSIGNMENT((#20325,#20330));
#20325 = SURFACE_STYLE_USAGE(.BOTH.,#20326);
#20326 = SURFACE_SIDE_STYLE('',(#20327));
#20327 = SURFACE_STYLE_FILL_AREA(#20328);
#20328 = FILL_AREA_STYLE('',(#20329));
#20329 = FILL_AREA_STYLE_COLOUR('',#19990);
#20330 = CURVE_STYLE('',#20331,POSITIVE_LENGTH_MEASURE(0.1),#19990);
#20331 = DRAUGHTING_PRE_DEFINED_CURVE_FONT('continuous');
#20332 = OVER_RIDING_STYLED_ITEM('overriding color',(#20333),#2783,
  #20296);
#20333 = PRESENTATION_STYLE_ASSIGNMENT((#20334,#20339));
#20334 = SURFACE_STYLE_USAGE(.BOTH.,#20335);
#20335 = SURFACE_SIDE_STYLE('',(#20336));
#20336 = SURFACE_STYLE_FILL_AREA(#20337);
#20337 = FILL_AREA_STYLE('',(#20338));
#20338 = FILL_AREA_STYLE_COLOUR('',#19990);
#20339 = CURVE_STYLE('',#20340,POSITIVE_LENGTH_MEASURE(0.1),#19990);
#20340 = DRAUGHTING_PRE_DEFINED_CURVE_FONT('continuous');
#20341 = STYLED_ITEM('color',(#20342),#2801);
#20342 = PRESENTATION_STYLE_ASSIGNMENT((#20343,#20348));
#20343 = SURFACE_STYLE_USAGE(.BOTH.,#20344);
#20344 = SURFACE_SIDE_STYLE('',(#20345));
#20345 = SURFACE_STYLE_FILL_AREA(#20346);
#20346 = FILL_AREA_STYLE('',(#20347));
#20347 = FILL_AREA_STYLE_COLOUR('',#20185);
#20348 = CURVE_STYLE('',#20349,POSITIVE_LENGTH_MEASURE(0.1),#20185);
#20349 = DRAUGHTING_PRE_DEFINED_CURVE_FONT('continuous');
#20350 = STYLED_ITEM('color',(#20351),#2818);
#20351 = PRESENTATION_STYLE_ASSIGNMENT((#20352,#20357));
#20352 = SURFACE_STYLE_USAGE(.BOTH.,#20353);
#20353 = SURFACE_SIDE_STYLE('',(#20354));
#20354 = SURFACE_STYLE_FILL_AREA(#20355);
#20355 = FILL_AREA_STYLE('',(#20356));
#20356 = FILL_AREA_STYLE_COLOUR('',#20185);
#20357 = CURVE_STYLE('',#20358,POSITIVE_LENGTH_MEASURE(0.1),#20185);
#20358 = DRAUGHTING_PRE_DEFINED_CURVE_FONT('continuous');
#20359 = STYLED_ITEM('color',(#20360),#2835);
#20360 = PRESENTATION_STYLE_ASSIGNMENT((#20361,#20366));
#20361 = SURFACE_STYLE_USAGE(.BOTH.,#20362);
#20362 = SURFACE_SIDE_STYLE('',(#20363));
#20363 = SURFACE_STYLE_FILL_AREA(#20364);
#20364 = FILL_AREA_STYLE('',(#20365));
#20365 = FILL_AREA_STYLE_COLOUR('',#19990);
#20366 = CURVE_STYLE('',#20367,POSITIVE_LENGTH_MEASURE(0.1),#19990);
#20367 = DRAUGHTING_PRE_DEFINED_CURVE_FONT('continuous');
#20368 = STYLED_ITEM('color',(#20369),#2868);
#20369 = PRESENTATION_STYLE_ASSIGNMENT((#20370,#20375));
#20370 = SURFACE_STYLE_USAGE(.BOTH.,#20371);
#20371 = SURFACE_SIDE_STYLE('',(#20372));
#20372 = SURFACE_STYLE_FILL_AREA(#20373);
#20373 = FILL_AREA_STYLE('',(#20374));
#20374 = FILL_AREA_STYLE_COLOUR('',#19990);
#20375 = CURVE_STYLE('',#20376,POSITIVE_LENGTH_MEASURE(0.1),#19990);
#20376 = DRAUGHTING_PRE_DEFINED_CURVE_FONT('continuous');
#20377 = STYLED_ITEM('color',(#20378),#2906);
#20378 = PRESENTATION_STYLE_ASSIGNMENT((#20379,#20384));
#20379 = SURFACE_STYLE_USAGE(.BOTH.,#20380);
#20380 = SURFACE_SIDE_STYLE('',(#20381));
#20381 = SURFACE_STYLE_FILL_AREA(#20382);
#20382 = FILL_AREA_STYLE('',(#20383));
#20383 = FILL_AREA_STYLE_COLOUR('',#20185);
#20384 = CURVE_STYLE('',#20385,POSITIVE_LENGTH_MEASURE(0.1),#20185);
#20385 = DRAUGHTING_PRE_DEFINED_CURVE_FONT('continuous');
#20386 = OVER_RIDING_STYLED_ITEM('overriding color',(#20387),#2921,
  #20377);
#20387 = PRESENTATION_STYLE_ASSIGNMENT((#20388,#20393));
#20388 = SURFACE_STYLE_USAGE(.BOTH.,#20389);
#20389 = SURFACE_SIDE_STYLE('',(#20390));
#20390 = SURFACE_STYLE_FILL_AREA(#20391);
#20391 = FILL_AREA_STYLE('',(#20392));
#20392 = FILL_AREA_STYLE_COLOUR('',#19990);
#20393 = CURVE_STYLE('',#20394,POSITIVE_LENGTH_MEASURE(0.1),#19990);
#20394 = DRAUGHTING_PRE_DEFINED_CURVE_FONT('continuous');
#20395 = OVER_RIDING_STYLED_ITEM('overriding color',(#20396),#2937,
  #20377);
#20396 = PRESENTATION_STYLE_ASSIGNMENT((#20397,#20402));
#20397 = SURFACE_STYLE_USAGE(.BOTH.,#20398);
#20398 = SURFACE_SIDE_STYLE('',(#20399));
#20399 = SURFACE_STYLE_FILL_AREA(#20400);
#20400 = FILL_AREA_STYLE('',(#20401));
#20401 = FILL_AREA_STYLE_COLOUR('',#19990);
#20402 = CURVE_STYLE('',#20403,POSITIVE_LENGTH_MEASURE(0.1),#19990);
#20403 = DRAUGHTING_PRE_DEFINED_CURVE_FONT('continuous');
#20404 = OVER_RIDING_STYLED_ITEM('overriding color',(#20405),#2960,
  #20377);
#20405 = PRESENTATION_STYLE_ASSIGNMENT((#20406,#20411));
#20406 = SURFACE_STYLE_USAGE(.BOTH.,#20407);
#20407 = SURFACE_SIDE_STYLE('',(#20408));
#20408 = SURFACE_STYLE_FILL_AREA(#20409);
#20409 = FILL_AREA_STYLE('',(#20410));
#20410 = FILL_AREA_STYLE_COLOUR('',#19990);
#20411 = CURVE_STYLE('',#20412,POSITIVE_LENGTH_MEASURE(0.1),#19990);
#20412 = DRAUGHTING_PRE_DEFINED_CURVE_FONT('continuous');
#20413 = OVER_RIDING_STYLED_ITEM('overriding color',(#20414),#2976,
  #20377);
#20414 = PRESENTATION_STYLE_ASSIGNMENT((#20415,#20420));
#20415 = SURFACE_STYLE_USAGE(.BOTH.,#20416);
#20416 = SURFACE_SIDE_STYLE('',(#20417));
#20417 = SURFACE_STYLE_FILL_AREA(#20418);
#20418 = FILL_AREA_STYLE('',(#20419));
#20419 = FILL_AREA_STYLE_COLOUR('',#19990);
#20420 = CURVE_STYLE('',#20421,POSITIVE_LENGTH_MEASURE(0.1),#19990);
#20421 = DRAUGHTING_PRE_DEFINED_CURVE_FONT('continuous');
#20422 = STYLED_ITEM('color',(#20423),#3010);
#20423 = PRESENTATION_STYLE_ASSIGNMENT((#20424,#20429));
#20424 = SURFACE_STYLE_USAGE(.BOTH.,#20425);
#20425 = SURFACE_SIDE_STYLE('',(#20426));
#20426 = SURFACE_STYLE_FILL_AREA(#20427);
#20427 = FILL_AREA_STYLE('',(#20428));
#20428 = FILL_AREA_STYLE_COLOUR('',#19990);
#20429 = CURVE_STYLE('',#20430,POSITIVE_LENGTH_MEASURE(0.1),#19990);
#20430 = DRAUGHTING_PRE_DEFINED_CURVE_FONT('continuous');
#20431 = STYLED_ITEM('color',(#20432),#3055);
#20432 = PRESENTATION_STYLE_ASSIGNMENT((#20433,#20438));
#20433 = SURFACE_STYLE_USAGE(.BOTH.,#20434);
#20434 = SURFACE_SIDE_STYLE('',(#20435));
#20435 = SURFACE_STYLE_FILL_AREA(#20436);
#20436 = FILL_AREA_STYLE('',(#20437));
#20437 = FILL_AREA_STYLE_COLOUR('',#20185);
#20438 = CURVE_STYLE('',#20439,POSITIVE_LENGTH_MEASURE(0.1),#20185);
#20439 = DRAUGHTING_PRE_DEFINED_CURVE_FONT('continuous');
#20440 = STYLED_ITEM('color',(#20441),#3079);
#20441 = PRESENTATION_STYLE_ASSIGNMENT((#20442,#20447));
#20442 = SURFACE_STYLE_USAGE(.BOTH.,#20443);
#20443 = SURFACE_SIDE_STYLE('',(#20444));
#20444 = SURFACE_STYLE_FILL_AREA(#20445);
#20445 = FILL_AREA_STYLE('',(#20446));
#20446 = FILL_AREA_STYLE_COLOUR('',#20185);
#20447 = CURVE_STYLE('',#20448,POSITIVE_LENGTH_MEASURE(0.1),#20185);
#20448 = DRAUGHTING_PRE_DEFINED_CURVE_FONT('continuous');
#20449 = STYLED_ITEM('color',(#20450),#3104);
#20450 = PRESENTATION_STYLE_ASSIGNMENT((#20451,#20456));
#20451 = SURFACE_STYLE_USAGE(.BOTH.,#20452);
#20452 = SURFACE_SIDE_STYLE('',(#20453));
#20453 = SURFACE_STYLE_FILL_AREA(#20454);
#20454 = FILL_AREA_STYLE('',(#20455));
#20455 = FILL_AREA_STYLE_COLOUR('',#20185);
#20456 = CURVE_STYLE('',#20457,POSITIVE_LENGTH_MEASURE(0.1),#20185);
#20457 = DRAUGHTING_PRE_DEFINED_CURVE_FONT('continuous');
#20458 = STYLED_ITEM('color',(#20459),#3128);
#20459 = PRESENTATION_STYLE_ASSIGNMENT((#20460,#20465));
#20460 = SURFACE_STYLE_USAGE(.BOTH.,#20461);
#20461 = SURFACE_SIDE_STYLE('',(#20462));
#20462 = SURFACE_STYLE_FILL_AREA(#20463);
#20463 = FILL_AREA_STYLE('',(#20464));
#20464 = FILL_AREA_STYLE_COLOUR('',#20185);
#20465 = CURVE_STYLE('',#20466,POSITIVE_LENGTH_MEASURE(0.1),#20185);
#20466 = DRAUGHTING_PRE_DEFINED_CURVE_FONT('continuous');
#20467 = STYLED_ITEM('color',(#20468),#3198);
#20468 = PRESENTATION_STYLE_ASSIGNMENT((#20469,#20474));
#20469 = SURFACE_STYLE_USAGE(.BOTH.,#20470);
#20470 = SURFACE_SIDE_STYLE('',(#20471));
#20471 = SURFACE_STYLE_FILL_AREA(#20472);
#20472 = FILL_AREA_STYLE('',(#20473));
#20473 = FILL_AREA_STYLE_COLOUR('',#20185);
#20474 = CURVE_STYLE('',#20475,POSITIVE_LENGTH_MEASURE(0.1),#20185);
#20475 = DRAUGHTING_PRE_DEFINED_CURVE_FONT('continuous');
#20476 = STYLED_ITEM('color',(#20477),#3222);
#20477 = PRESENTATION_STYLE_ASSIGNMENT((#20478,#20483));
#20478 = SURFACE_STYLE_USAGE(.BOTH.,#20479);
#20479 = SURFACE_SIDE_STYLE('',(#20480));
#20480 = SURFACE_STYLE_FILL_AREA(#20481);
#20481 = FILL_AREA_STYLE('',(#20482));
#20482 = FILL_AREA_STYLE_COLOUR('',#20185);
#20483 = CURVE_STYLE('',#20484,POSITIVE_LENGTH_MEASURE(0.1),#20185);
#20484 = DRAUGHTING_PRE_DEFINED_CURVE_FONT('continuous');
#20485 = STYLED_ITEM('color',(#20486),#3247);
#20486 = PRESENTATION_STYLE_ASSIGNMENT((#20487,#20492));
#20487 = SURFACE_STYLE_USAGE(.BOTH.,#20488);
#20488 = SURFACE_SIDE_STYLE('',(#20489));
#20489 = SURFACE_STYLE_FILL_AREA(#20490);
#20490 = FILL_AREA_STYLE('',(#20491));
#20491 = FILL_AREA_STYLE_COLOUR('',#20185);
#20492 = CURVE_STYLE('',#20493,POSITIVE_LENGTH_MEASURE(0.1),#20185);
#20493 = DRAUGHTING_PRE_DEFINED_CURVE_FONT('continuous');
#20494 = STYLED_ITEM('color',(#20495),#3271);
#20495 = PRESENTATION_STYLE_ASSIGNMENT((#20496,#20501));
#20496 = SURFACE_STYLE_USAGE(.BOTH.,#20497);
#20497 = SURFACE_SIDE_STYLE('',(#20498));
#20498 = SURFACE_STYLE_FILL_AREA(#20499);
#20499 = FILL_AREA_STYLE('',(#20500));
#20500 = FILL_AREA_STYLE_COLOUR('',#19990);
#20501 = CURVE_STYLE('',#20502,POSITIVE_LENGTH_MEASURE(0.1),#19990);
#20502 = DRAUGHTING_PRE_DEFINED_CURVE_FONT('continuous');
#20503 = STYLED_ITEM('color',(#20504),#3309);
#20504 = PRESENTATION_STYLE_ASSIGNMENT((#20505,#20510));
#20505 = SURFACE_STYLE_USAGE(.BOTH.,#20506);
#20506 = SURFACE_SIDE_STYLE('',(#20507));
#20507 = SURFACE_STYLE_FILL_AREA(#20508);
#20508 = FILL_AREA_STYLE('',(#20509));
#20509 = FILL_AREA_STYLE_COLOUR('',#20185);
#20510 = CURVE_STYLE('',#20511,POSITIVE_LENGTH_MEASURE(0.1),#20185);
#20511 = DRAUGHTING_PRE_DEFINED_CURVE_FONT('continuous');
#20512 = STYLED_ITEM('color',(#20513),#3326);
#20513 = PRESENTATION_STYLE_ASSIGNMENT((#20514,#20519));
#20514 = SURFACE_STYLE_USAGE(.BOTH.,#20515);
#20515 = SURFACE_SIDE_STYLE('',(#20516));
#20516 = SURFACE_STYLE_FILL_AREA(#20517);
#20517 = FILL_AREA_STYLE('',(#20518));
#20518 = FILL_AREA_STYLE_COLOUR('',#20185);
#20519 = CURVE_STYLE('',#20520,POSITIVE_LENGTH_MEASURE(0.1),#20185);
#20520 = DRAUGHTING_PRE_DEFINED_CURVE_FONT('continuous');
#20521 = STYLED_ITEM('color',(#20522),#3338);
#20522 = PRESENTATION_STYLE_ASSIGNMENT((#20523,#20528));
#20523 = SURFACE_STYLE_USAGE(.BOTH.,#20524);
#20524 = SURFACE_SIDE_STYLE('',(#20525));
#20525 = SURFACE_STYLE_FILL_AREA(#20526);
#20526 = FILL_AREA_STYLE('',(#20527));
#20527 = FILL_AREA_STYLE_COLOUR('',#20185);
#20528 = CURVE_STYLE('',#20529,POSITIVE_LENGTH_MEASURE(0.1),#20185);
#20529 = DRAUGHTING_PRE_DEFINED_CURVE_FONT('continuous');
#20530 = STYLED_ITEM('color',(#20531),#3356);
#20531 = PRESENTATION_STYLE_ASSIGNMENT((#20532,#20537));
#20532 = SURFACE_STYLE_USAGE(.BOTH.,#20533);
#20533 = SURFACE_SIDE_STYLE('',(#20534));
#20534 = SURFACE_STYLE_FILL_AREA(#20535);
#20535 = FILL_AREA_STYLE('',(#20536));
#20536 = FILL_AREA_STYLE_COLOUR('',#20185);
#20537 = CURVE_STYLE('',#20538,POSITIVE_LENGTH_MEASURE(0.1),#20185);
#20538 = DRAUGHTING_PRE_DEFINED_CURVE_FONT('continuous');
#20539 = STYLED_ITEM('color',(#20540),#3380);
#20540 = PRESENTATION_STYLE_ASSIGNMENT((#20541,#20547));
#20541 = SURFACE_STYLE_USAGE(.BOTH.,#20542);
#20542 = SURFACE_SIDE_STYLE('',(#20543));
#20543 = SURFACE_STYLE_FILL_AREA(#20544);
#20544 = FILL_AREA_STYLE('',(#20545));
#20545 = FILL_AREA_STYLE_COLOUR('',#20546);
#20546 = COLOUR_RGB('',0.507540004841,0.507540004841,0.507540004841);
#20547 = CURVE_STYLE('',#20548,POSITIVE_LENGTH_MEASURE(0.1),#20546);
#20548 = DRAUGHTING_PRE_DEFINED_CURVE_FONT('continuous');
#20549 = STYLED_ITEM('color',(#20550),#3543);
#20550 = PRESENTATION_STYLE_ASSIGNMENT((#20551,#20556));
#20551 = SURFACE_STYLE_USAGE(.BOTH.,#20552);
#20552 = SURFACE_SIDE_STYLE('',(#20553));
#20553 = SURFACE_STYLE_FILL_AREA(#20554);
#20554 = FILL_AREA_STYLE('',(#20555));
#20555 = FILL_AREA_STYLE_COLOUR('',#20185);
#20556 = CURVE_STYLE('',#20557,POSITIVE_LENGTH_MEASURE(0.1),#20185);
#20557 = DRAUGHTING_PRE_DEFINED_CURVE_FONT('continuous');
#20558 = STYLED_ITEM('color',(#20559),#3567);
#20559 = PRESENTATION_STYLE_ASSIGNMENT((#20560,#20565));
#20560 = SURFACE_STYLE_USAGE(.BOTH.,#20561);
#20561 = SURFACE_SIDE_STYLE('',(#20562));
#20562 = SURFACE_STYLE_FILL_AREA(#20563);
#20563 = FILL_AREA_STYLE('',(#20564));
#20564 = FILL_AREA_STYLE_COLOUR('',#20185);
#20565 = CURVE_STYLE('',#20566,POSITIVE_LENGTH_MEASURE(0.1),#20185);
#20566 = DRAUGHTING_PRE_DEFINED_CURVE_FONT('continuous');
#20567 = STYLED_ITEM('color',(#20568),#3598);
#20568 = PRESENTATION_STYLE_ASSIGNMENT((#20569,#20574));
#20569 = SURFACE_STYLE_USAGE(.BOTH.,#20570);
#20570 = SURFACE_SIDE_STYLE('',(#20571));
#20571 = SURFACE_STYLE_FILL_AREA(#20572);
#20572 = FILL_AREA_STYLE('',(#20573));
#20573 = FILL_AREA_STYLE_COLOUR('',#20185);
#20574 = CURVE_STYLE('',#20575,POSITIVE_LENGTH_MEASURE(0.1),#20185);
#20575 = DRAUGHTING_PRE_DEFINED_CURVE_FONT('continuous');
#20576 = STYLED_ITEM('color',(#20577),#3615);
#20577 = PRESENTATION_STYLE_ASSIGNMENT((#20578,#20583));
#20578 = SURFACE_STYLE_USAGE(.BOTH.,#20579);
#20579 = SURFACE_SIDE_STYLE('',(#20580));
#20580 = SURFACE_STYLE_FILL_AREA(#20581);
#20581 = FILL_AREA_STYLE('',(#20582));
#20582 = FILL_AREA_STYLE_COLOUR('',#20546);
#20583 = CURVE_STYLE('',#20584,POSITIVE_LENGTH_MEASURE(0.1),#20546);
#20584 = DRAUGHTING_PRE_DEFINED_CURVE_FONT('continuous');
#20585 = STYLED_ITEM('color',(#20586),#3632);
#20586 = PRESENTATION_STYLE_ASSIGNMENT((#20587,#20592));
#20587 = SURFACE_STYLE_USAGE(.BOTH.,#20588);
#20588 = SURFACE_SIDE_STYLE('',(#20589));
#20589 = SURFACE_STYLE_FILL_AREA(#20590);
#20590 = FILL_AREA_STYLE('',(#20591));
#20591 = FILL_AREA_STYLE_COLOUR('',#20546);
#20592 = CURVE_STYLE('',#20593,POSITIVE_LENGTH_MEASURE(0.1),#20546);
#20593 = DRAUGHTING_PRE_DEFINED_CURVE_FONT('continuous');
#20594 = STYLED_ITEM('color',(#20595),#3649);
#20595 = PRESENTATION_STYLE_ASSIGNMENT((#20596,#20601));
#20596 = SURFACE_STYLE_USAGE(.BOTH.,#20597);
#20597 = SURFACE_SIDE_STYLE('',(#20598));
#20598 = SURFACE_STYLE_FILL_AREA(#20599);
#20599 = FILL_AREA_STYLE('',(#20600));
#20600 = FILL_AREA_STYLE_COLOUR('',#20546);
#20601 = CURVE_STYLE('',#20602,POSITIVE_LENGTH_MEASURE(0.1),#20546);
#20602 = DRAUGHTING_PRE_DEFINED_CURVE_FONT('continuous');
#20603 = STYLED_ITEM('color',(#20604),#3666);
#20604 = PRESENTATION_STYLE_ASSIGNMENT((#20605,#20610));
#20605 = SURFACE_STYLE_USAGE(.BOTH.,#20606);
#20606 = SURFACE_SIDE_STYLE('',(#20607));
#20607 = SURFACE_STYLE_FILL_AREA(#20608);
#20608 = FILL_AREA_STYLE('',(#20609));
#20609 = FILL_AREA_STYLE_COLOUR('',#20185);
#20610 = CURVE_STYLE('',#20611,POSITIVE_LENGTH_MEASURE(0.1),#20185);
#20611 = DRAUGHTING_PRE_DEFINED_CURVE_FONT('continuous');
#20612 = STYLED_ITEM('color',(#20613),#3678);
#20613 = PRESENTATION_STYLE_ASSIGNMENT((#20614,#20619));
#20614 = SURFACE_STYLE_USAGE(.BOTH.,#20615);
#20615 = SURFACE_SIDE_STYLE('',(#20616));
#20616 = SURFACE_STYLE_FILL_AREA(#20617);
#20617 = FILL_AREA_STYLE('',(#20618));
#20618 = FILL_AREA_STYLE_COLOUR('',#20185);
#20619 = CURVE_STYLE('',#20620,POSITIVE_LENGTH_MEASURE(0.1),#20185);
#20620 = DRAUGHTING_PRE_DEFINED_CURVE_FONT('continuous');
#20621 = STYLED_ITEM('color',(#20622),#3709);
#20622 = PRESENTATION_STYLE_ASSIGNMENT((#20623,#20628));
#20623 = SURFACE_STYLE_USAGE(.BOTH.,#20624);
#20624 = SURFACE_SIDE_STYLE('',(#20625));
#20625 = SURFACE_STYLE_FILL_AREA(#20626);
#20626 = FILL_AREA_STYLE('',(#20627));
#20627 = FILL_AREA_STYLE_COLOUR('',#20185);
#20628 = CURVE_STYLE('',#20629,POSITIVE_LENGTH_MEASURE(0.1),#20185);
#20629 = DRAUGHTING_PRE_DEFINED_CURVE_FONT('continuous');
#20630 = STYLED_ITEM('color',(#20631),#3740);
#20631 = PRESENTATION_STYLE_ASSIGNMENT((#20632,#20637));
#20632 = SURFACE_STYLE_USAGE(.BOTH.,#20633);
#20633 = SURFACE_SIDE_STYLE('',(#20634));
#20634 = SURFACE_STYLE_FILL_AREA(#20635);
#20635 = FILL_AREA_STYLE('',(#20636));
#20636 = FILL_AREA_STYLE_COLOUR('',#20185);
#20637 = CURVE_STYLE('',#20638,POSITIVE_LENGTH_MEASURE(0.1),#20185);
#20638 = DRAUGHTING_PRE_DEFINED_CURVE_FONT('continuous');
#20639 = STYLED_ITEM('color',(#20640),#3757);
#20640 = PRESENTATION_STYLE_ASSIGNMENT((#20641,#20646));
#20641 = SURFACE_STYLE_USAGE(.BOTH.,#20642);
#20642 = SURFACE_SIDE_STYLE('',(#20643));
#20643 = SURFACE_STYLE_FILL_AREA(#20644);
#20644 = FILL_AREA_STYLE('',(#20645));
#20645 = FILL_AREA_STYLE_COLOUR('',#20185);
#20646 = CURVE_STYLE('',#20647,POSITIVE_LENGTH_MEASURE(0.1),#20185);
#20647 = DRAUGHTING_PRE_DEFINED_CURVE_FONT('continuous');
#20648 = STYLED_ITEM('color',(#20649),#3775);
#20649 = PRESENTATION_STYLE_ASSIGNMENT((#20650,#20655));
#20650 = SURFACE_STYLE_USAGE(.BOTH.,#20651);
#20651 = SURFACE_SIDE_STYLE('',(#20652));
#20652 = SURFACE_STYLE_FILL_AREA(#20653);
#20653 = FILL_AREA_STYLE('',(#20654));
#20654 = FILL_AREA_STYLE_COLOUR('',#19990);
#20655 = CURVE_STYLE('',#20656,POSITIVE_LENGTH_MEASURE(0.1),#19990);
#20656 = DRAUGHTING_PRE_DEFINED_CURVE_FONT('continuous');
#20657 = STYLED_ITEM('color',(#20658),#3859);
#20658 = PRESENTATION_STYLE_ASSIGNMENT((#20659,#20664));
#20659 = SURFACE_STYLE_USAGE(.BOTH.,#20660);
#20660 = SURFACE_SIDE_STYLE('',(#20661));
#20661 = SURFACE_STYLE_FILL_AREA(#20662);
#20662 = FILL_AREA_STYLE('',(#20663));
#20663 = FILL_AREA_STYLE_COLOUR('',#19990);
#20664 = CURVE_STYLE('',#20665,POSITIVE_LENGTH_MEASURE(0.1),#19990);
#20665 = DRAUGHTING_PRE_DEFINED_CURVE_FONT('continuous');
#20666 = STYLED_ITEM('color',(#20667),#3884);
#20667 = PRESENTATION_STYLE_ASSIGNMENT((#20668,#20673));
#20668 = SURFACE_STYLE_USAGE(.BOTH.,#20669);
#20669 = SURFACE_SIDE_STYLE('',(#20670));
#20670 = SURFACE_STYLE_FILL_AREA(#20671);
#20671 = FILL_AREA_STYLE('',(#20672));
#20672 = FILL_AREA_STYLE_COLOUR('',#19990);
#20673 = CURVE_STYLE('',#20674,POSITIVE_LENGTH_MEASURE(0.1),#19990);
#20674 = DRAUGHTING_PRE_DEFINED_CURVE_FONT('continuous');
#20675 = STYLED_ITEM('color',(#20676),#3960);
#20676 = PRESENTATION_STYLE_ASSIGNMENT((#20677,#20682));
#20677 = SURFACE_STYLE_USAGE(.BOTH.,#20678);
#20678 = SURFACE_SIDE_STYLE('',(#20679));
#20679 = SURFACE_STYLE_FILL_AREA(#20680);
#20680 = FILL_AREA_STYLE('',(#20681));
#20681 = FILL_AREA_STYLE_COLOUR('',#20185);
#20682 = CURVE_STYLE('',#20683,POSITIVE_LENGTH_MEASURE(0.1),#20185);
#20683 = DRAUGHTING_PRE_DEFINED_CURVE_FONT('continuous');
#20684 = STYLED_ITEM('color',(#20685),#3975);
#20685 = PRESENTATION_STYLE_ASSIGNMENT((#20686,#20691));
#20686 = SURFACE_STYLE_USAGE(.BOTH.,#20687);
#20687 = SURFACE_SIDE_STYLE('',(#20688));
#20688 = SURFACE_STYLE_FILL_AREA(#20689);
#20689 = FILL_AREA_STYLE('',(#20690));
#20690 = FILL_AREA_STYLE_COLOUR('',#19990);
#20691 = CURVE_STYLE('',#20692,POSITIVE_LENGTH_MEASURE(0.1),#19990);
#20692 = DRAUGHTING_PRE_DEFINED_CURVE_FONT('continuous');
#20693 = STYLED_ITEM('color',(#20694),#4059);
#20694 = PRESENTATION_STYLE_ASSIGNMENT((#20695,#20700));
#20695 = SURFACE_STYLE_USAGE(.BOTH.,#20696);
#20696 = SURFACE_SIDE_STYLE('',(#20697));
#20697 = SURFACE_STYLE_FILL_AREA(#20698);
#20698 = FILL_AREA_STYLE('',(#20699));
#20699 = FILL_AREA_STYLE_COLOUR('',#19990);
#20700 = CURVE_STYLE('',#20701,POSITIVE_LENGTH_MEASURE(0.1),#19990);
#20701 = DRAUGHTING_PRE_DEFINED_CURVE_FONT('continuous');
#20702 = STYLED_ITEM('color',(#20703),#4084);
#20703 = PRESENTATION_STYLE_ASSIGNMENT((#20704,#20709));
#20704 = SURFACE_STYLE_USAGE(.BOTH.,#20705);
#20705 = SURFACE_SIDE_STYLE('',(#20706));
#20706 = SURFACE_STYLE_FILL_AREA(#20707);
#20707 = FILL_AREA_STYLE('',(#20708));
#20708 = FILL_AREA_STYLE_COLOUR('',#19990);
#20709 = CURVE_STYLE('',#20710,POSITIVE_LENGTH_MEASURE(0.1),#19990);
#20710 = DRAUGHTING_PRE_DEFINED_CURVE_FONT('continuous');
#20711 = STYLED_ITEM('color',(#20712),#4160);
#20712 = PRESENTATION_STYLE_ASSIGNMENT((#20713,#20718));
#20713 = SURFACE_STYLE_USAGE(.BOTH.,#20714);
#20714 = SURFACE_SIDE_STYLE('',(#20715));
#20715 = SURFACE_STYLE_FILL_AREA(#20716);
#20716 = FILL_AREA_STYLE('',(#20717));
#20717 = FILL_AREA_STYLE_COLOUR('',#19990);
#20718 = CURVE_STYLE('',#20719,POSITIVE_LENGTH_MEASURE(0.1),#19990);
#20719 = DRAUGHTING_PRE_DEFINED_CURVE_FONT('continuous');
#20720 = STYLED_ITEM('color',(#20721),#4177);
#20721 = PRESENTATION_STYLE_ASSIGNMENT((#20722,#20727));
#20722 = SURFACE_STYLE_USAGE(.BOTH.,#20723);
#20723 = SURFACE_SIDE_STYLE('',(#20724));
#20724 = SURFACE_STYLE_FILL_AREA(#20725);
#20725 = FILL_AREA_STYLE('',(#20726));
#20726 = FILL_AREA_STYLE_COLOUR('',#19990);
#20727 = CURVE_STYLE('',#20728,POSITIVE_LENGTH_MEASURE(0.1),#19990);
#20728 = DRAUGHTING_PRE_DEFINED_CURVE_FONT('continuous');
#20729 = STYLED_ITEM('color',(#20730),#4210);
#20730 = PRESENTATION_STYLE_ASSIGNMENT((#20731,#20736));
#20731 = SURFACE_STYLE_USAGE(.BOTH.,#20732);
#20732 = SURFACE_SIDE_STYLE('',(#20733));
#20733 = SURFACE_STYLE_FILL_AREA(#20734);
#20734 = FILL_AREA_STYLE('',(#20735));
#20735 = FILL_AREA_STYLE_COLOUR('',#19990);
#20736 = CURVE_STYLE('',#20737,POSITIVE_LENGTH_MEASURE(0.1),#19990);
#20737 = DRAUGHTING_PRE_DEFINED_CURVE_FONT('continuous');
#20738 = STYLED_ITEM('color',(#20739),#4286);
#20739 = PRESENTATION_STYLE_ASSIGNMENT((#20740,#20745));
#20740 = SURFACE_STYLE_USAGE(.BOTH.,#20741);
#20741 = SURFACE_SIDE_STYLE('',(#20742));
#20742 = SURFACE_STYLE_FILL_AREA(#20743);
#20743 = FILL_AREA_STYLE('',(#20744));
#20744 = FILL_AREA_STYLE_COLOUR('',#19990);
#20745 = CURVE_STYLE('',#20746,POSITIVE_LENGTH_MEASURE(0.1),#19990);
#20746 = DRAUGHTING_PRE_DEFINED_CURVE_FONT('continuous');
#20747 = STYLED_ITEM('color',(#20748),#4362);
#20748 = PRESENTATION_STYLE_ASSIGNMENT((#20749,#20754));
#20749 = SURFACE_STYLE_USAGE(.BOTH.,#20750);
#20750 = SURFACE_SIDE_STYLE('',(#20751));
#20751 = SURFACE_STYLE_FILL_AREA(#20752);
#20752 = FILL_AREA_STYLE('',(#20753));
#20753 = FILL_AREA_STYLE_COLOUR('',#20185);
#20754 = CURVE_STYLE('',#20755,POSITIVE_LENGTH_MEASURE(0.1),#20185);
#20755 = DRAUGHTING_PRE_DEFINED_CURVE_FONT('continuous');
#20756 = STYLED_ITEM('color',(#20757),#4377);
#20757 = PRESENTATION_STYLE_ASSIGNMENT((#20758,#20763));
#20758 = SURFACE_STYLE_USAGE(.BOTH.,#20759);
#20759 = SURFACE_SIDE_STYLE('',(#20760));
#20760 = SURFACE_STYLE_FILL_AREA(#20761);
#20761 = FILL_AREA_STYLE('',(#20762));
#20762 = FILL_AREA_STYLE_COLOUR('',#19990);
#20763 = CURVE_STYLE('',#20764,POSITIVE_LENGTH_MEASURE(0.1),#19990);
#20764 = DRAUGHTING_PRE_DEFINED_CURVE_FONT('continuous');
#20765 = STYLED_ITEM('color',(#20766),#4461);
#20766 = PRESENTATION_STYLE_ASSIGNMENT((#20767,#20772));
#20767 = SURFACE_STYLE_USAGE(.BOTH.,#20768);
#20768 = SURFACE_SIDE_STYLE('',(#20769));
#20769 = SURFACE_STYLE_FILL_AREA(#20770);
#20770 = FILL_AREA_STYLE('',(#20771));
#20771 = FILL_AREA_STYLE_COLOUR('',#19990);
#20772 = CURVE_STYLE('',#20773,POSITIVE_LENGTH_MEASURE(0.1),#19990);
#20773 = DRAUGHTING_PRE_DEFINED_CURVE_FONT('continuous');
#20774 = STYLED_ITEM('color',(#20775),#4486);
#20775 = PRESENTATION_STYLE_ASSIGNMENT((#20776,#20781));
#20776 = SURFACE_STYLE_USAGE(.BOTH.,#20777);
#20777 = SURFACE_SIDE_STYLE('',(#20778));
#20778 = SURFACE_STYLE_FILL_AREA(#20779);
#20779 = FILL_AREA_STYLE('',(#20780));
#20780 = FILL_AREA_STYLE_COLOUR('',#19990);
#20781 = CURVE_STYLE('',#20782,POSITIVE_LENGTH_MEASURE(0.1),#19990);
#20782 = DRAUGHTING_PRE_DEFINED_CURVE_FONT('continuous');
#20783 = STYLED_ITEM('color',(#20784),#4562);
#20784 = PRESENTATION_STYLE_ASSIGNMENT((#20785,#20790));
#20785 = SURFACE_STYLE_USAGE(.BOTH.,#20786);
#20786 = SURFACE_SIDE_STYLE('',(#20787));
#20787 = SURFACE_STYLE_FILL_AREA(#20788);
#20788 = FILL_AREA_STYLE('',(#20789));
#20789 = FILL_AREA_STYLE_COLOUR('',#19990);
#20790 = CURVE_STYLE('',#20791,POSITIVE_LENGTH_MEASURE(0.1),#19990);
#20791 = DRAUGHTING_PRE_DEFINED_CURVE_FONT('continuous');
#20792 = STYLED_ITEM('color',(#20793),#4579);
#20793 = PRESENTATION_STYLE_ASSIGNMENT((#20794,#20799));
#20794 = SURFACE_STYLE_USAGE(.BOTH.,#20795);
#20795 = SURFACE_SIDE_STYLE('',(#20796));
#20796 = SURFACE_STYLE_FILL_AREA(#20797);
#20797 = FILL_AREA_STYLE('',(#20798));
#20798 = FILL_AREA_STYLE_COLOUR('',#19990);
#20799 = CURVE_STYLE('',#20800,POSITIVE_LENGTH_MEASURE(0.1),#19990);
#20800 = DRAUGHTING_PRE_DEFINED_CURVE_FONT('continuous');
#20801 = STYLED_ITEM('color',(#20802),#4596);
#20802 = PRESENTATION_STYLE_ASSIGNMENT((#20803,#20808));
#20803 = SURFACE_STYLE_USAGE(.BOTH.,#20804);
#20804 = SURFACE_SIDE_STYLE('',(#20805));
#20805 = SURFACE_STYLE_FILL_AREA(#20806);
#20806 = FILL_AREA_STYLE('',(#20807));
#20807 = FILL_AREA_STYLE_COLOUR('',#20185);
#20808 = CURVE_STYLE('',#20809,POSITIVE_LENGTH_MEASURE(0.1),#20185);
#20809 = DRAUGHTING_PRE_DEFINED_CURVE_FONT('continuous');
#20810 = STYLED_ITEM('color',(#20811),#4631);
#20811 = PRESENTATION_STYLE_ASSIGNMENT((#20812,#20817));
#20812 = SURFACE_STYLE_USAGE(.BOTH.,#20813);
#20813 = SURFACE_SIDE_STYLE('',(#20814));
#20814 = SURFACE_STYLE_FILL_AREA(#20815);
#20815 = FILL_AREA_STYLE('',(#20816));
#20816 = FILL_AREA_STYLE_COLOUR('',#19990);
#20817 = CURVE_STYLE('',#20818,POSITIVE_LENGTH_MEASURE(0.1),#19990);
#20818 = DRAUGHTING_PRE_DEFINED_CURVE_FONT('continuous');
#20819 = STYLED_ITEM('color',(#20820),#4648);
#20820 = PRESENTATION_STYLE_ASSIGNMENT((#20821,#20826));
#20821 = SURFACE_STYLE_USAGE(.BOTH.,#20822);
#20822 = SURFACE_SIDE_STYLE('',(#20823));
#20823 = SURFACE_STYLE_FILL_AREA(#20824);
#20824 = FILL_AREA_STYLE('',(#20825));
#20825 = FILL_AREA_STYLE_COLOUR('',#20546);
#20826 = CURVE_STYLE('',#20827,POSITIVE_LENGTH_MEASURE(0.1),#20546);
#20827 = DRAUGHTING_PRE_DEFINED_CURVE_FONT('continuous');
#20828 = STYLED_ITEM('color',(#20829),#4672);
#20829 = PRESENTATION_STYLE_ASSIGNMENT((#20830,#20835));
#20830 = SURFACE_STYLE_USAGE(.BOTH.,#20831);
#20831 = SURFACE_SIDE_STYLE('',(#20832));
#20832 = SURFACE_STYLE_FILL_AREA(#20833);
#20833 = FILL_AREA_STYLE('',(#20834));
#20834 = FILL_AREA_STYLE_COLOUR('',#20546);
#20835 = CURVE_STYLE('',#20836,POSITIVE_LENGTH_MEASURE(0.1),#20546);
#20836 = DRAUGHTING_PRE_DEFINED_CURVE_FONT('continuous');
#20837 = STYLED_ITEM('color',(#20838),#4689);
#20838 = PRESENTATION_STYLE_ASSIGNMENT((#20839,#20844));
#20839 = SURFACE_STYLE_USAGE(.BOTH.,#20840);
#20840 = SURFACE_SIDE_STYLE('',(#20841));
#20841 = SURFACE_STYLE_FILL_AREA(#20842);
#20842 = FILL_AREA_STYLE('',(#20843));
#20843 = FILL_AREA_STYLE_COLOUR('',#20546);
#20844 = CURVE_STYLE('',#20845,POSITIVE_LENGTH_MEASURE(0.1),#20546);
#20845 = DRAUGHTING_PRE_DEFINED_CURVE_FONT('continuous');
#20846 = STYLED_ITEM('color',(#20847),#4713);
#20847 = PRESENTATION_STYLE_ASSIGNMENT((#20848,#20853));
#20848 = SURFACE_STYLE_USAGE(.BOTH.,#20849);
#20849 = SURFACE_SIDE_STYLE('',(#20850));
#20850 = SURFACE_STYLE_FILL_AREA(#20851);
#20851 = FILL_AREA_STYLE('',(#20852));
#20852 = FILL_AREA_STYLE_COLOUR('',#20546);
#20853 = CURVE_STYLE('',#20854,POSITIVE_LENGTH_MEASURE(0.1),#20546);
#20854 = DRAUGHTING_PRE_DEFINED_CURVE_FONT('continuous');
#20855 = STYLED_ITEM('color',(#20856),#4730);
#20856 = PRESENTATION_STYLE_ASSIGNMENT((#20857,#20862));
#20857 = SURFACE_STYLE_USAGE(.BOTH.,#20858);
#20858 = SURFACE_SIDE_STYLE('',(#20859));
#20859 = SURFACE_STYLE_FILL_AREA(#20860);
#20860 = FILL_AREA_STYLE('',(#20861));
#20861 = FILL_AREA_STYLE_COLOUR('',#20546);
#20862 = CURVE_STYLE('',#20863,POSITIVE_LENGTH_MEASURE(0.1),#20546);
#20863 = DRAUGHTING_PRE_DEFINED_CURVE_FONT('continuous');
#20864 = STYLED_ITEM('color',(#20865),#4747);
#20865 = PRESENTATION_STYLE_ASSIGNMENT((#20866,#20871));
#20866 = SURFACE_STYLE_USAGE(.BOTH.,#20867);
#20867 = SURFACE_SIDE_STYLE('',(#20868));
#20868 = SURFACE_STYLE_FILL_AREA(#20869);
#20869 = FILL_AREA_STYLE('',(#20870));
#20870 = FILL_AREA_STYLE_COLOUR('',#20546);
#20871 = CURVE_STYLE('',#20872,POSITIVE_LENGTH_MEASURE(0.1),#20546);
#20872 = DRAUGHTING_PRE_DEFINED_CURVE_FONT('continuous');
#20873 = STYLED_ITEM('color',(#20874),#4759);
#20874 = PRESENTATION_STYLE_ASSIGNMENT((#20875,#20880));
#20875 = SURFACE_STYLE_USAGE(.BOTH.,#20876);
#20876 = SURFACE_SIDE_STYLE('',(#20877));
#20877 = SURFACE_STYLE_FILL_AREA(#20878);
#20878 = FILL_AREA_STYLE('',(#20879));
#20879 = FILL_AREA_STYLE_COLOUR('',#20546);
#20880 = CURVE_STYLE('',#20881,POSITIVE_LENGTH_MEASURE(0.1),#20546);
#20881 = DRAUGHTING_PRE_DEFINED_CURVE_FONT('continuous');
#20882 = STYLED_ITEM('color',(#20883),#4783);
#20883 = PRESENTATION_STYLE_ASSIGNMENT((#20884,#20889));
#20884 = SURFACE_STYLE_USAGE(.BOTH.,#20885);
#20885 = SURFACE_SIDE_STYLE('',(#20886));
#20886 = SURFACE_STYLE_FILL_AREA(#20887);
#20887 = FILL_AREA_STYLE('',(#20888));
#20888 = FILL_AREA_STYLE_COLOUR('',#20546);
#20889 = CURVE_STYLE('',#20890,POSITIVE_LENGTH_MEASURE(0.1),#20546);
#20890 = DRAUGHTING_PRE_DEFINED_CURVE_FONT('continuous');
#20891 = STYLED_ITEM('color',(#20892),#4807);
#20892 = PRESENTATION_STYLE_ASSIGNMENT((#20893,#20898));
#20893 = SURFACE_STYLE_USAGE(.BOTH.,#20894);
#20894 = SURFACE_SIDE_STYLE('',(#20895));
#20895 = SURFACE_STYLE_FILL_AREA(#20896);
#20896 = FILL_AREA_STYLE('',(#20897));
#20897 = FILL_AREA_STYLE_COLOUR('',#20546);
#20898 = CURVE_STYLE('',#20899,POSITIVE_LENGTH_MEASURE(0.1),#20546);
#20899 = DRAUGHTING_PRE_DEFINED_CURVE_FONT('continuous');
#20900 = STYLED_ITEM('color',(#20901),#4824);
#20901 = PRESENTATION_STYLE_ASSIGNMENT((#20902,#20907));
#20902 = SURFACE_STYLE_USAGE(.BOTH.,#20903);
#20903 = SURFACE_SIDE_STYLE('',(#20904));
#20904 = SURFACE_STYLE_FILL_AREA(#20905);
#20905 = FILL_AREA_STYLE('',(#20906));
#20906 = FILL_AREA_STYLE_COLOUR('',#20185);
#20907 = CURVE_STYLE('',#20908,POSITIVE_LENGTH_MEASURE(0.1),#20185);
#20908 = DRAUGHTING_PRE_DEFINED_CURVE_FONT('continuous');
#20909 = STYLED_ITEM('color',(#20910),#4849);
#20910 = PRESENTATION_STYLE_ASSIGNMENT((#20911,#20916));
#20911 = SURFACE_STYLE_USAGE(.BOTH.,#20912);
#20912 = SURFACE_SIDE_STYLE('',(#20913));
#20913 = SURFACE_STYLE_FILL_AREA(#20914);
#20914 = FILL_AREA_STYLE('',(#20915));
#20915 = FILL_AREA_STYLE_COLOUR('',#20185);
#20916 = CURVE_STYLE('',#20917,POSITIVE_LENGTH_MEASURE(0.1),#20185);
#20917 = DRAUGHTING_PRE_DEFINED_CURVE_FONT('continuous');
#20918 = STYLED_ITEM('color',(#20919),#4874);
#20919 = PRESENTATION_STYLE_ASSIGNMENT((#20920,#20925));
#20920 = SURFACE_STYLE_USAGE(.BOTH.,#20921);
#20921 = SURFACE_SIDE_STYLE('',(#20922));
#20922 = SURFACE_STYLE_FILL_AREA(#20923);
#20923 = FILL_AREA_STYLE('',(#20924));
#20924 = FILL_AREA_STYLE_COLOUR('',#20185);
#20925 = CURVE_STYLE('',#20926,POSITIVE_LENGTH_MEASURE(0.1),#20185);
#20926 = DRAUGHTING_PRE_DEFINED_CURVE_FONT('continuous');
#20927 = STYLED_ITEM('color',(#20928),#4899);
#20928 = PRESENTATION_STYLE_ASSIGNMENT((#20929,#20934));
#20929 = SURFACE_STYLE_USAGE(.BOTH.,#20930);
#20930 = SURFACE_SIDE_STYLE('',(#20931));
#20931 = SURFACE_STYLE_FILL_AREA(#20932);
#20932 = FILL_AREA_STYLE('',(#20933));
#20933 = FILL_AREA_STYLE_COLOUR('',#20546);
#20934 = CURVE_STYLE('',#20935,POSITIVE_LENGTH_MEASURE(0.1),#20546);
#20935 = DRAUGHTING_PRE_DEFINED_CURVE_FONT('continuous');
#20936 = STYLED_ITEM('color',(#20937),#4924);
#20937 = PRESENTATION_STYLE_ASSIGNMENT((#20938,#20943));
#20938 = SURFACE_STYLE_USAGE(.BOTH.,#20939);
#20939 = SURFACE_SIDE_STYLE('',(#20940));
#20940 = SURFACE_STYLE_FILL_AREA(#20941);
#20941 = FILL_AREA_STYLE('',(#20942));
#20942 = FILL_AREA_STYLE_COLOUR('',#20185);
#20943 = CURVE_STYLE('',#20944,POSITIVE_LENGTH_MEASURE(0.1),#20185);
#20944 = DRAUGHTING_PRE_DEFINED_CURVE_FONT('continuous');
#20945 = STYLED_ITEM('color',(#20946),#4949);
#20946 = PRESENTATION_STYLE_ASSIGNMENT((#20947,#20952));
#20947 = SURFACE_STYLE_USAGE(.BOTH.,#20948);
#20948 = SURFACE_SIDE_STYLE('',(#20949));
#20949 = SURFACE_STYLE_FILL_AREA(#20950);
#20950 = FILL_AREA_STYLE('',(#20951));
#20951 = FILL_AREA_STYLE_COLOUR('',#20185);
#20952 = CURVE_STYLE('',#20953,POSITIVE_LENGTH_MEASURE(0.1),#20185);
#20953 = DRAUGHTING_PRE_DEFINED_CURVE_FONT('continuous');
#20954 = STYLED_ITEM('color',(#20955),#4961);
#20955 = PRESENTATION_STYLE_ASSIGNMENT((#20956,#20961));
#20956 = SURFACE_STYLE_USAGE(.BOTH.,#20957);
#20957 = SURFACE_SIDE_STYLE('',(#20958));
#20958 = SURFACE_STYLE_FILL_AREA(#20959);
#20959 = FILL_AREA_STYLE('',(#20960));
#20960 = FILL_AREA_STYLE_COLOUR('',#20185);
#20961 = CURVE_STYLE('',#20962,POSITIVE_LENGTH_MEASURE(0.1),#20185);
#20962 = DRAUGHTING_PRE_DEFINED_CURVE_FONT('continuous');
#20963 = STYLED_ITEM('color',(#20964),#4973);
#20964 = PRESENTATION_STYLE_ASSIGNMENT((#20965,#20970));
#20965 = SURFACE_STYLE_USAGE(.BOTH.,#20966);
#20966 = SURFACE_SIDE_STYLE('',(#20967));
#20967 = SURFACE_STYLE_FILL_AREA(#20968);
#20968 = FILL_AREA_STYLE('',(#20969));
#20969 = FILL_AREA_STYLE_COLOUR('',#19990);
#20970 = CURVE_STYLE('',#20971,POSITIVE_LENGTH_MEASURE(0.1),#19990);
#20971 = DRAUGHTING_PRE_DEFINED_CURVE_FONT('continuous');
#20972 = STYLED_ITEM('color',(#20973),#5011);
#20973 = PRESENTATION_STYLE_ASSIGNMENT((#20974,#20979));
#20974 = SURFACE_STYLE_USAGE(.BOTH.,#20975);
#20975 = SURFACE_SIDE_STYLE('',(#20976));
#20976 = SURFACE_STYLE_FILL_AREA(#20977);
#20977 = FILL_AREA_STYLE('',(#20978));
#20978 = FILL_AREA_STYLE_COLOUR('',#19990);
#20979 = CURVE_STYLE('',#20980,POSITIVE_LENGTH_MEASURE(0.1),#19990);
#20980 = DRAUGHTING_PRE_DEFINED_CURVE_FONT('continuous');
#20981 = STYLED_ITEM('color',(#20982),#5028);
#20982 = PRESENTATION_STYLE_ASSIGNMENT((#20983,#20988));
#20983 = SURFACE_STYLE_USAGE(.BOTH.,#20984);
#20984 = SURFACE_SIDE_STYLE('',(#20985));
#20985 = SURFACE_STYLE_FILL_AREA(#20986);
#20986 = FILL_AREA_STYLE('',(#20987));
#20987 = FILL_AREA_STYLE_COLOUR('',#19990);
#20988 = CURVE_STYLE('',#20989,POSITIVE_LENGTH_MEASURE(0.1),#19990);
#20989 = DRAUGHTING_PRE_DEFINED_CURVE_FONT('continuous');
#20990 = STYLED_ITEM('color',(#20991),#5045);
#20991 = PRESENTATION_STYLE_ASSIGNMENT((#20992,#20997));
#20992 = SURFACE_STYLE_USAGE(.BOTH.,#20993);
#20993 = SURFACE_SIDE_STYLE('',(#20994));
#20994 = SURFACE_STYLE_FILL_AREA(#20995);
#20995 = FILL_AREA_STYLE('',(#20996));
#20996 = FILL_AREA_STYLE_COLOUR('',#19990);
#20997 = CURVE_STYLE('',#20998,POSITIVE_LENGTH_MEASURE(0.1),#19990);
#20998 = DRAUGHTING_PRE_DEFINED_CURVE_FONT('continuous');
#20999 = STYLED_ITEM('color',(#21000),#5057);
#21000 = PRESENTATION_STYLE_ASSIGNMENT((#21001,#21006));
#21001 = SURFACE_STYLE_USAGE(.BOTH.,#21002);
#21002 = SURFACE_SIDE_STYLE('',(#21003));
#21003 = SURFACE_STYLE_FILL_AREA(#21004);
#21004 = FILL_AREA_STYLE('',(#21005));
#21005 = FILL_AREA_STYLE_COLOUR('',#19990);
#21006 = CURVE_STYLE('',#21007,POSITIVE_LENGTH_MEASURE(0.1),#19990);
#21007 = DRAUGHTING_PRE_DEFINED_CURVE_FONT('continuous');
#21008 = STYLED_ITEM('color',(#21009),#5074);
#21009 = PRESENTATION_STYLE_ASSIGNMENT((#21010,#21015));
#21010 = SURFACE_STYLE_USAGE(.BOTH.,#21011);
#21011 = SURFACE_SIDE_STYLE('',(#21012));
#21012 = SURFACE_STYLE_FILL_AREA(#21013);
#21013 = FILL_AREA_STYLE('',(#21014));
#21014 = FILL_AREA_STYLE_COLOUR('',#19990);
#21015 = CURVE_STYLE('',#21016,POSITIVE_LENGTH_MEASURE(0.1),#19990);
#21016 = DRAUGHTING_PRE_DEFINED_CURVE_FONT('continuous');
#21017 = STYLED_ITEM('color',(#21018),#5107);
#21018 = PRESENTATION_STYLE_ASSIGNMENT((#21019,#21024));
#21019 = SURFACE_STYLE_USAGE(.BOTH.,#21020);
#21020 = SURFACE_SIDE_STYLE('',(#21021));
#21021 = SURFACE_STYLE_FILL_AREA(#21022);
#21022 = FILL_AREA_STYLE('',(#21023));
#21023 = FILL_AREA_STYLE_COLOUR('',#19990);
#21024 = CURVE_STYLE('',#21025,POSITIVE_LENGTH_MEASURE(0.1),#19990);
#21025 = DRAUGHTING_PRE_DEFINED_CURVE_FONT('continuous');
#21026 = STYLED_ITEM('color',(#21027),#5124);
#21027 = PRESENTATION_STYLE_ASSIGNMENT((#21028,#21033));
#21028 = SURFACE_STYLE_USAGE(.BOTH.,#21029);
#21029 = SURFACE_SIDE_STYLE('',(#21030));
#21030 = SURFACE_STYLE_FILL_AREA(#21031);
#21031 = FILL_AREA_STYLE('',(#21032));
#21032 = FILL_AREA_STYLE_COLOUR('',#19990);
#21033 = CURVE_STYLE('',#21034,POSITIVE_LENGTH_MEASURE(0.1),#19990);
#21034 = DRAUGHTING_PRE_DEFINED_CURVE_FONT('continuous');
#21035 = STYLED_ITEM('color',(#21036),#5141);
#21036 = PRESENTATION_STYLE_ASSIGNMENT((#21037,#21042));
#21037 = SURFACE_STYLE_USAGE(.BOTH.,#21038);
#21038 = SURFACE_SIDE_STYLE('',(#21039));
#21039 = SURFACE_STYLE_FILL_AREA(#21040);
#21040 = FILL_AREA_STYLE('',(#21041));
#21041 = FILL_AREA_STYLE_COLOUR('',#19990);
#21042 = CURVE_STYLE('',#21043,POSITIVE_LENGTH_MEASURE(0.1),#19990);
#21043 = DRAUGHTING_PRE_DEFINED_CURVE_FONT('continuous');
#21044 = STYLED_ITEM('color',(#21045),#5179);
#21045 = PRESENTATION_STYLE_ASSIGNMENT((#21046,#21051));
#21046 = SURFACE_STYLE_USAGE(.BOTH.,#21047);
#21047 = SURFACE_SIDE_STYLE('',(#21048));
#21048 = SURFACE_STYLE_FILL_AREA(#21049);
#21049 = FILL_AREA_STYLE('',(#21050));
#21050 = FILL_AREA_STYLE_COLOUR('',#19990);
#21051 = CURVE_STYLE('',#21052,POSITIVE_LENGTH_MEASURE(0.1),#19990);
#21052 = DRAUGHTING_PRE_DEFINED_CURVE_FONT('continuous');
#21053 = STYLED_ITEM('color',(#21054),#5196);
#21054 = PRESENTATION_STYLE_ASSIGNMENT((#21055,#21060));
#21055 = SURFACE_STYLE_USAGE(.BOTH.,#21056);
#21056 = SURFACE_SIDE_STYLE('',(#21057));
#21057 = SURFACE_STYLE_FILL_AREA(#21058);
#21058 = FILL_AREA_STYLE('',(#21059));
#21059 = FILL_AREA_STYLE_COLOUR('',#19990);
#21060 = CURVE_STYLE('',#21061,POSITIVE_LENGTH_MEASURE(0.1),#19990);
#21061 = DRAUGHTING_PRE_DEFINED_CURVE_FONT('continuous');
#21062 = STYLED_ITEM('color',(#21063),#5213);
#21063 = PRESENTATION_STYLE_ASSIGNMENT((#21064,#21069));
#21064 = SURFACE_STYLE_USAGE(.BOTH.,#21065);
#21065 = SURFACE_SIDE_STYLE('',(#21066));
#21066 = SURFACE_STYLE_FILL_AREA(#21067);
#21067 = FILL_AREA_STYLE('',(#21068));
#21068 = FILL_AREA_STYLE_COLOUR('',#19990);
#21069 = CURVE_STYLE('',#21070,POSITIVE_LENGTH_MEASURE(0.1),#19990);
#21070 = DRAUGHTING_PRE_DEFINED_CURVE_FONT('continuous');
#21071 = STYLED_ITEM('color',(#21072),#5225);
#21072 = PRESENTATION_STYLE_ASSIGNMENT((#21073,#21078));
#21073 = SURFACE_STYLE_USAGE(.BOTH.,#21074);
#21074 = SURFACE_SIDE_STYLE('',(#21075));
#21075 = SURFACE_STYLE_FILL_AREA(#21076);
#21076 = FILL_AREA_STYLE('',(#21077));
#21077 = FILL_AREA_STYLE_COLOUR('',#19990);
#21078 = CURVE_STYLE('',#21079,POSITIVE_LENGTH_MEASURE(0.1),#19990);
#21079 = DRAUGHTING_PRE_DEFINED_CURVE_FONT('continuous');
#21080 = STYLED_ITEM('color',(#21081),#5242);
#21081 = PRESENTATION_STYLE_ASSIGNMENT((#21082,#21087));
#21082 = SURFACE_STYLE_USAGE(.BOTH.,#21083);
#21083 = SURFACE_SIDE_STYLE('',(#21084));
#21084 = SURFACE_STYLE_FILL_AREA(#21085);
#21085 = FILL_AREA_STYLE('',(#21086));
#21086 = FILL_AREA_STYLE_COLOUR('',#19990);
#21087 = CURVE_STYLE('',#21088,POSITIVE_LENGTH_MEASURE(0.1),#19990);
#21088 = DRAUGHTING_PRE_DEFINED_CURVE_FONT('continuous');
#21089 = STYLED_ITEM('color',(#21090),#5275);
#21090 = PRESENTATION_STYLE_ASSIGNMENT((#21091,#21096));
#21091 = SURFACE_STYLE_USAGE(.BOTH.,#21092);
#21092 = SURFACE_SIDE_STYLE('',(#21093));
#21093 = SURFACE_STYLE_FILL_AREA(#21094);
#21094 = FILL_AREA_STYLE('',(#21095));
#21095 = FILL_AREA_STYLE_COLOUR('',#19990);
#21096 = CURVE_STYLE('',#21097,POSITIVE_LENGTH_MEASURE(0.1),#19990);
#21097 = DRAUGHTING_PRE_DEFINED_CURVE_FONT('continuous');
#21098 = STYLED_ITEM('color',(#21099),#5292);
#21099 = PRESENTATION_STYLE_ASSIGNMENT((#21100,#21105));
#21100 = SURFACE_STYLE_USAGE(.BOTH.,#21101);
#21101 = SURFACE_SIDE_STYLE('',(#21102));
#21102 = SURFACE_STYLE_FILL_AREA(#21103);
#21103 = FILL_AREA_STYLE('',(#21104));
#21104 = FILL_AREA_STYLE_COLOUR('',#19990);
#21105 = CURVE_STYLE('',#21106,POSITIVE_LENGTH_MEASURE(0.1),#19990);
#21106 = DRAUGHTING_PRE_DEFINED_CURVE_FONT('continuous');
#21107 = STYLED_ITEM('color',(#21108),#5309);
#21108 = PRESENTATION_STYLE_ASSIGNMENT((#21109,#21114));
#21109 = SURFACE_STYLE_USAGE(.BOTH.,#21110);
#21110 = SURFACE_SIDE_STYLE('',(#21111));
#21111 = SURFACE_STYLE_FILL_AREA(#21112);
#21112 = FILL_AREA_STYLE('',(#21113));
#21113 = FILL_AREA_STYLE_COLOUR('',#19990);
#21114 = CURVE_STYLE('',#21115,POSITIVE_LENGTH_MEASURE(0.1),#19990);
#21115 = DRAUGHTING_PRE_DEFINED_CURVE_FONT('continuous');
#21116 = STYLED_ITEM('color',(#21117),#5326);
#21117 = PRESENTATION_STYLE_ASSIGNMENT((#21118,#21123));
#21118 = SURFACE_STYLE_USAGE(.BOTH.,#21119);
#21119 = SURFACE_SIDE_STYLE('',(#21120));
#21120 = SURFACE_STYLE_FILL_AREA(#21121);
#21121 = FILL_AREA_STYLE('',(#21122));
#21122 = FILL_AREA_STYLE_COLOUR('',#19990);
#21123 = CURVE_STYLE('',#21124,POSITIVE_LENGTH_MEASURE(0.1),#19990);
#21124 = DRAUGHTING_PRE_DEFINED_CURVE_FONT('continuous');
#21125 = STYLED_ITEM('color',(#21126),#5364);
#21126 = PRESENTATION_STYLE_ASSIGNMENT((#21127,#21132));
#21127 = SURFACE_STYLE_USAGE(.BOTH.,#21128);
#21128 = SURFACE_SIDE_STYLE('',(#21129));
#21129 = SURFACE_STYLE_FILL_AREA(#21130);
#21130 = FILL_AREA_STYLE('',(#21131));
#21131 = FILL_AREA_STYLE_COLOUR('',#19990);
#21132 = CURVE_STYLE('',#21133,POSITIVE_LENGTH_MEASURE(0.1),#19990);
#21133 = DRAUGHTING_PRE_DEFINED_CURVE_FONT('continuous');
#21134 = STYLED_ITEM('color',(#21135),#5381);
#21135 = PRESENTATION_STYLE_ASSIGNMENT((#21136,#21141));
#21136 = SURFACE_STYLE_USAGE(.BOTH.,#21137);
#21137 = SURFACE_SIDE_STYLE('',(#21138));
#21138 = SURFACE_STYLE_FILL_AREA(#21139);
#21139 = FILL_AREA_STYLE('',(#21140));
#21140 = FILL_AREA_STYLE_COLOUR('',#19990);
#21141 = CURVE_STYLE('',#21142,POSITIVE_LENGTH_MEASURE(0.1),#19990);
#21142 = DRAUGHTING_PRE_DEFINED_CURVE_FONT('continuous');
#21143 = STYLED_ITEM('color',(#21144),#5398);
#21144 = PRESENTATION_STYLE_ASSIGNMENT((#21145,#21150));
#21145 = SURFACE_STYLE_USAGE(.BOTH.,#21146);
#21146 = SURFACE_SIDE_STYLE('',(#21147));
#21147 = SURFACE_STYLE_FILL_AREA(#21148);
#21148 = FILL_AREA_STYLE('',(#21149));
#21149 = FILL_AREA_STYLE_COLOUR('',#19990);
#21150 = CURVE_STYLE('',#21151,POSITIVE_LENGTH_MEASURE(0.1),#19990);
#21151 = DRAUGHTING_PRE_DEFINED_CURVE_FONT('continuous');
#21152 = STYLED_ITEM('color',(#21153),#5410);
#21153 = PRESENTATION_STYLE_ASSIGNMENT((#21154,#21159));
#21154 = SURFACE_STYLE_USAGE(.BOTH.,#21155);
#21155 = SURFACE_SIDE_STYLE('',(#21156));
#21156 = SURFACE_STYLE_FILL_AREA(#21157);
#21157 = FILL_AREA_STYLE('',(#21158));
#21158 = FILL_AREA_STYLE_COLOUR('',#19990);
#21159 = CURVE_STYLE('',#21160,POSITIVE_LENGTH_MEASURE(0.1),#19990);
#21160 = DRAUGHTING_PRE_DEFINED_CURVE_FONT('continuous');
#21161 = STYLED_ITEM('color',(#21162),#5443);
#21162 = PRESENTATION_STYLE_ASSIGNMENT((#21163,#21168));
#21163 = SURFACE_STYLE_USAGE(.BOTH.,#21164);
#21164 = SURFACE_SIDE_STYLE('',(#21165));
#21165 = SURFACE_STYLE_FILL_AREA(#21166);
#21166 = FILL_AREA_STYLE('',(#21167));
#21167 = FILL_AREA_STYLE_COLOUR('',#19990);
#21168 = CURVE_STYLE('',#21169,POSITIVE_LENGTH_MEASURE(0.1),#19990);
#21169 = DRAUGHTING_PRE_DEFINED_CURVE_FONT('continuous');
#21170 = STYLED_ITEM('color',(#21171),#5460);
#21171 = PRESENTATION_STYLE_ASSIGNMENT((#21172,#21177));
#21172 = SURFACE_STYLE_USAGE(.BOTH.,#21173);
#21173 = SURFACE_SIDE_STYLE('',(#21174));
#21174 = SURFACE_STYLE_FILL_AREA(#21175);
#21175 = FILL_AREA_STYLE('',(#21176));
#21176 = FILL_AREA_STYLE_COLOUR('',#19990);
#21177 = CURVE_STYLE('',#21178,POSITIVE_LENGTH_MEASURE(0.1),#19990);
#21178 = DRAUGHTING_PRE_DEFINED_CURVE_FONT('continuous');
#21179 = STYLED_ITEM('color',(#21180),#5477);
#21180 = PRESENTATION_STYLE_ASSIGNMENT((#21181,#21186));
#21181 = SURFACE_STYLE_USAGE(.BOTH.,#21182);
#21182 = SURFACE_SIDE_STYLE('',(#21183));
#21183 = SURFACE_STYLE_FILL_AREA(#21184);
#21184 = FILL_AREA_STYLE('',(#21185));
#21185 = FILL_AREA_STYLE_COLOUR('',#19990);
#21186 = CURVE_STYLE('',#21187,POSITIVE_LENGTH_MEASURE(0.1),#19990);
#21187 = DRAUGHTING_PRE_DEFINED_CURVE_FONT('continuous');
#21188 = STYLED_ITEM('color',(#21189),#5515);
#21189 = PRESENTATION_STYLE_ASSIGNMENT((#21190,#21195));
#21190 = SURFACE_STYLE_USAGE(.BOTH.,#21191);
#21191 = SURFACE_SIDE_STYLE('',(#21192));
#21192 = SURFACE_STYLE_FILL_AREA(#21193);
#21193 = FILL_AREA_STYLE('',(#21194));
#21194 = FILL_AREA_STYLE_COLOUR('',#19990);
#21195 = CURVE_STYLE('',#21196,POSITIVE_LENGTH_MEASURE(0.1),#19990);
#21196 = DRAUGHTING_PRE_DEFINED_CURVE_FONT('continuous');
#21197 = STYLED_ITEM('color',(#21198),#5532);
#21198 = PRESENTATION_STYLE_ASSIGNMENT((#21199,#21204));
#21199 = SURFACE_STYLE_USAGE(.BOTH.,#21200);
#21200 = SURFACE_SIDE_STYLE('',(#21201));
#21201 = SURFACE_STYLE_FILL_AREA(#21202);
#21202 = FILL_AREA_STYLE('',(#21203));
#21203 = FILL_AREA_STYLE_COLOUR('',#19990);
#21204 = CURVE_STYLE('',#21205,POSITIVE_LENGTH_MEASURE(0.1),#19990);
#21205 = DRAUGHTING_PRE_DEFINED_CURVE_FONT('continuous');
#21206 = STYLED_ITEM('color',(#21207),#5549);
#21207 = PRESENTATION_STYLE_ASSIGNMENT((#21208,#21213));
#21208 = SURFACE_STYLE_USAGE(.BOTH.,#21209);
#21209 = SURFACE_SIDE_STYLE('',(#21210));
#21210 = SURFACE_STYLE_FILL_AREA(#21211);
#21211 = FILL_AREA_STYLE('',(#21212));
#21212 = FILL_AREA_STYLE_COLOUR('',#19990);
#21213 = CURVE_STYLE('',#21214,POSITIVE_LENGTH_MEASURE(0.1),#19990);
#21214 = DRAUGHTING_PRE_DEFINED_CURVE_FONT('continuous');
#21215 = STYLED_ITEM('color',(#21216),#5561);
#21216 = PRESENTATION_STYLE_ASSIGNMENT((#21217,#21222));
#21217 = SURFACE_STYLE_USAGE(.BOTH.,#21218);
#21218 = SURFACE_SIDE_STYLE('',(#21219));
#21219 = SURFACE_STYLE_FILL_AREA(#21220);
#21220 = FILL_AREA_STYLE('',(#21221));
#21221 = FILL_AREA_STYLE_COLOUR('',#19990);
#21222 = CURVE_STYLE('',#21223,POSITIVE_LENGTH_MEASURE(0.1),#19990);
#21223 = DRAUGHTING_PRE_DEFINED_CURVE_FONT('continuous');
#21224 = STYLED_ITEM('color',(#21225),#5578);
#21225 = PRESENTATION_STYLE_ASSIGNMENT((#21226,#21231));
#21226 = SURFACE_STYLE_USAGE(.BOTH.,#21227);
#21227 = SURFACE_SIDE_STYLE('',(#21228));
#21228 = SURFACE_STYLE_FILL_AREA(#21229);
#21229 = FILL_AREA_STYLE('',(#21230));
#21230 = FILL_AREA_STYLE_COLOUR('',#19990);
#21231 = CURVE_STYLE('',#21232,POSITIVE_LENGTH_MEASURE(0.1),#19990);
#21232 = DRAUGHTING_PRE_DEFINED_CURVE_FONT('continuous');
#21233 = STYLED_ITEM('color',(#21234),#5611);
#21234 = PRESENTATION_STYLE_ASSIGNMENT((#21235,#21240));
#21235 = SURFACE_STYLE_USAGE(.BOTH.,#21236);
#21236 = SURFACE_SIDE_STYLE('',(#21237));
#21237 = SURFACE_STYLE_FILL_AREA(#21238);
#21238 = FILL_AREA_STYLE('',(#21239));
#21239 = FILL_AREA_STYLE_COLOUR('',#19990);
#21240 = CURVE_STYLE('',#21241,POSITIVE_LENGTH_MEASURE(0.1),#19990);
#21241 = DRAUGHTING_PRE_DEFINED_CURVE_FONT('continuous');
#21242 = STYLED_ITEM('color',(#21243),#5628);
#21243 = PRESENTATION_STYLE_ASSIGNMENT((#21244,#21249));
#21244 = SURFACE_STYLE_USAGE(.BOTH.,#21245);
#21245 = SURFACE_SIDE_STYLE('',(#21246));
#21246 = SURFACE_STYLE_FILL_AREA(#21247);
#21247 = FILL_AREA_STYLE('',(#21248));
#21248 = FILL_AREA_STYLE_COLOUR('',#19990);
#21249 = CURVE_STYLE('',#21250,POSITIVE_LENGTH_MEASURE(0.1),#19990);
#21250 = DRAUGHTING_PRE_DEFINED_CURVE_FONT('continuous');
#21251 = STYLED_ITEM('color',(#21252),#5645);
#21252 = PRESENTATION_STYLE_ASSIGNMENT((#21253,#21258));
#21253 = SURFACE_STYLE_USAGE(.BOTH.,#21254);
#21254 = SURFACE_SIDE_STYLE('',(#21255));
#21255 = SURFACE_STYLE_FILL_AREA(#21256);
#21256 = FILL_AREA_STYLE('',(#21257));
#21257 = FILL_AREA_STYLE_COLOUR('',#20185);
#21258 = CURVE_STYLE('',#21259,POSITIVE_LENGTH_MEASURE(0.1),#20185);
#21259 = DRAUGHTING_PRE_DEFINED_CURVE_FONT('continuous');
#21260 = STYLED_ITEM('color',(#21261),#5678);
#21261 = PRESENTATION_STYLE_ASSIGNMENT((#21262,#21267));
#21262 = SURFACE_STYLE_USAGE(.BOTH.,#21263);
#21263 = SURFACE_SIDE_STYLE('',(#21264));
#21264 = SURFACE_STYLE_FILL_AREA(#21265);
#21265 = FILL_AREA_STYLE('',(#21266));
#21266 = FILL_AREA_STYLE_COLOUR('',#20185);
#21267 = CURVE_STYLE('',#21268,POSITIVE_LENGTH_MEASURE(0.1),#20185);
#21268 = DRAUGHTING_PRE_DEFINED_CURVE_FONT('continuous');
#21269 = STYLED_ITEM('color',(#21270),#5711);
#21270 = PRESENTATION_STYLE_ASSIGNMENT((#21271,#21276));
#21271 = SURFACE_STYLE_USAGE(.BOTH.,#21272);
#21272 = SURFACE_SIDE_STYLE('',(#21273));
#21273 = SURFACE_STYLE_FILL_AREA(#21274);
#21274 = FILL_AREA_STYLE('',(#21275));
#21275 = FILL_AREA_STYLE_COLOUR('',#20185);
#21276 = CURVE_STYLE('',#21277,POSITIVE_LENGTH_MEASURE(0.1),#20185);
#21277 = DRAUGHTING_PRE_DEFINED_CURVE_FONT('continuous');
#21278 = STYLED_ITEM('color',(#21279),#5744);
#21279 = PRESENTATION_STYLE_ASSIGNMENT((#21280,#21285));
#21280 = SURFACE_STYLE_USAGE(.BOTH.,#21281);
#21281 = SURFACE_SIDE_STYLE('',(#21282));
#21282 = SURFACE_STYLE_FILL_AREA(#21283);
#21283 = FILL_AREA_STYLE('',(#21284));
#21284 = FILL_AREA_STYLE_COLOUR('',#20185);
#21285 = CURVE_STYLE('',#21286,POSITIVE_LENGTH_MEASURE(0.1),#20185);
#21286 = DRAUGHTING_PRE_DEFINED_CURVE_FONT('continuous');
#21287 = STYLED_ITEM('color',(#21288),#5764);
#21288 = PRESENTATION_STYLE_ASSIGNMENT((#21289,#21294));
#21289 = SURFACE_STYLE_USAGE(.BOTH.,#21290);
#21290 = SURFACE_SIDE_STYLE('',(#21291));
#21291 = SURFACE_STYLE_FILL_AREA(#21292);
#21292 = FILL_AREA_STYLE('',(#21293));
#21293 = FILL_AREA_STYLE_COLOUR('',#20185);
#21294 = CURVE_STYLE('',#21295,POSITIVE_LENGTH_MEASURE(0.1),#20185);
#21295 = DRAUGHTING_PRE_DEFINED_CURVE_FONT('continuous');
#21296 = STYLED_ITEM('color',(#21297),#5797);
#21297 = PRESENTATION_STYLE_ASSIGNMENT((#21298,#21303));
#21298 = SURFACE_STYLE_USAGE(.BOTH.,#21299);
#21299 = SURFACE_SIDE_STYLE('',(#21300));
#21300 = SURFACE_STYLE_FILL_AREA(#21301);
#21301 = FILL_AREA_STYLE('',(#21302));
#21302 = FILL_AREA_STYLE_COLOUR('',#19990);
#21303 = CURVE_STYLE('',#21304,POSITIVE_LENGTH_MEASURE(0.1),#19990);
#21304 = DRAUGHTING_PRE_DEFINED_CURVE_FONT('continuous');
#21305 = STYLED_ITEM('color',(#21306),#5809);
#21306 = PRESENTATION_STYLE_ASSIGNMENT((#21307,#21312));
#21307 = SURFACE_STYLE_USAGE(.BOTH.,#21308);
#21308 = SURFACE_SIDE_STYLE('',(#21309));
#21309 = SURFACE_STYLE_FILL_AREA(#21310);
#21310 = FILL_AREA_STYLE('',(#21311));
#21311 = FILL_AREA_STYLE_COLOUR('',#19990);
#21312 = CURVE_STYLE('',#21313,POSITIVE_LENGTH_MEASURE(0.1),#19990);
#21313 = DRAUGHTING_PRE_DEFINED_CURVE_FONT('continuous');
#21314 = STYLED_ITEM('color',(#21315),#5821);
#21315 = PRESENTATION_STYLE_ASSIGNMENT((#21316,#21321));
#21316 = SURFACE_STYLE_USAGE(.BOTH.,#21317);
#21317 = SURFACE_SIDE_STYLE('',(#21318));
#21318 = SURFACE_STYLE_FILL_AREA(#21319);
#21319 = FILL_AREA_STYLE('',(#21320));
#21320 = FILL_AREA_STYLE_COLOUR('',#19990);
#21321 = CURVE_STYLE('',#21322,POSITIVE_LENGTH_MEASURE(0.1),#19990);
#21322 = DRAUGHTING_PRE_DEFINED_CURVE_FONT('continuous');
#21323 = STYLED_ITEM('color',(#21324),#5833);
#21324 = PRESENTATION_STYLE_ASSIGNMENT((#21325,#21330));
#21325 = SURFACE_STYLE_USAGE(.BOTH.,#21326);
#21326 = SURFACE_SIDE_STYLE('',(#21327));
#21327 = SURFACE_STYLE_FILL_AREA(#21328);
#21328 = FILL_AREA_STYLE('',(#21329));
#21329 = FILL_AREA_STYLE_COLOUR('',#19990);
#21330 = CURVE_STYLE('',#21331,POSITIVE_LENGTH_MEASURE(0.1),#19990);
#21331 = DRAUGHTING_PRE_DEFINED_CURVE_FONT('continuous');
#21332 = STYLED_ITEM('color',(#21333),#5845);
#21333 = PRESENTATION_STYLE_ASSIGNMENT((#21334,#21339));
#21334 = SURFACE_STYLE_USAGE(.BOTH.,#21335);
#21335 = SURFACE_SIDE_STYLE('',(#21336));
#21336 = SURFACE_STYLE_FILL_AREA(#21337);
#21337 = FILL_AREA_STYLE('',(#21338));
#21338 = FILL_AREA_STYLE_COLOUR('',#20185);
#21339 = CURVE_STYLE('',#21340,POSITIVE_LENGTH_MEASURE(0.1),#20185);
#21340 = DRAUGHTING_PRE_DEFINED_CURVE_FONT('continuous');
#21341 = STYLED_ITEM('color',(#21342),#5854);
#21342 = PRESENTATION_STYLE_ASSIGNMENT((#21343,#21348));
#21343 = SURFACE_STYLE_USAGE(.BOTH.,#21344);
#21344 = SURFACE_SIDE_STYLE('',(#21345));
#21345 = SURFACE_STYLE_FILL_AREA(#21346);
#21346 = FILL_AREA_STYLE('',(#21347));
#21347 = FILL_AREA_STYLE_COLOUR('',#20185);
#21348 = CURVE_STYLE('',#21349,POSITIVE_LENGTH_MEASURE(0.1),#20185);
#21349 = DRAUGHTING_PRE_DEFINED_CURVE_FONT('continuous');
#21350 = STYLED_ITEM('color',(#21351),#5863);
#21351 = PRESENTATION_STYLE_ASSIGNMENT((#21352,#21357));
#21352 = SURFACE_STYLE_USAGE(.BOTH.,#21353);
#21353 = SURFACE_SIDE_STYLE('',(#21354));
#21354 = SURFACE_STYLE_FILL_AREA(#21355);
#21355 = FILL_AREA_STYLE('',(#21356));
#21356 = FILL_AREA_STYLE_COLOUR('',#20185);
#21357 = CURVE_STYLE('',#21358,POSITIVE_LENGTH_MEASURE(0.1),#20185);
#21358 = DRAUGHTING_PRE_DEFINED_CURVE_FONT('continuous');
#21359 = STYLED_ITEM('color',(#21360),#5872);
#21360 = PRESENTATION_STYLE_ASSIGNMENT((#21361,#21366));
#21361 = SURFACE_STYLE_USAGE(.BOTH.,#21362);
#21362 = SURFACE_SIDE_STYLE('',(#21363));
#21363 = SURFACE_STYLE_FILL_AREA(#21364);
#21364 = FILL_AREA_STYLE('',(#21365));
#21365 = FILL_AREA_STYLE_COLOUR('',#20185);
#21366 = CURVE_STYLE('',#21367,POSITIVE_LENGTH_MEASURE(0.1),#20185);
#21367 = DRAUGHTING_PRE_DEFINED_CURVE_FONT('continuous');
#21368 = STYLED_ITEM('color',(#21369),#5897);
#21369 = PRESENTATION_STYLE_ASSIGNMENT((#21370,#21375));
#21370 = SURFACE_STYLE_USAGE(.BOTH.,#21371);
#21371 = SURFACE_SIDE_STYLE('',(#21372));
#21372 = SURFACE_STYLE_FILL_AREA(#21373);
#21373 = FILL_AREA_STYLE('',(#21374));
#21374 = FILL_AREA_STYLE_COLOUR('',#20185);
#21375 = CURVE_STYLE('',#21376,POSITIVE_LENGTH_MEASURE(0.1),#20185);
#21376 = DRAUGHTING_PRE_DEFINED_CURVE_FONT('continuous');
#21377 = STYLED_ITEM('color',(#21378),#5906);
#21378 = PRESENTATION_STYLE_ASSIGNMENT((#21379,#21384));
#21379 = SURFACE_STYLE_USAGE(.BOTH.,#21380);
#21380 = SURFACE_SIDE_STYLE('',(#21381));
#21381 = SURFACE_STYLE_FILL_AREA(#21382);
#21382 = FILL_AREA_STYLE('',(#21383));
#21383 = FILL_AREA_STYLE_COLOUR('',#20185);
#21384 = CURVE_STYLE('',#21385,POSITIVE_LENGTH_MEASURE(0.1),#20185);
#21385 = DRAUGHTING_PRE_DEFINED_CURVE_FONT('continuous');
#21386 = STYLED_ITEM('color',(#21387),#5932);
#21387 = PRESENTATION_STYLE_ASSIGNMENT((#21388,#21393));
#21388 = SURFACE_STYLE_USAGE(.BOTH.,#21389);
#21389 = SURFACE_SIDE_STYLE('',(#21390));
#21390 = SURFACE_STYLE_FILL_AREA(#21391);
#21391 = FILL_AREA_STYLE('',(#21392));
#21392 = FILL_AREA_STYLE_COLOUR('',#20185);
#21393 = CURVE_STYLE('',#21394,POSITIVE_LENGTH_MEASURE(0.1),#20185);
#21394 = DRAUGHTING_PRE_DEFINED_CURVE_FONT('continuous');
#21395 = MECHANICAL_DESIGN_GEOMETRIC_PRESENTATION_REPRESENTATION('',(
    #21396),#9064);
#21396 = STYLED_ITEM('color',(#21397),#8582);
#21397 = PRESENTATION_STYLE_ASSIGNMENT((#21398,#21404));
#21398 = SURFACE_STYLE_USAGE(.BOTH.,#21399);
#21399 = SURFACE_SIDE_STYLE('',(#21400));
#21400 = SURFACE_STYLE_FILL_AREA(#21401);
#21401 = FILL_AREA_STYLE('',(#21402));
#21402 = FILL_AREA_STYLE_COLOUR('',#21403);
#21403 = COLOUR_RGB('',0.388235295535,0.227450982423,0.);
#21404 = CURVE_STYLE('',#21405,POSITIVE_LENGTH_MEASURE(0.1),#21406);
#21405 = DRAUGHTING_PRE_DEFINED_CURVE_FONT('continuous');
#21406 = COLOUR_RGB('',9.803921802644E-02,9.803921802644E-02,
  9.803921802644E-02);
#21407 = MECHANICAL_DESIGN_GEOMETRIC_PRESENTATION_REPRESENTATION('',(
    #21408,#21417,#21426,#21435,#21444,#21453,#21462,#21471,#21480,
    #21489,#21498,#21507,#21516,#21525,#21534,#21543,#21552,#21561,
    #21570,#21579,#21588,#21597,#21606,#21615,#21624,#21633,#21642,
    #21651,#21660,#21669,#21678,#21687,#21696,#21705,#21714,#21723,
    #21732,#21741,#21750,#21759,#21768,#21777,#21786,#21795,#21804,
    #21813,#21822,#21831,#21840,#21849,#21858,#21867,#21876,#21885,
    #21894,#21903,#21912,#21921,#21930,#21939,#21948,#21957,#21966,
    #21975,#21984,#21993,#22002,#22011,#22020),#7985);
#21408 = STYLED_ITEM('color',(#21409),#6005);
#21409 = PRESENTATION_STYLE_ASSIGNMENT((#21410,#21415));
#21410 = SURFACE_STYLE_USAGE(.BOTH.,#21411);
#21411 = SURFACE_SIDE_STYLE('',(#21412));
#21412 = SURFACE_STYLE_FILL_AREA(#21413);
#21413 = FILL_AREA_STYLE('',(#21414));
#21414 = FILL_AREA_STYLE_COLOUR('',#20185);
#21415 = CURVE_STYLE('',#21416,POSITIVE_LENGTH_MEASURE(0.1),#20185);
#21416 = DRAUGHTING_PRE_DEFINED_CURVE_FONT('continuous');
#21417 = STYLED_ITEM('color',(#21418),#6043);
#21418 = PRESENTATION_STYLE_ASSIGNMENT((#21419,#21424));
#21419 = SURFACE_STYLE_USAGE(.BOTH.,#21420);
#21420 = SURFACE_SIDE_STYLE('',(#21421));
#21421 = SURFACE_STYLE_FILL_AREA(#21422);
#21422 = FILL_AREA_STYLE('',(#21423));
#21423 = FILL_AREA_STYLE_COLOUR('',#20185);
#21424 = CURVE_STYLE('',#21425,POSITIVE_LENGTH_MEASURE(0.1),#20185);
#21425 = DRAUGHTING_PRE_DEFINED_CURVE_FONT('continuous');
#21426 = STYLED_ITEM('color',(#21427),#6106);
#21427 = PRESENTATION_STYLE_ASSIGNMENT((#21428,#21433));
#21428 = SURFACE_STYLE_USAGE(.BOTH.,#21429);
#21429 = SURFACE_SIDE_STYLE('',(#21430));
#21430 = SURFACE_STYLE_FILL_AREA(#21431);
#21431 = FILL_AREA_STYLE('',(#21432));
#21432 = FILL_AREA_STYLE_COLOUR('',#20185);
#21433 = CURVE_STYLE('',#21434,POSITIVE_LENGTH_MEASURE(0.1),#20185);
#21434 = DRAUGHTING_PRE_DEFINED_CURVE_FONT('continuous');
#21435 = STYLED_ITEM('color',(#21436),#6129);
#21436 = PRESENTATION_STYLE_ASSIGNMENT((#21437,#21442));
#21437 = SURFACE_STYLE_USAGE(.BOTH.,#21438);
#21438 = SURFACE_SIDE_STYLE('',(#21439));
#21439 = SURFACE_STYLE_FILL_AREA(#21440);
#21440 = FILL_AREA_STYLE('',(#21441));
#21441 = FILL_AREA_STYLE_COLOUR('',#20185);
#21442 = CURVE_STYLE('',#21443,POSITIVE_LENGTH_MEASURE(0.1),#20185);
#21443 = DRAUGHTING_PRE_DEFINED_CURVE_FONT('continuous');
#21444 = STYLED_ITEM('color',(#21445),#6158);
#21445 = PRESENTATION_STYLE_ASSIGNMENT((#21446,#21451));
#21446 = SURFACE_STYLE_USAGE(.BOTH.,#21447);
#21447 = SURFACE_SIDE_STYLE('',(#21448));
#21448 = SURFACE_STYLE_FILL_AREA(#21449);
#21449 = FILL_AREA_STYLE('',(#21450));
#21450 = FILL_AREA_STYLE_COLOUR('',#20185);
#21451 = CURVE_STYLE('',#21452,POSITIVE_LENGTH_MEASURE(0.1),#20185);
#21452 = DRAUGHTING_PRE_DEFINED_CURVE_FONT('continuous');
#21453 = STYLED_ITEM('color',(#21454),#6181);
#21454 = PRESENTATION_STYLE_ASSIGNMENT((#21455,#21460));
#21455 = SURFACE_STYLE_USAGE(.BOTH.,#21456);
#21456 = SURFACE_SIDE_STYLE('',(#21457));
#21457 = SURFACE_STYLE_FILL_AREA(#21458);
#21458 = FILL_AREA_STYLE('',(#21459));
#21459 = FILL_AREA_STYLE_COLOUR('',#20185);
#21460 = CURVE_STYLE('',#21461,POSITIVE_LENGTH_MEASURE(0.1),#20185);
#21461 = DRAUGHTING_PRE_DEFINED_CURVE_FONT('continuous');
#21462 = STYLED_ITEM('color',(#21463),#6236);
#21463 = PRESENTATION_STYLE_ASSIGNMENT((#21464,#21469));
#21464 = SURFACE_STYLE_USAGE(.BOTH.,#21465);
#21465 = SURFACE_SIDE_STYLE('',(#21466));
#21466 = SURFACE_STYLE_FILL_AREA(#21467);
#21467 = FILL_AREA_STYLE('',(#21468));
#21468 = FILL_AREA_STYLE_COLOUR('',#20185);
#21469 = CURVE_STYLE('',#21470,POSITIVE_LENGTH_MEASURE(0.1),#20185);
#21470 = DRAUGHTING_PRE_DEFINED_CURVE_FONT('continuous');
#21471 = STYLED_ITEM('color',(#21472),#6275);
#21472 = PRESENTATION_STYLE_ASSIGNMENT((#21473,#21478));
#21473 = SURFACE_STYLE_USAGE(.BOTH.,#21474);
#21474 = SURFACE_SIDE_STYLE('',(#21475));
#21475 = SURFACE_STYLE_FILL_AREA(#21476);
#21476 = FILL_AREA_STYLE('',(#21477));
#21477 = FILL_AREA_STYLE_COLOUR('',#20185);
#21478 = CURVE_STYLE('',#21479,POSITIVE_LENGTH_MEASURE(0.1),#20185);
#21479 = DRAUGHTING_PRE_DEFINED_CURVE_FONT('continuous');
#21480 = STYLED_ITEM('color',(#21481),#6298);
#21481 = PRESENTATION_STYLE_ASSIGNMENT((#21482,#21487));
#21482 = SURFACE_STYLE_USAGE(.BOTH.,#21483);
#21483 = SURFACE_SIDE_STYLE('',(#21484));
#21484 = SURFACE_STYLE_FILL_AREA(#21485);
#21485 = FILL_AREA_STYLE('',(#21486));
#21486 = FILL_AREA_STYLE_COLOUR('',#20185);
#21487 = CURVE_STYLE('',#21488,POSITIVE_LENGTH_MEASURE(0.1),#20185);
#21488 = DRAUGHTING_PRE_DEFINED_CURVE_FONT('continuous');
#21489 = STYLED_ITEM('color',(#21490),#6321);
#21490 = PRESENTATION_STYLE_ASSIGNMENT((#21491,#21496));
#21491 = SURFACE_STYLE_USAGE(.BOTH.,#21492);
#21492 = SURFACE_SIDE_STYLE('',(#21493));
#21493 = SURFACE_STYLE_FILL_AREA(#21494);
#21494 = FILL_AREA_STYLE('',(#21495));
#21495 = FILL_AREA_STYLE_COLOUR('',#20185);
#21496 = CURVE_STYLE('',#21497,POSITIVE_LENGTH_MEASURE(0.1),#20185);
#21497 = DRAUGHTING_PRE_DEFINED_CURVE_FONT('continuous');
#21498 = STYLED_ITEM('color',(#21499),#6338);
#21499 = PRESENTATION_STYLE_ASSIGNMENT((#21500,#21505));
#21500 = SURFACE_STYLE_USAGE(.BOTH.,#21501);
#21501 = SURFACE_SIDE_STYLE('',(#21502));
#21502 = SURFACE_STYLE_FILL_AREA(#21503);
#21503 = FILL_AREA_STYLE('',(#21504));
#21504 = FILL_AREA_STYLE_COLOUR('',#20185);
#21505 = CURVE_STYLE('',#21506,POSITIVE_LENGTH_MEASURE(0.1),#20185);
#21506 = DRAUGHTING_PRE_DEFINED_CURVE_FONT('continuous');
#21507 = STYLED_ITEM('color',(#21508),#6361);
#21508 = PRESENTATION_STYLE_ASSIGNMENT((#21509,#21514));
#21509 = SURFACE_STYLE_USAGE(.BOTH.,#21510);
#21510 = SURFACE_SIDE_STYLE('',(#21511));
#21511 = SURFACE_STYLE_FILL_AREA(#21512);
#21512 = FILL_AREA_STYLE('',(#21513));
#21513 = FILL_AREA_STYLE_COLOUR('',#20185);
#21514 = CURVE_STYLE('',#21515,POSITIVE_LENGTH_MEASURE(0.1),#20185);
#21515 = DRAUGHTING_PRE_DEFINED_CURVE_FONT('continuous');
#21516 = STYLED_ITEM('color',(#21517),#6449);
#21517 = PRESENTATION_STYLE_ASSIGNMENT((#21518,#21523));
#21518 = SURFACE_STYLE_USAGE(.BOTH.,#21519);
#21519 = SURFACE_SIDE_STYLE('',(#21520));
#21520 = SURFACE_STYLE_FILL_AREA(#21521);
#21521 = FILL_AREA_STYLE('',(#21522));
#21522 = FILL_AREA_STYLE_COLOUR('',#20185);
#21523 = CURVE_STYLE('',#21524,POSITIVE_LENGTH_MEASURE(0.1),#20185);
#21524 = DRAUGHTING_PRE_DEFINED_CURVE_FONT('continuous');
#21525 = STYLED_ITEM('color',(#21526),#6465);
#21526 = PRESENTATION_STYLE_ASSIGNMENT((#21527,#21532));
#21527 = SURFACE_STYLE_USAGE(.BOTH.,#21528);
#21528 = SURFACE_SIDE_STYLE('',(#21529));
#21529 = SURFACE_STYLE_FILL_AREA(#21530);
#21530 = FILL_AREA_STYLE('',(#21531));
#21531 = FILL_AREA_STYLE_COLOUR('',#20185);
#21532 = CURVE_STYLE('',#21533,POSITIVE_LENGTH_MEASURE(0.1),#20185);
#21533 = DRAUGHTING_PRE_DEFINED_CURVE_FONT('continuous');
#21534 = STYLED_ITEM('color',(#21535),#6495);
#21535 = PRESENTATION_STYLE_ASSIGNMENT((#21536,#21541));
#21536 = SURFACE_STYLE_USAGE(.BOTH.,#21537);
#21537 = SURFACE_SIDE_STYLE('',(#21538));
#21538 = SURFACE_STYLE_FILL_AREA(#21539);
#21539 = FILL_AREA_STYLE('',(#21540));
#21540 = FILL_AREA_STYLE_COLOUR('',#19990);
#21541 = CURVE_STYLE('',#21542,POSITIVE_LENGTH_MEASURE(0.1),#19990);
#21542 = DRAUGHTING_PRE_DEFINED_CURVE_FONT('continuous');
#21543 = STYLED_ITEM('color',(#21544),#6528);
#21544 = PRESENTATION_STYLE_ASSIGNMENT((#21545,#21550));
#21545 = SURFACE_STYLE_USAGE(.BOTH.,#21546);
#21546 = SURFACE_SIDE_STYLE('',(#21547));
#21547 = SURFACE_STYLE_FILL_AREA(#21548);
#21548 = FILL_AREA_STYLE('',(#21549));
#21549 = FILL_AREA_STYLE_COLOUR('',#20185);
#21550 = CURVE_STYLE('',#21551,POSITIVE_LENGTH_MEASURE(0.1),#20185);
#21551 = DRAUGHTING_PRE_DEFINED_CURVE_FONT('continuous');
#21552 = STYLED_ITEM('color',(#21553),#6559);
#21553 = PRESENTATION_STYLE_ASSIGNMENT((#21554,#21559));
#21554 = SURFACE_STYLE_USAGE(.BOTH.,#21555);
#21555 = SURFACE_SIDE_STYLE('',(#21556));
#21556 = SURFACE_STYLE_FILL_AREA(#21557);
#21557 = FILL_AREA_STYLE('',(#21558));
#21558 = FILL_AREA_STYLE_COLOUR('',#19990);
#21559 = CURVE_STYLE('',#21560,POSITIVE_LENGTH_MEASURE(0.1),#19990);
#21560 = DRAUGHTING_PRE_DEFINED_CURVE_FONT('continuous');
#21561 = STYLED_ITEM('color',(#21562),#6592);
#21562 = PRESENTATION_STYLE_ASSIGNMENT((#21563,#21568));
#21563 = SURFACE_STYLE_USAGE(.BOTH.,#21564);
#21564 = SURFACE_SIDE_STYLE('',(#21565));
#21565 = SURFACE_STYLE_FILL_AREA(#21566);
#21566 = FILL_AREA_STYLE('',(#21567));
#21567 = FILL_AREA_STYLE_COLOUR('',#20185);
#21568 = CURVE_STYLE('',#21569,POSITIVE_LENGTH_MEASURE(0.1),#20185);
#21569 = DRAUGHTING_PRE_DEFINED_CURVE_FONT('continuous');
#21570 = STYLED_ITEM('color',(#21571),#6609);
#21571 = PRESENTATION_STYLE_ASSIGNMENT((#21572,#21577));
#21572 = SURFACE_STYLE_USAGE(.BOTH.,#21573);
#21573 = SURFACE_SIDE_STYLE('',(#21574));
#21574 = SURFACE_STYLE_FILL_AREA(#21575);
#21575 = FILL_AREA_STYLE('',(#21576));
#21576 = FILL_AREA_STYLE_COLOUR('',#20185);
#21577 = CURVE_STYLE('',#21578,POSITIVE_LENGTH_MEASURE(0.1),#20185);
#21578 = DRAUGHTING_PRE_DEFINED_CURVE_FONT('continuous');
#21579 = STYLED_ITEM('color',(#21580),#6626);
#21580 = PRESENTATION_STYLE_ASSIGNMENT((#21581,#21586));
#21581 = SURFACE_STYLE_USAGE(.BOTH.,#21582);
#21582 = SURFACE_SIDE_STYLE('',(#21583));
#21583 = SURFACE_STYLE_FILL_AREA(#21584);
#21584 = FILL_AREA_STYLE('',(#21585));
#21585 = FILL_AREA_STYLE_COLOUR('',#19990);
#21586 = CURVE_STYLE('',#21587,POSITIVE_LENGTH_MEASURE(0.1),#19990);
#21587 = DRAUGHTING_PRE_DEFINED_CURVE_FONT('continuous');
#21588 = STYLED_ITEM('color',(#21589),#6659);
#21589 = PRESENTATION_STYLE_ASSIGNMENT((#21590,#21595));
#21590 = SURFACE_STYLE_USAGE(.BOTH.,#21591);
#21591 = SURFACE_SIDE_STYLE('',(#21592));
#21592 = SURFACE_STYLE_FILL_AREA(#21593);
#21593 = FILL_AREA_STYLE('',(#21594));
#21594 = FILL_AREA_STYLE_COLOUR('',#20185);
#21595 = CURVE_STYLE('',#21596,POSITIVE_LENGTH_MEASURE(0.1),#20185);
#21596 = DRAUGHTING_PRE_DEFINED_CURVE_FONT('continuous');
#21597 = STYLED_ITEM('color',(#21598),#6689);
#21598 = PRESENTATION_STYLE_ASSIGNMENT((#21599,#21604));
#21599 = SURFACE_STYLE_USAGE(.BOTH.,#21600);
#21600 = SURFACE_SIDE_STYLE('',(#21601));
#21601 = SURFACE_STYLE_FILL_AREA(#21602);
#21602 = FILL_AREA_STYLE('',(#21603));
#21603 = FILL_AREA_STYLE_COLOUR('',#20185);
#21604 = CURVE_STYLE('',#21605,POSITIVE_LENGTH_MEASURE(0.1),#20185);
#21605 = DRAUGHTING_PRE_DEFINED_CURVE_FONT('continuous');
#21606 = STYLED_ITEM('color',(#21607),#6712);
#21607 = PRESENTATION_STYLE_ASSIGNMENT((#21608,#21613));
#21608 = SURFACE_STYLE_USAGE(.BOTH.,#21609);
#21609 = SURFACE_SIDE_STYLE('',(#21610));
#21610 = SURFACE_STYLE_FILL_AREA(#21611);
#21611 = FILL_AREA_STYLE('',(#21612));
#21612 = FILL_AREA_STYLE_COLOUR('',#20185);
#21613 = CURVE_STYLE('',#21614,POSITIVE_LENGTH_MEASURE(0.1),#20185);
#21614 = DRAUGHTING_PRE_DEFINED_CURVE_FONT('continuous');
#21615 = STYLED_ITEM('color',(#21616),#6735);
#21616 = PRESENTATION_STYLE_ASSIGNMENT((#21617,#21622));
#21617 = SURFACE_STYLE_USAGE(.BOTH.,#21618);
#21618 = SURFACE_SIDE_STYLE('',(#21619));
#21619 = SURFACE_STYLE_FILL_AREA(#21620);
#21620 = FILL_AREA_STYLE('',(#21621));
#21621 = FILL_AREA_STYLE_COLOUR('',#20185);
#21622 = CURVE_STYLE('',#21623,POSITIVE_LENGTH_MEASURE(0.1),#20185);
#21623 = DRAUGHTING_PRE_DEFINED_CURVE_FONT('continuous');
#21624 = STYLED_ITEM('color',(#21625),#6752);
#21625 = PRESENTATION_STYLE_ASSIGNMENT((#21626,#21631));
#21626 = SURFACE_STYLE_USAGE(.BOTH.,#21627);
#21627 = SURFACE_SIDE_STYLE('',(#21628));
#21628 = SURFACE_STYLE_FILL_AREA(#21629);
#21629 = FILL_AREA_STYLE('',(#21630));
#21630 = FILL_AREA_STYLE_COLOUR('',#19990);
#21631 = CURVE_STYLE('',#21632,POSITIVE_LENGTH_MEASURE(0.1),#19990);
#21632 = DRAUGHTING_PRE_DEFINED_CURVE_FONT('continuous');
#21633 = STYLED_ITEM('color',(#21634),#6781);
#21634 = PRESENTATION_STYLE_ASSIGNMENT((#21635,#21640));
#21635 = SURFACE_STYLE_USAGE(.BOTH.,#21636);
#21636 = SURFACE_SIDE_STYLE('',(#21637));
#21637 = SURFACE_STYLE_FILL_AREA(#21638);
#21638 = FILL_AREA_STYLE('',(#21639));
#21639 = FILL_AREA_STYLE_COLOUR('',#20185);
#21640 = CURVE_STYLE('',#21641,POSITIVE_LENGTH_MEASURE(0.1),#20185);
#21641 = DRAUGHTING_PRE_DEFINED_CURVE_FONT('continuous');
#21642 = STYLED_ITEM('color',(#21643),#6835);
#21643 = PRESENTATION_STYLE_ASSIGNMENT((#21644,#21649));
#21644 = SURFACE_STYLE_USAGE(.BOTH.,#21645);
#21645 = SURFACE_SIDE_STYLE('',(#21646));
#21646 = SURFACE_STYLE_FILL_AREA(#21647);
#21647 = FILL_AREA_STYLE('',(#21648));
#21648 = FILL_AREA_STYLE_COLOUR('',#20185);
#21649 = CURVE_STYLE('',#21650,POSITIVE_LENGTH_MEASURE(0.1),#20185);
#21650 = DRAUGHTING_PRE_DEFINED_CURVE_FONT('continuous');
#21651 = STYLED_ITEM('color',(#21652),#6858);
#21652 = PRESENTATION_STYLE_ASSIGNMENT((#21653,#21658));
#21653 = SURFACE_STYLE_USAGE(.BOTH.,#21654);
#21654 = SURFACE_SIDE_STYLE('',(#21655));
#21655 = SURFACE_STYLE_FILL_AREA(#21656);
#21656 = FILL_AREA_STYLE('',(#21657));
#21657 = FILL_AREA_STYLE_COLOUR('',#20185);
#21658 = CURVE_STYLE('',#21659,POSITIVE_LENGTH_MEASURE(0.1),#20185);
#21659 = DRAUGHTING_PRE_DEFINED_CURVE_FONT('continuous');
#21660 = STYLED_ITEM('color',(#21661),#6881);
#21661 = PRESENTATION_STYLE_ASSIGNMENT((#21662,#21667));
#21662 = SURFACE_STYLE_USAGE(.BOTH.,#21663);
#21663 = SURFACE_SIDE_STYLE('',(#21664));
#21664 = SURFACE_STYLE_FILL_AREA(#21665);
#21665 = FILL_AREA_STYLE('',(#21666));
#21666 = FILL_AREA_STYLE_COLOUR('',#20185);
#21667 = CURVE_STYLE('',#21668,POSITIVE_LENGTH_MEASURE(0.1),#20185);
#21668 = DRAUGHTING_PRE_DEFINED_CURVE_FONT('continuous');
#21669 = STYLED_ITEM('color',(#21670),#6904);
#21670 = PRESENTATION_STYLE_ASSIGNMENT((#21671,#21676));
#21671 = SURFACE_STYLE_USAGE(.BOTH.,#21672);
#21672 = SURFACE_SIDE_STYLE('',(#21673));
#21673 = SURFACE_STYLE_FILL_AREA(#21674);
#21674 = FILL_AREA_STYLE('',(#21675));
#21675 = FILL_AREA_STYLE_COLOUR('',#20185);
#21676 = CURVE_STYLE('',#21677,POSITIVE_LENGTH_MEASURE(0.1),#20185);
#21677 = DRAUGHTING_PRE_DEFINED_CURVE_FONT('continuous');
#21678 = STYLED_ITEM('color',(#21679),#6943);
#21679 = PRESENTATION_STYLE_ASSIGNMENT((#21680,#21685));
#21680 = SURFACE_STYLE_USAGE(.BOTH.,#21681);
#21681 = SURFACE_SIDE_STYLE('',(#21682));
#21682 = SURFACE_STYLE_FILL_AREA(#21683);
#21683 = FILL_AREA_STYLE('',(#21684));
#21684 = FILL_AREA_STYLE_COLOUR('',#19990);
#21685 = CURVE_STYLE('',#21686,POSITIVE_LENGTH_MEASURE(0.1),#19990);
#21686 = DRAUGHTING_PRE_DEFINED_CURVE_FONT('continuous');
#21687 = STYLED_ITEM('color',(#21688),#6965);
#21688 = PRESENTATION_STYLE_ASSIGNMENT((#21689,#21694));
#21689 = SURFACE_STYLE_USAGE(.BOTH.,#21690);
#21690 = SURFACE_SIDE_STYLE('',(#21691));
#21691 = SURFACE_STYLE_FILL_AREA(#21692);
#21692 = FILL_AREA_STYLE('',(#21693));
#21693 = FILL_AREA_STYLE_COLOUR('',#20185);
#21694 = CURVE_STYLE('',#21695,POSITIVE_LENGTH_MEASURE(0.1),#20185);
#21695 = DRAUGHTING_PRE_DEFINED_CURVE_FONT('continuous');
#21696 = STYLED_ITEM('color',(#21697),#7009);
#21697 = PRESENTATION_STYLE_ASSIGNMENT((#21698,#21703));
#21698 = SURFACE_STYLE_USAGE(.BOTH.,#21699);
#21699 = SURFACE_SIDE_STYLE('',(#21700));
#21700 = SURFACE_STYLE_FILL_AREA(#21701);
#21701 = FILL_AREA_STYLE('',(#21702));
#21702 = FILL_AREA_STYLE_COLOUR('',#19990);
#21703 = CURVE_STYLE('',#21704,POSITIVE_LENGTH_MEASURE(0.1),#19990);
#21704 = DRAUGHTING_PRE_DEFINED_CURVE_FONT('continuous');
#21705 = STYLED_ITEM('color',(#21706),#7084);
#21706 = PRESENTATION_STYLE_ASSIGNMENT((#21707,#21712));
#21707 = SURFACE_STYLE_USAGE(.BOTH.,#21708);
#21708 = SURFACE_SIDE_STYLE('',(#21709));
#21709 = SURFACE_STYLE_FILL_AREA(#21710);
#21710 = FILL_AREA_STYLE('',(#21711));
#21711 = FILL_AREA_STYLE_COLOUR('',#19990);
#21712 = CURVE_STYLE('',#21713,POSITIVE_LENGTH_MEASURE(0.1),#19990);
#21713 = DRAUGHTING_PRE_DEFINED_CURVE_FONT('continuous');
#21714 = STYLED_ITEM('color',(#21715),#7108);
#21715 = PRESENTATION_STYLE_ASSIGNMENT((#21716,#21721));
#21716 = SURFACE_STYLE_USAGE(.BOTH.,#21717);
#21717 = SURFACE_SIDE_STYLE('',(#21718));
#21718 = SURFACE_STYLE_FILL_AREA(#21719);
#21719 = FILL_AREA_STYLE('',(#21720));
#21720 = FILL_AREA_STYLE_COLOUR('',#19990);
#21721 = CURVE_STYLE('',#21722,POSITIVE_LENGTH_MEASURE(0.1),#19990);
#21722 = DRAUGHTING_PRE_DEFINED_CURVE_FONT('continuous');
#21723 = STYLED_ITEM('color',(#21724),#7176);
#21724 = PRESENTATION_STYLE_ASSIGNMENT((#21725,#21730));
#21725 = SURFACE_STYLE_USAGE(.BOTH.,#21726);
#21726 = SURFACE_SIDE_STYLE('',(#21727));
#21727 = SURFACE_STYLE_FILL_AREA(#21728);
#21728 = FILL_AREA_STYLE('',(#21729));
#21729 = FILL_AREA_STYLE_COLOUR('',#20185);
#21730 = CURVE_STYLE('',#21731,POSITIVE_LENGTH_MEASURE(0.1),#20185);
#21731 = DRAUGHTING_PRE_DEFINED_CURVE_FONT('continuous');
#21732 = STYLED_ITEM('color',(#21733),#7193);
#21733 = PRESENTATION_STYLE_ASSIGNMENT((#21734,#21739));
#21734 = SURFACE_STYLE_USAGE(.BOTH.,#21735);
#21735 = SURFACE_SIDE_STYLE('',(#21736));
#21736 = SURFACE_STYLE_FILL_AREA(#21737);
#21737 = FILL_AREA_STYLE('',(#21738));
#21738 = FILL_AREA_STYLE_COLOUR('',#19990);
#21739 = CURVE_STYLE('',#21740,POSITIVE_LENGTH_MEASURE(0.1),#19990);
#21740 = DRAUGHTING_PRE_DEFINED_CURVE_FONT('continuous');
#21741 = STYLED_ITEM('color',(#21742),#7268);
#21742 = PRESENTATION_STYLE_ASSIGNMENT((#21743,#21748));
#21743 = SURFACE_STYLE_USAGE(.BOTH.,#21744);
#21744 = SURFACE_SIDE_STYLE('',(#21745));
#21745 = SURFACE_STYLE_FILL_AREA(#21746);
#21746 = FILL_AREA_STYLE('',(#21747));
#21747 = FILL_AREA_STYLE_COLOUR('',#19990);
#21748 = CURVE_STYLE('',#21749,POSITIVE_LENGTH_MEASURE(0.1),#19990);
#21749 = DRAUGHTING_PRE_DEFINED_CURVE_FONT('continuous');
#21750 = STYLED_ITEM('color',(#21751),#7292);
#21751 = PRESENTATION_STYLE_ASSIGNMENT((#21752,#21757));
#21752 = SURFACE_STYLE_USAGE(.BOTH.,#21753);
#21753 = SURFACE_SIDE_STYLE('',(#21754));
#21754 = SURFACE_STYLE_FILL_AREA(#21755);
#21755 = FILL_AREA_STYLE('',(#21756));
#21756 = FILL_AREA_STYLE_COLOUR('',#19990);
#21757 = CURVE_STYLE('',#21758,POSITIVE_LENGTH_MEASURE(0.1),#19990);
#21758 = DRAUGHTING_PRE_DEFINED_CURVE_FONT('continuous');
#21759 = STYLED_ITEM('color',(#21760),#7360);
#21760 = PRESENTATION_STYLE_ASSIGNMENT((#21761,#21766));
#21761 = SURFACE_STYLE_USAGE(.BOTH.,#21762);
#21762 = SURFACE_SIDE_STYLE('',(#21763));
#21763 = SURFACE_STYLE_FILL_AREA(#21764);
#21764 = FILL_AREA_STYLE('',(#21765));
#21765 = FILL_AREA_STYLE_COLOUR('',#19990);
#21766 = CURVE_STYLE('',#21767,POSITIVE_LENGTH_MEASURE(0.1),#19990);
#21767 = DRAUGHTING_PRE_DEFINED_CURVE_FONT('continuous');
#21768 = STYLED_ITEM('color',(#21769),#7435);
#21769 = PRESENTATION_STYLE_ASSIGNMENT((#21770,#21775));
#21770 = SURFACE_STYLE_USAGE(.BOTH.,#21771);
#21771 = SURFACE_SIDE_STYLE('',(#21772));
#21772 = SURFACE_STYLE_FILL_AREA(#21773);
#21773 = FILL_AREA_STYLE('',(#21774));
#21774 = FILL_AREA_STYLE_COLOUR('',#19990);
#21775 = CURVE_STYLE('',#21776,POSITIVE_LENGTH_MEASURE(0.1),#19990);
#21776 = DRAUGHTING_PRE_DEFINED_CURVE_FONT('continuous');
#21777 = STYLED_ITEM('color',(#21778),#7459);
#21778 = PRESENTATION_STYLE_ASSIGNMENT((#21779,#21784));
#21779 = SURFACE_STYLE_USAGE(.BOTH.,#21780);
#21780 = SURFACE_SIDE_STYLE('',(#21781));
#21781 = SURFACE_STYLE_FILL_AREA(#21782);
#21782 = FILL_AREA_STYLE('',(#21783));
#21783 = FILL_AREA_STYLE_COLOUR('',#19990);
#21784 = CURVE_STYLE('',#21785,POSITIVE_LENGTH_MEASURE(0.1),#19990);
#21785 = DRAUGHTING_PRE_DEFINED_CURVE_FONT('continuous');
#21786 = STYLED_ITEM('color',(#21787),#7527);
#21787 = PRESENTATION_STYLE_ASSIGNMENT((#21788,#21793));
#21788 = SURFACE_STYLE_USAGE(.BOTH.,#21789);
#21789 = SURFACE_SIDE_STYLE('',(#21790));
#21790 = SURFACE_STYLE_FILL_AREA(#21791);
#21791 = FILL_AREA_STYLE('',(#21792));
#21792 = FILL_AREA_STYLE_COLOUR('',#19990);
#21793 = CURVE_STYLE('',#21794,POSITIVE_LENGTH_MEASURE(0.1),#19990);
#21794 = DRAUGHTING_PRE_DEFINED_CURVE_FONT('continuous');
#21795 = STYLED_ITEM('color',(#21796),#7544);
#21796 = PRESENTATION_STYLE_ASSIGNMENT((#21797,#21802));
#21797 = SURFACE_STYLE_USAGE(.BOTH.,#21798);
#21798 = SURFACE_SIDE_STYLE('',(#21799));
#21799 = SURFACE_STYLE_FILL_AREA(#21800);
#21800 = FILL_AREA_STYLE('',(#21801));
#21801 = FILL_AREA_STYLE_COLOUR('',#19990);
#21802 = CURVE_STYLE('',#21803,POSITIVE_LENGTH_MEASURE(0.1),#19990);
#21803 = DRAUGHTING_PRE_DEFINED_CURVE_FONT('continuous');
#21804 = STYLED_ITEM('color',(#21805),#7561);
#21805 = PRESENTATION_STYLE_ASSIGNMENT((#21806,#21811));
#21806 = SURFACE_STYLE_USAGE(.BOTH.,#21807);
#21807 = SURFACE_SIDE_STYLE('',(#21808));
#21808 = SURFACE_STYLE_FILL_AREA(#21809);
#21809 = FILL_AREA_STYLE('',(#21810));
#21810 = FILL_AREA_STYLE_COLOUR('',#20185);
#21811 = CURVE_STYLE('',#21812,POSITIVE_LENGTH_MEASURE(0.1),#20185);
#21812 = DRAUGHTING_PRE_DEFINED_CURVE_FONT('continuous');
#21813 = STYLED_ITEM('color',(#21814),#7607);
#21814 = PRESENTATION_STYLE_ASSIGNMENT((#21815,#21820));
#21815 = SURFACE_STYLE_USAGE(.BOTH.,#21816);
#21816 = SURFACE_SIDE_STYLE('',(#21817));
#21817 = SURFACE_STYLE_FILL_AREA(#21818);
#21818 = FILL_AREA_STYLE('',(#21819));
#21819 = FILL_AREA_STYLE_COLOUR('',#20185);
#21820 = CURVE_STYLE('',#21821,POSITIVE_LENGTH_MEASURE(0.1),#20185);
#21821 = DRAUGHTING_PRE_DEFINED_CURVE_FONT('continuous');
#21822 = STYLED_ITEM('color',(#21823),#7623);
#21823 = PRESENTATION_STYLE_ASSIGNMENT((#21824,#21829));
#21824 = SURFACE_STYLE_USAGE(.BOTH.,#21825);
#21825 = SURFACE_SIDE_STYLE('',(#21826));
#21826 = SURFACE_STYLE_FILL_AREA(#21827);
#21827 = FILL_AREA_STYLE('',(#21828));
#21828 = FILL_AREA_STYLE_COLOUR('',#20185);
#21829 = CURVE_STYLE('',#21830,POSITIVE_LENGTH_MEASURE(0.1),#20185);
#21830 = DRAUGHTING_PRE_DEFINED_CURVE_FONT('continuous');
#21831 = STYLED_ITEM('color',(#21832),#7639);
#21832 = PRESENTATION_STYLE_ASSIGNMENT((#21833,#21838));
#21833 = SURFACE_STYLE_USAGE(.BOTH.,#21834);
#21834 = SURFACE_SIDE_STYLE('',(#21835));
#21835 = SURFACE_STYLE_FILL_AREA(#21836);
#21836 = FILL_AREA_STYLE('',(#21837));
#21837 = FILL_AREA_STYLE_COLOUR('',#19990);
#21838 = CURVE_STYLE('',#21839,POSITIVE_LENGTH_MEASURE(0.1),#19990);
#21839 = DRAUGHTING_PRE_DEFINED_CURVE_FONT('continuous');
#21840 = STYLED_ITEM('color',(#21841),#7656);
#21841 = PRESENTATION_STYLE_ASSIGNMENT((#21842,#21847));
#21842 = SURFACE_STYLE_USAGE(.BOTH.,#21843);
#21843 = SURFACE_SIDE_STYLE('',(#21844));
#21844 = SURFACE_STYLE_FILL_AREA(#21845);
#21845 = FILL_AREA_STYLE('',(#21846));
#21846 = FILL_AREA_STYLE_COLOUR('',#20185);
#21847 = CURVE_STYLE('',#21848,POSITIVE_LENGTH_MEASURE(0.1),#20185);
#21848 = DRAUGHTING_PRE_DEFINED_CURVE_FONT('continuous');
#21849 = STYLED_ITEM('color',(#21850),#7668);
#21850 = PRESENTATION_STYLE_ASSIGNMENT((#21851,#21856));
#21851 = SURFACE_STYLE_USAGE(.BOTH.,#21852);
#21852 = SURFACE_SIDE_STYLE('',(#21853));
#21853 = SURFACE_STYLE_FILL_AREA(#21854);
#21854 = FILL_AREA_STYLE('',(#21855));
#21855 = FILL_AREA_STYLE_COLOUR('',#19990);
#21856 = CURVE_STYLE('',#21857,POSITIVE_LENGTH_MEASURE(0.1),#19990);
#21857 = DRAUGHTING_PRE_DEFINED_CURVE_FONT('continuous');
#21858 = STYLED_ITEM('color',(#21859),#7685);
#21859 = PRESENTATION_STYLE_ASSIGNMENT((#21860,#21865));
#21860 = SURFACE_STYLE_USAGE(.BOTH.,#21861);
#21861 = SURFACE_SIDE_STYLE('',(#21862));
#21862 = SURFACE_STYLE_FILL_AREA(#21863);
#21863 = FILL_AREA_STYLE('',(#21864));
#21864 = FILL_AREA_STYLE_COLOUR('',#19990);
#21865 = CURVE_STYLE('',#21866,POSITIVE_LENGTH_MEASURE(0.1),#19990);
#21866 = DRAUGHTING_PRE_DEFINED_CURVE_FONT('continuous');
#21867 = STYLED_ITEM('color',(#21868),#7702);
#21868 = PRESENTATION_STYLE_ASSIGNMENT((#21869,#21874));
#21869 = SURFACE_STYLE_USAGE(.BOTH.,#21870);
#21870 = SURFACE_SIDE_STYLE('',(#21871));
#21871 = SURFACE_STYLE_FILL_AREA(#21872);
#21872 = FILL_AREA_STYLE('',(#21873));
#21873 = FILL_AREA_STYLE_COLOUR('',#19990);
#21874 = CURVE_STYLE('',#21875,POSITIVE_LENGTH_MEASURE(0.1),#19990);
#21875 = DRAUGHTING_PRE_DEFINED_CURVE_FONT('continuous');
#21876 = STYLED_ITEM('color',(#21877),#7719);
#21877 = PRESENTATION_STYLE_ASSIGNMENT((#21878,#21883));
#21878 = SURFACE_STYLE_USAGE(.BOTH.,#21879);
#21879 = SURFACE_SIDE_STYLE('',(#21880));
#21880 = SURFACE_STYLE_FILL_AREA(#21881);
#21881 = FILL_AREA_STYLE('',(#21882));
#21882 = FILL_AREA_STYLE_COLOUR('',#19990);
#21883 = CURVE_STYLE('',#21884,POSITIVE_LENGTH_MEASURE(0.1),#19990);
#21884 = DRAUGHTING_PRE_DEFINED_CURVE_FONT('continuous');
#21885 = STYLED_ITEM('color',(#21886),#7736);
#21886 = PRESENTATION_STYLE_ASSIGNMENT((#21887,#21892));
#21887 = SURFACE_STYLE_USAGE(.BOTH.,#21888);
#21888 = SURFACE_SIDE_STYLE('',(#21889));
#21889 = SURFACE_STYLE_FILL_AREA(#21890);
#21890 = FILL_AREA_STYLE('',(#21891));
#21891 = FILL_AREA_STYLE_COLOUR('',#19990);
#21892 = CURVE_STYLE('',#21893,POSITIVE_LENGTH_MEASURE(0.1),#19990);
#21893 = DRAUGHTING_PRE_DEFINED_CURVE_FONT('continuous');
#21894 = STYLED_ITEM('color',(#21895),#7753);
#21895 = PRESENTATION_STYLE_ASSIGNMENT((#21896,#21901));
#21896 = SURFACE_STYLE_USAGE(.BOTH.,#21897);
#21897 = SURFACE_SIDE_STYLE('',(#21898));
#21898 = SURFACE_STYLE_FILL_AREA(#21899);
#21899 = FILL_AREA_STYLE('',(#21900));
#21900 = FILL_AREA_STYLE_COLOUR('',#19990);
#21901 = CURVE_STYLE('',#21902,POSITIVE_LENGTH_MEASURE(0.1),#19990);
#21902 = DRAUGHTING_PRE_DEFINED_CURVE_FONT('continuous');
#21903 = STYLED_ITEM('color',(#21904),#7770);
#21904 = PRESENTATION_STYLE_ASSIGNMENT((#21905,#21910));
#21905 = SURFACE_STYLE_USAGE(.BOTH.,#21906);
#21906 = SURFACE_SIDE_STYLE('',(#21907));
#21907 = SURFACE_STYLE_FILL_AREA(#21908);
#21908 = FILL_AREA_STYLE('',(#21909));
#21909 = FILL_AREA_STYLE_COLOUR('',#19990);
#21910 = CURVE_STYLE('',#21911,POSITIVE_LENGTH_MEASURE(0.1),#19990);
#21911 = DRAUGHTING_PRE_DEFINED_CURVE_FONT('continuous');
#21912 = STYLED_ITEM('color',(#21913),#7782);
#21913 = PRESENTATION_STYLE_ASSIGNMENT((#21914,#21919));
#21914 = SURFACE_STYLE_USAGE(.BOTH.,#21915);
#21915 = SURFACE_SIDE_STYLE('',(#21916));
#21916 = SURFACE_STYLE_FILL_AREA(#21917);
#21917 = FILL_AREA_STYLE('',(#21918));
#21918 = FILL_AREA_STYLE_COLOUR('',#19990);
#21919 = CURVE_STYLE('',#21920,POSITIVE_LENGTH_MEASURE(0.1),#19990);
#21920 = DRAUGHTING_PRE_DEFINED_CURVE_FONT('continuous');
#21921 = STYLED_ITEM('color',(#21922),#7799);
#21922 = PRESENTATION_STYLE_ASSIGNMENT((#21923,#21928));
#21923 = SURFACE_STYLE_USAGE(.BOTH.,#21924);
#21924 = SURFACE_SIDE_STYLE('',(#21925));
#21925 = SURFACE_STYLE_FILL_AREA(#21926);
#21926 = FILL_AREA_STYLE('',(#21927));
#21927 = FILL_AREA_STYLE_COLOUR('',#19990);
#21928 = CURVE_STYLE('',#21929,POSITIVE_LENGTH_MEASURE(0.1),#19990);
#21929 = DRAUGHTING_PRE_DEFINED_CURVE_FONT('continuous');
#21930 = STYLED_ITEM('color',(#21931),#7816);
#21931 = PRESENTATION_STYLE_ASSIGNMENT((#21932,#21937));
#21932 = SURFACE_STYLE_USAGE(.BOTH.,#21933);
#21933 = SURFACE_SIDE_STYLE('',(#21934));
#21934 = SURFACE_STYLE_FILL_AREA(#21935);
#21935 = FILL_AREA_STYLE('',(#21936));
#21936 = FILL_AREA_STYLE_COLOUR('',#19990);
#21937 = CURVE_STYLE('',#21938,POSITIVE_LENGTH_MEASURE(0.1),#19990);
#21938 = DRAUGHTING_PRE_DEFINED_CURVE_FONT('continuous');
#21939 = STYLED_ITEM('color',(#21940),#7833);
#21940 = PRESENTATION_STYLE_ASSIGNMENT((#21941,#21946));
#21941 = SURFACE_STYLE_USAGE(.BOTH.,#21942);
#21942 = SURFACE_SIDE_STYLE('',(#21943));
#21943 = SURFACE_STYLE_FILL_AREA(#21944);
#21944 = FILL_AREA_STYLE('',(#21945));
#21945 = FILL_AREA_STYLE_COLOUR('',#19990);
#21946 = CURVE_STYLE('',#21947,POSITIVE_LENGTH_MEASURE(0.1),#19990);
#21947 = DRAUGHTING_PRE_DEFINED_CURVE_FONT('continuous');
#21948 = STYLED_ITEM('color',(#21949),#7850);
#21949 = PRESENTATION_STYLE_ASSIGNMENT((#21950,#21955));
#21950 = SURFACE_STYLE_USAGE(.BOTH.,#21951);
#21951 = SURFACE_SIDE_STYLE('',(#21952));
#21952 = SURFACE_STYLE_FILL_AREA(#21953);
#21953 = FILL_AREA_STYLE('',(#21954));
#21954 = FILL_AREA_STYLE_COLOUR('',#19990);
#21955 = CURVE_STYLE('',#21956,POSITIVE_LENGTH_MEASURE(0.1),#19990);
#21956 = DRAUGHTING_PRE_DEFINED_CURVE_FONT('continuous');
#21957 = STYLED_ITEM('color',(#21958),#7867);
#21958 = PRESENTATION_STYLE_ASSIGNMENT((#21959,#21964));
#21959 = SURFACE_STYLE_USAGE(.BOTH.,#21960);
#21960 = SURFACE_SIDE_STYLE('',(#21961));
#21961 = SURFACE_STYLE_FILL_AREA(#21962);
#21962 = FILL_AREA_STYLE('',(#21963));
#21963 = FILL_AREA_STYLE_COLOUR('',#19990);
#21964 = CURVE_STYLE('',#21965,POSITIVE_LENGTH_MEASURE(0.1),#19990);
#21965 = DRAUGHTING_PRE_DEFINED_CURVE_FONT('continuous');
#21966 = STYLED_ITEM('color',(#21967),#7879);
#21967 = PRESENTATION_STYLE_ASSIGNMENT((#21968,#21973));
#21968 = SURFACE_STYLE_USAGE(.BOTH.,#21969);
#21969 = SURFACE_SIDE_STYLE('',(#21970));
#21970 = SURFACE_STYLE_FILL_AREA(#21971);
#21971 = FILL_AREA_STYLE('',(#21972));
#21972 = FILL_AREA_STYLE_COLOUR('',#19990);
#21973 = CURVE_STYLE('',#21974,POSITIVE_LENGTH_MEASURE(0.1),#19990);
#21974 = DRAUGHTING_PRE_DEFINED_CURVE_FONT('continuous');
#21975 = STYLED_ITEM('color',(#21976),#7896);
#21976 = PRESENTATION_STYLE_ASSIGNMENT((#21977,#21982));
#21977 = SURFACE_STYLE_USAGE(.BOTH.,#21978);
#21978 = SURFACE_SIDE_STYLE('',(#21979));
#21979 = SURFACE_STYLE_FILL_AREA(#21980);
#21980 = FILL_AREA_STYLE('',(#21981));
#21981 = FILL_AREA_STYLE_COLOUR('',#19990);
#21982 = CURVE_STYLE('',#21983,POSITIVE_LENGTH_MEASURE(0.1),#19990);
#21983 = DRAUGHTING_PRE_DEFINED_CURVE_FONT('continuous');
#21984 = STYLED_ITEM('color',(#21985),#7913);
#21985 = PRESENTATION_STYLE_ASSIGNMENT((#21986,#21991));
#21986 = SURFACE_STYLE_USAGE(.BOTH.,#21987);
#21987 = SURFACE_SIDE_STYLE('',(#21988));
#21988 = SURFACE_STYLE_FILL_AREA(#21989);
#21989 = FILL_AREA_STYLE('',(#21990));
#21990 = FILL_AREA_STYLE_COLOUR('',#19990);
#21991 = CURVE_STYLE('',#21992,POSITIVE_LENGTH_MEASURE(0.1),#19990);
#21992 = DRAUGHTING_PRE_DEFINED_CURVE_FONT('continuous');
#21993 = STYLED_ITEM('color',(#21994),#7930);
#21994 = PRESENTATION_STYLE_ASSIGNMENT((#21995,#22000));
#21995 = SURFACE_STYLE_USAGE(.BOTH.,#21996);
#21996 = SURFACE_SIDE_STYLE('',(#21997));
#21997 = SURFACE_STYLE_FILL_AREA(#21998);
#21998 = FILL_AREA_STYLE('',(#21999));
#21999 = FILL_AREA_STYLE_COLOUR('',#19990);
#22000 = CURVE_STYLE('',#22001,POSITIVE_LENGTH_MEASURE(0.1),#19990);
#22001 = DRAUGHTING_PRE_DEFINED_CURVE_FONT('continuous');
#22002 = STYLED_ITEM('color',(#22003),#7947);
#22003 = PRESENTATION_STYLE_ASSIGNMENT((#22004,#22009));
#22004 = SURFACE_STYLE_USAGE(.BOTH.,#22005);
#22005 = SURFACE_SIDE_STYLE('',(#22006));
#22006 = SURFACE_STYLE_FILL_AREA(#22007);
#22007 = FILL_AREA_STYLE('',(#22008));
#22008 = FILL_AREA_STYLE_COLOUR('',#19990);
#22009 = CURVE_STYLE('',#22010,POSITIVE_LENGTH_MEASURE(0.1),#19990);
#22010 = DRAUGHTING_PRE_DEFINED_CURVE_FONT('continuous');
#22011 = STYLED_ITEM('color',(#22012),#7964);
#22012 = PRESENTATION_STYLE_ASSIGNMENT((#22013,#22018));
#22013 = SURFACE_STYLE_USAGE(.BOTH.,#22014);
#22014 = SURFACE_SIDE_STYLE('',(#22015));
#22015 = SURFACE_STYLE_FILL_AREA(#22016);
#22016 = FILL_AREA_STYLE('',(#22017));
#22017 = FILL_AREA_STYLE_COLOUR('',#19990);
#22018 = CURVE_STYLE('',#22019,POSITIVE_LENGTH_MEASURE(0.1),#19990);
#22019 = DRAUGHTING_PRE_DEFINED_CURVE_FONT('continuous');
#22020 = STYLED_ITEM('color',(#22021),#7976);
#22021 = PRESENTATION_STYLE_ASSIGNMENT((#22022,#22028));
#22022 = SURFACE_STYLE_USAGE(.BOTH.,#22023);
#22023 = SURFACE_SIDE_STYLE('',(#22024));
#22024 = SURFACE_STYLE_FILL_AREA(#22025);
#22025 = FILL_AREA_STYLE('',(#22026));
#22026 = FILL_AREA_STYLE_COLOUR('',#22027);
#22027 = COLOUR_RGB('',0.690999998585,0.664000007176,0.597999987832);
#22028 = CURVE_STYLE('',#22029,POSITIVE_LENGTH_MEASURE(0.1),#22027);
#22029 = DRAUGHTING_PRE_DEFINED_CURVE_FONT('continuous');
#22030 = MECHANICAL_DESIGN_GEOMETRIC_PRESENTATION_REPRESENTATION('',(
    #22031),#8563);
#22031 = STYLED_ITEM('color',(#22032),#8083);
#22032 = PRESENTATION_STYLE_ASSIGNMENT((#22033,#22039));
#22033 = SURFACE_STYLE_USAGE(.BOTH.,#22034);
#22034 = SURFACE_SIDE_STYLE('',(#22035));
#22035 = SURFACE_STYLE_FILL_AREA(#22036);
#22036 = FILL_AREA_STYLE('',(#22037));
#22037 = FILL_AREA_STYLE_COLOUR('',#22038);
#22038 = COLOUR_RGB('',1.,0.917647049334,0.666666687201);
#22039 = CURVE_STYLE('',#22040,POSITIVE_LENGTH_MEASURE(0.1),#21406);
#22040 = DRAUGHTING_PRE_DEFINED_CURVE_FONT('continuous');
#22041 = MECHANICAL_DESIGN_GEOMETRIC_PRESENTATION_REPRESENTATION('',(
    #22042,#22049,#22056,#22063,#22070,#22077,#22084,#22091,#22098,
    #22105,#22112,#22120,#22127,#22134,#22141,#22148,#22155,#22162,
    #22169,#22176,#22183,#22190,#22197,#22204,#22211,#22218,#22225,
    #22232),#1830);
#22042 = STYLED_ITEM('color',(#22043),#978);
#22043 = PRESENTATION_STYLE_ASSIGNMENT((#22044));
#22044 = SURFACE_STYLE_USAGE(.BOTH.,#22045);
#22045 = SURFACE_SIDE_STYLE('',(#22046));
#22046 = SURFACE_STYLE_FILL_AREA(#22047);
#22047 = FILL_AREA_STYLE('',(#22048));
#22048 = FILL_AREA_STYLE_COLOUR('',#19990);
#22049 = STYLED_ITEM('color',(#22050),#1054);
#22050 = PRESENTATION_STYLE_ASSIGNMENT((#22051));
#22051 = SURFACE_STYLE_USAGE(.BOTH.,#22052);
#22052 = SURFACE_SIDE_STYLE('',(#22053));
#22053 = SURFACE_STYLE_FILL_AREA(#22054);
#22054 = FILL_AREA_STYLE('',(#22055));
#22055 = FILL_AREA_STYLE_COLOUR('',#19990);
#22056 = STYLED_ITEM('color',(#22057),#1085);
#22057 = PRESENTATION_STYLE_ASSIGNMENT((#22058));
#22058 = SURFACE_STYLE_USAGE(.BOTH.,#22059);
#22059 = SURFACE_SIDE_STYLE('',(#22060));
#22060 = SURFACE_STYLE_FILL_AREA(#22061);
#22061 = FILL_AREA_STYLE('',(#22062));
#22062 = FILL_AREA_STYLE_COLOUR('',#19990);
#22063 = STYLED_ITEM('color',(#22064),#1110);
#22064 = PRESENTATION_STYLE_ASSIGNMENT((#22065));
#22065 = SURFACE_STYLE_USAGE(.BOTH.,#22066);
#22066 = SURFACE_SIDE_STYLE('',(#22067));
#22067 = SURFACE_STYLE_FILL_AREA(#22068);
#22068 = FILL_AREA_STYLE('',(#22069));
#22069 = FILL_AREA_STYLE_COLOUR('',#19990);
#22070 = STYLED_ITEM('color',(#22071),#1135);
#22071 = PRESENTATION_STYLE_ASSIGNMENT((#22072));
#22072 = SURFACE_STYLE_USAGE(.BOTH.,#22073);
#22073 = SURFACE_SIDE_STYLE('',(#22074));
#22074 = SURFACE_STYLE_FILL_AREA(#22075);
#22075 = FILL_AREA_STYLE('',(#22076));
#22076 = FILL_AREA_STYLE_COLOUR('',#19990);
#22077 = STYLED_ITEM('color',(#22078),#1159);
#22078 = PRESENTATION_STYLE_ASSIGNMENT((#22079));
#22079 = SURFACE_STYLE_USAGE(.BOTH.,#22080);
#22080 = SURFACE_SIDE_STYLE('',(#22081));
#22081 = SURFACE_STYLE_FILL_AREA(#22082);
#22082 = FILL_AREA_STYLE('',(#22083));
#22083 = FILL_AREA_STYLE_COLOUR('',#19990);
#22084 = STYLED_ITEM('color',(#22085),#1183);
#22085 = PRESENTATION_STYLE_ASSIGNMENT((#22086));
#22086 = SURFACE_STYLE_USAGE(.BOTH.,#22087);
#22087 = SURFACE_SIDE_STYLE('',(#22088));
#22088 = SURFACE_STYLE_FILL_AREA(#22089);
#22089 = FILL_AREA_STYLE('',(#22090));
#22090 = FILL_AREA_STYLE_COLOUR('',#19990);
#22091 = STYLED_ITEM('color',(#22092),#1208);
#22092 = PRESENTATION_STYLE_ASSIGNMENT((#22093));
#22093 = SURFACE_STYLE_USAGE(.BOTH.,#22094);
#22094 = SURFACE_SIDE_STYLE('',(#22095));
#22095 = SURFACE_STYLE_FILL_AREA(#22096);
#22096 = FILL_AREA_STYLE('',(#22097));
#22097 = FILL_AREA_STYLE_COLOUR('',#19990);
#22098 = STYLED_ITEM('color',(#22099),#1233);
#22099 = PRESENTATION_STYLE_ASSIGNMENT((#22100));
#22100 = SURFACE_STYLE_USAGE(.BOTH.,#22101);
#22101 = SURFACE_SIDE_STYLE('',(#22102));
#22102 = SURFACE_STYLE_FILL_AREA(#22103);
#22103 = FILL_AREA_STYLE('',(#22104));
#22104 = FILL_AREA_STYLE_COLOUR('',#19990);
#22105 = STYLED_ITEM('color',(#22106),#1250);
#22106 = PRESENTATION_STYLE_ASSIGNMENT((#22107));
#22107 = SURFACE_STYLE_USAGE(.BOTH.,#22108);
#22108 = SURFACE_SIDE_STYLE('',(#22109));
#22109 = SURFACE_STYLE_FILL_AREA(#22110);
#22110 = FILL_AREA_STYLE('',(#22111));
#22111 = FILL_AREA_STYLE_COLOUR('',#19990);
#22112 = STYLED_ITEM('color',(#22113),#1336);
#22113 = PRESENTATION_STYLE_ASSIGNMENT((#22114));
#22114 = SURFACE_STYLE_USAGE(.BOTH.,#22115);
#22115 = SURFACE_SIDE_STYLE('',(#22116));
#22116 = SURFACE_STYLE_FILL_AREA(#22117);
#22117 = FILL_AREA_STYLE('',(#22118));
#22118 = FILL_AREA_STYLE_COLOUR('',#22119);
#22119 = COLOUR_RGB('',0.379000005575,0.270000008848,0.214999999939);
#22120 = STYLED_ITEM('color',(#22121),#1368);
#22121 = PRESENTATION_STYLE_ASSIGNMENT((#22122));
#22122 = SURFACE_STYLE_USAGE(.BOTH.,#22123);
#22123 = SURFACE_SIDE_STYLE('',(#22124));
#22124 = SURFACE_STYLE_FILL_AREA(#22125);
#22125 = FILL_AREA_STYLE('',(#22126));
#22126 = FILL_AREA_STYLE_COLOUR('',#22119);
#22127 = STYLED_ITEM('color',(#22128),#1392);
#22128 = PRESENTATION_STYLE_ASSIGNMENT((#22129));
#22129 = SURFACE_STYLE_USAGE(.BOTH.,#22130);
#22130 = SURFACE_SIDE_STYLE('',(#22131));
#22131 = SURFACE_STYLE_FILL_AREA(#22132);
#22132 = FILL_AREA_STYLE('',(#22133));
#22133 = FILL_AREA_STYLE_COLOUR('',#22119);
#22134 = STYLED_ITEM('color',(#22135),#1417);
#22135 = PRESENTATION_STYLE_ASSIGNMENT((#22136));
#22136 = SURFACE_STYLE_USAGE(.BOTH.,#22137);
#22137 = SURFACE_SIDE_STYLE('',(#22138));
#22138 = SURFACE_STYLE_FILL_AREA(#22139);
#22139 = FILL_AREA_STYLE('',(#22140));
#22140 = FILL_AREA_STYLE_COLOUR('',#22119);
#22141 = STYLED_ITEM('color',(#22142),#1441);
#22142 = PRESENTATION_STYLE_ASSIGNMENT((#22143));
#22143 = SURFACE_STYLE_USAGE(.BOTH.,#22144);
#22144 = SURFACE_SIDE_STYLE('',(#22145));
#22145 = SURFACE_STYLE_FILL_AREA(#22146);
#22146 = FILL_AREA_STYLE('',(#22147));
#22147 = FILL_AREA_STYLE_COLOUR('',#22119);
#22148 = STYLED_ITEM('color',(#22149),#1466);
#22149 = PRESENTATION_STYLE_ASSIGNMENT((#22150));
#22150 = SURFACE_STYLE_USAGE(.BOTH.,#22151);
#22151 = SURFACE_SIDE_STYLE('',(#22152));
#22152 = SURFACE_STYLE_FILL_AREA(#22153);
#22153 = FILL_AREA_STYLE('',(#22154));
#22154 = FILL_AREA_STYLE_COLOUR('',#22119);
#22155 = STYLED_ITEM('color',(#22156),#1490);
#22156 = PRESENTATION_STYLE_ASSIGNMENT((#22157));
#22157 = SURFACE_STYLE_USAGE(.BOTH.,#22158);
#22158 = SURFACE_SIDE_STYLE('',(#22159));
#22159 = SURFACE_STYLE_FILL_AREA(#22160);
#22160 = FILL_AREA_STYLE('',(#22161));
#22161 = FILL_AREA_STYLE_COLOUR('',#22119);
#22162 = STYLED_ITEM('color',(#22163),#1515);
#22163 = PRESENTATION_STYLE_ASSIGNMENT((#22164));
#22164 = SURFACE_STYLE_USAGE(.BOTH.,#22165);
#22165 = SURFACE_SIDE_STYLE('',(#22166));
#22166 = SURFACE_STYLE_FILL_AREA(#22167);
#22167 = FILL_AREA_STYLE('',(#22168));
#22168 = FILL_AREA_STYLE_COLOUR('',#22119);
#22169 = STYLED_ITEM('color',(#22170),#1532);
#22170 = PRESENTATION_STYLE_ASSIGNMENT((#22171));
#22171 = SURFACE_STYLE_USAGE(.BOTH.,#22172);
#22172 = SURFACE_SIDE_STYLE('',(#22173));
#22173 = SURFACE_STYLE_FILL_AREA(#22174);
#22174 = FILL_AREA_STYLE('',(#22175));
#22175 = FILL_AREA_STYLE_COLOUR('',#19990);
#22176 = STYLED_ITEM('color',(#22177),#1618);
#22177 = PRESENTATION_STYLE_ASSIGNMENT((#22178));
#22178 = SURFACE_STYLE_USAGE(.BOTH.,#22179);
#22179 = SURFACE_SIDE_STYLE('',(#22180));
#22180 = SURFACE_STYLE_FILL_AREA(#22181);
#22181 = FILL_AREA_STYLE('',(#22182));
#22182 = FILL_AREA_STYLE_COLOUR('',#19990);
#22183 = STYLED_ITEM('color',(#22184),#1649);
#22184 = PRESENTATION_STYLE_ASSIGNMENT((#22185));
#22185 = SURFACE_STYLE_USAGE(.BOTH.,#22186);
#22186 = SURFACE_SIDE_STYLE('',(#22187));
#22187 = SURFACE_STYLE_FILL_AREA(#22188);
#22188 = FILL_AREA_STYLE('',(#22189));
#22189 = FILL_AREA_STYLE_COLOUR('',#19990);
#22190 = STYLED_ITEM('color',(#22191),#1674);
#22191 = PRESENTATION_STYLE_ASSIGNMENT((#22192));
#22192 = SURFACE_STYLE_USAGE(.BOTH.,#22193);
#22193 = SURFACE_SIDE_STYLE('',(#22194));
#22194 = SURFACE_STYLE_FILL_AREA(#22195);
#22195 = FILL_AREA_STYLE('',(#22196));
#22196 = FILL_AREA_STYLE_COLOUR('',#19990);
#22197 = STYLED_ITEM('color',(#22198),#1699);
#22198 = PRESENTATION_STYLE_ASSIGNMENT((#22199));
#22199 = SURFACE_STYLE_USAGE(.BOTH.,#22200);
#22200 = SURFACE_SIDE_STYLE('',(#22201));
#22201 = SURFACE_STYLE_FILL_AREA(#22202);
#22202 = FILL_AREA_STYLE('',(#22203));
#22203 = FILL_AREA_STYLE_COLOUR('',#19990);
#22204 = STYLED_ITEM('color',(#22205),#1723);
#22205 = PRESENTATION_STYLE_ASSIGNMENT((#22206));
#22206 = SURFACE_STYLE_USAGE(.BOTH.,#22207);
#22207 = SURFACE_SIDE_STYLE('',(#22208));
#22208 = SURFACE_STYLE_FILL_AREA(#22209);
#22209 = FILL_AREA_STYLE('',(#22210));
#22210 = FILL_AREA_STYLE_COLOUR('',#19990);
#22211 = STYLED_ITEM('color',(#22212),#1747);
#22212 = PRESENTATION_STYLE_ASSIGNMENT((#22213));
#22213 = SURFACE_STYLE_USAGE(.BOTH.,#22214);
#22214 = SURFACE_SIDE_STYLE('',(#22215));
#22215 = SURFACE_STYLE_FILL_AREA(#22216);
#22216 = FILL_AREA_STYLE('',(#22217));
#22217 = FILL_AREA_STYLE_COLOUR('',#19990);
#22218 = STYLED_ITEM('color',(#22219),#1772);
#22219 = PRESENTATION_STYLE_ASSIGNMENT((#22220));
#22220 = SURFACE_STYLE_USAGE(.BOTH.,#22221);
#22221 = SURFACE_SIDE_STYLE('',(#22222));
#22222 = SURFACE_STYLE_FILL_AREA(#22223);
#22223 = FILL_AREA_STYLE('',(#22224));
#22224 = FILL_AREA_STYLE_COLOUR('',#19990);
#22225 = STYLED_ITEM('color',(#22226),#1797);
#22226 = PRESENTATION_STYLE_ASSIGNMENT((#22227));
#22227 = SURFACE_STYLE_USAGE(.BOTH.,#22228);
#22228 = SURFACE_SIDE_STYLE('',(#22229));
#22229 = SURFACE_STYLE_FILL_AREA(#22230);
#22230 = FILL_AREA_STYLE('',(#22231));
#22231 = FILL_AREA_STYLE_COLOUR('',#19990);
#22232 = STYLED_ITEM('color',(#22233),#1814);
#22233 = PRESENTATION_STYLE_ASSIGNMENT((#22234));
#22234 = SURFACE_STYLE_USAGE(.BOTH.,#22235);
#22235 = SURFACE_SIDE_STYLE('',(#22236));
#22236 = SURFACE_STYLE_FILL_AREA(#22237);
#22237 = FILL_AREA_STYLE('',(#22238));
#22238 = FILL_AREA_STYLE_COLOUR('',#19990);
#22239 = MECHANICAL_DESIGN_GEOMETRIC_PRESENTATION_REPRESENTATION('',(
    #22240),#19029);
#22240 = STYLED_ITEM('color',(#22241),#9083);
#22241 = PRESENTATION_STYLE_ASSIGNMENT((#22242,#22248));
#22242 = SURFACE_STYLE_USAGE(.BOTH.,#22243);
#22243 = SURFACE_SIDE_STYLE('',(#22244));
#22244 = SURFACE_STYLE_FILL_AREA(#22245);
#22245 = FILL_AREA_STYLE('',(#22246));
#22246 = FILL_AREA_STYLE_COLOUR('',#22247);
#22247 = COLOUR_RGB('',0.784313732475,0.784313732475,0.784313732475);
#22248 = CURVE_STYLE('',#22249,POSITIVE_LENGTH_MEASURE(0.1),#21406);
#22249 = DRAUGHTING_PRE_DEFINED_CURVE_FONT('continuous');
ENDSEC;
END-ISO-10303-21;
